2025-02-25 10:37:41,460 - server - /home/marcuswrrn/Projects/Federated-Learning/src/coordination/server/__init__.py - create_app - 25 : Starting up server
2025-02-25 10:37:41,460 - server - /home/marcuswrrn/Projects/Federated-Learning/src/coordination/server/__init__.py - create_app - 31 : Database path : /home/marcuswrrn/Projects/Federated-Learning/src/coordination/instance/db.sqlite
2025-02-25 10:37:41,461 - server - /home/marcuswrrn/Projects/Federated-Learning/src/coordination/server/__init__.py - create_app - 45 : Map([<Rule '/static/<filename>' (GET, HEAD, OPTIONS) -> static>,
 <Rule '/training/get_model/<model_id>' (GET, HEAD, OPTIONS) -> training.get_model>,
 <Rule '/training/upload-model' (POST, OPTIONS) -> training.upload_model>,
 <Rule '/training/display_models' (GET, HEAD, OPTIONS) -> training.display>,
 <Rule '/training/ping' (POST, OPTIONS) -> training.ping_server>,
 <Rule '/training/initialize' (POST, OPTIONS) -> training.init_training>,
 <Rule '/training/shutdown' (GET, HEAD, OPTIONS) -> training.shutdown>,
 <Rule '/training/connect_test' (POST, GET, HEAD, OPTIONS) -> training.connected>])
2025-02-25 10:37:41,462 - server - /home/marcuswrrn/Projects/Federated-Learning/src/coordination/server/aggregation.py - check_database - 11 : Starting database check
2025-02-25 10:39:10,774 - server - /home/marcuswrrn/Projects/Federated-Learning/src/coordination/server/server.py - init_training - 106 : New Super round
2025-02-25 10:39:10,775 - server - /home/marcuswrrn/Projects/Federated-Learning/src/coordination/server/server.py - init_training - 107 : Start training
2025-02-25 10:39:10,787 - server - /home/marcuswrrn/Projects/Federated-Learning/src/coordination/server/server.py - init_training - 125 : Round initializer
2025-02-25 10:39:10,796 - server - /home/marcuswrrn/Projects/Federated-Learning/src/coordination/server/aggregation.py - check_database - 19 : Training round : 1
2025-02-25 10:39:40,827 - server - /home/marcuswrrn/Projects/Federated-Learning/src/coordination/server/aggregation.py - check_database - 19 : Training round : 1
2025-02-25 10:40:10,854 - server - /home/marcuswrrn/Projects/Federated-Learning/src/coordination/server/aggregation.py - check_database - 19 : Training round : 1
2025-02-25 10:40:40,885 - server - /home/marcuswrrn/Projects/Federated-Learning/src/coordination/server/aggregation.py - check_database - 19 : Training round : 1
2025-02-25 10:41:10,916 - server - /home/marcuswrrn/Projects/Federated-Learning/src/coordination/server/aggregation.py - check_database - 19 : Training round : 1
2025-02-25 10:41:40,936 - server - /home/marcuswrrn/Projects/Federated-Learning/src/coordination/server/aggregation.py - check_database - 19 : Training round : 1
2025-02-25 10:42:10,967 - server - /home/marcuswrrn/Projects/Federated-Learning/src/coordination/server/aggregation.py - check_database - 19 : Training round : 1
2025-02-25 10:42:40,998 - server - /home/marcuswrrn/Projects/Federated-Learning/src/coordination/server/aggregation.py - check_database - 19 : Training round : 1
2025-02-25 10:42:41,509 - server - /home/marcuswrrn/Projects/Federated-Learning/src/coordination/server/server.py - get_model - 18 : Getting model to /home/marcuswrrn/Projects/Federated-Learning/src/coordination/instance/super_round_1/training_round_1/7929c74e3337a7df35d46a8ce4f7f661.pth
2025-02-25 10:42:54,386 - server - /home/marcuswrrn/Projects/Federated-Learning/src/coordination/server/server.py - upload_model - 35 : Received client model from : 8c09812f623883b067b6408f1b043bfd
2025-02-25 10:43:11,024 - server - /home/marcuswrrn/Projects/Federated-Learning/src/coordination/server/aggregation.py - check_database - 19 : Training round : 1
2025-02-25 10:43:11,024 - server - /home/marcuswrrn/Projects/Federated-Learning/src/coordination/server/aggregation.py - check_database - 30 : Aggregating
2025-02-25 10:43:11,099 - server - /home/marcuswrrn/Projects/Federated-Learning/src/coordination/server/aggregation.py - check_database - 44 : Loading Client ID : 8c09812f623883b067b6408f1b043bfd . Loading file /home/marcuswrrn/Projects/Federated-Learning/src/coordination/instance/super_round_1/training_round_1/client_models/8c09812f623883b067b6408f1b043bfd.pth
2025-02-25 10:43:11,234 - server - /home/marcuswrrn/Projects/Federated-Learning/src/coordination/server/validation.py - validation - 41 : Running validation ...
2025-02-25 10:43:21,954 - server - /home/marcuswrrn/Projects/Federated-Learning/src/coordination/server/validation.py - validation - 97 : Accuracy: 0.18052256532066507,
2025-02-25 10:43:21,954 - server - /home/marcuswrrn/Projects/Federated-Learning/src/coordination/server/validation.py - validation - 108 : Micro Recall 0.18052256532066507, Macro Recall 0.030087094220110844, Weighted Recall 0.18052256532066507

2025-02-25 10:43:21,954 - server - /home/marcuswrrn/Projects/Federated-Learning/src/coordination/server/validation.py - validation - 116 : Micro Precision 0.18052256532066507, Macro Precision 0.16666666666666666, Weighted Precision 1.0

2025-02-25 10:43:21,954 - server - /home/marcuswrrn/Projects/Federated-Learning/src/coordination/server/validation.py - validation - 123 : F1 Precision 0.18052256532066507, F1 Precision 0.05097250167672703, F1 Precision 1.0

2025-02-25 10:43:21,955 - server - /home/marcuswrrn/Projects/Federated-Learning/src/coordination/server/validation.py - validation - 131 : AUC Precision 0.0, AUC Precision 0.0, AUC Precision 0.0

2025-02-25 10:43:21,973 - server - /home/marcuswrrn/Projects/Federated-Learning/src/coordination/server/aggregation.py - check_database - 79 : Checking if done training (max round hit)
2025-02-25 10:43:21,973 - server - /home/marcuswrrn/Projects/Federated-Learning/src/coordination/server/aggregation.py - check_database - 80 : current round: 1, current + 1 : 2. max : 10
2025-02-25 10:43:22,012 - server - /home/marcuswrrn/Projects/Federated-Learning/src/coordination/server/aggregation.py - check_database - 90 : Starting training round 2
2025-02-25 10:43:24,456 - server - /home/marcuswrrn/Projects/Federated-Learning/src/coordination/server/server.py - get_model - 18 : Getting model to /home/marcuswrrn/Projects/Federated-Learning/src/coordination/instance/super_round_1/training_round_2/250031920f5814b9bfc23e4b0ac45242.pth
2025-02-25 10:43:38,197 - server - /home/marcuswrrn/Projects/Federated-Learning/src/coordination/server/server.py - upload_model - 35 : Received client model from : 8c09812f623883b067b6408f1b043bfd
2025-02-25 10:43:52,043 - server - /home/marcuswrrn/Projects/Federated-Learning/src/coordination/server/aggregation.py - check_database - 19 : Training round : 2
2025-02-25 10:43:52,043 - server - /home/marcuswrrn/Projects/Federated-Learning/src/coordination/server/aggregation.py - check_database - 30 : Aggregating
2025-02-25 10:43:52,094 - server - /home/marcuswrrn/Projects/Federated-Learning/src/coordination/server/aggregation.py - check_database - 44 : Loading Client ID : 8c09812f623883b067b6408f1b043bfd . Loading file /home/marcuswrrn/Projects/Federated-Learning/src/coordination/instance/super_round_1/training_round_2/client_models/8c09812f623883b067b6408f1b043bfd.pth
2025-02-25 10:43:52,224 - server - /home/marcuswrrn/Projects/Federated-Learning/src/coordination/server/validation.py - validation - 41 : Running validation ...
2025-02-25 10:44:01,405 - server - /home/marcuswrrn/Projects/Federated-Learning/src/coordination/server/validation.py - validation - 97 : Accuracy: 0.18052256532066507,
2025-02-25 10:44:01,405 - server - /home/marcuswrrn/Projects/Federated-Learning/src/coordination/server/validation.py - validation - 108 : Micro Recall 0.18052256532066507, Macro Recall 0.030087094220110844, Weighted Recall 0.18052256532066507

2025-02-25 10:44:01,413 - server - /home/marcuswrrn/Projects/Federated-Learning/src/coordination/server/validation.py - validation - 116 : Micro Precision 0.18052256532066507, Macro Precision 0.16666666666666666, Weighted Precision 1.0

2025-02-25 10:44:01,413 - server - /home/marcuswrrn/Projects/Federated-Learning/src/coordination/server/validation.py - validation - 123 : F1 Precision 0.18052256532066507, F1 Precision 0.05097250167672703, F1 Precision 1.0

2025-02-25 10:44:01,413 - server - /home/marcuswrrn/Projects/Federated-Learning/src/coordination/server/validation.py - validation - 131 : AUC Precision 0.0, AUC Precision 0.0, AUC Precision 0.0

2025-02-25 10:44:01,429 - server - /home/marcuswrrn/Projects/Federated-Learning/src/coordination/server/aggregation.py - check_database - 79 : Checking if done training (max round hit)
2025-02-25 10:44:01,429 - server - /home/marcuswrrn/Projects/Federated-Learning/src/coordination/server/aggregation.py - check_database - 80 : current round: 2, current + 1 : 3. max : 10
2025-02-25 10:44:01,470 - server - /home/marcuswrrn/Projects/Federated-Learning/src/coordination/server/aggregation.py - check_database - 90 : Starting training round 3
2025-02-25 10:44:08,265 - server - /home/marcuswrrn/Projects/Federated-Learning/src/coordination/server/server.py - get_model - 18 : Getting model to /home/marcuswrrn/Projects/Federated-Learning/src/coordination/instance/super_round_1/training_round_3/b433cad7b61bd725b0d182459f0afd3f.pth
2025-02-25 10:44:20,573 - server - /home/marcuswrrn/Projects/Federated-Learning/src/coordination/server/server.py - upload_model - 35 : Received client model from : 8c09812f623883b067b6408f1b043bfd
2025-02-25 10:44:31,472 - server - /home/marcuswrrn/Projects/Federated-Learning/src/coordination/server/aggregation.py - check_database - 19 : Training round : 3
2025-02-25 10:44:31,472 - server - /home/marcuswrrn/Projects/Federated-Learning/src/coordination/server/aggregation.py - check_database - 30 : Aggregating
2025-02-25 10:44:31,527 - server - /home/marcuswrrn/Projects/Federated-Learning/src/coordination/server/aggregation.py - check_database - 44 : Loading Client ID : 8c09812f623883b067b6408f1b043bfd . Loading file /home/marcuswrrn/Projects/Federated-Learning/src/coordination/instance/super_round_1/training_round_3/client_models/8c09812f623883b067b6408f1b043bfd.pth
2025-02-25 10:44:31,663 - server - /home/marcuswrrn/Projects/Federated-Learning/src/coordination/server/validation.py - validation - 41 : Running validation ...
2025-02-25 10:44:41,979 - server - /home/marcuswrrn/Projects/Federated-Learning/src/coordination/server/validation.py - validation - 97 : Accuracy: 0.18052256532066507,
2025-02-25 10:44:41,979 - server - /home/marcuswrrn/Projects/Federated-Learning/src/coordination/server/validation.py - validation - 108 : Micro Recall 0.18052256532066507, Macro Recall 0.030087094220110844, Weighted Recall 0.18052256532066507

2025-02-25 10:44:41,980 - server - /home/marcuswrrn/Projects/Federated-Learning/src/coordination/server/validation.py - validation - 116 : Micro Precision 0.18052256532066507, Macro Precision 0.16666666666666666, Weighted Precision 1.0

2025-02-25 10:44:41,980 - server - /home/marcuswrrn/Projects/Federated-Learning/src/coordination/server/validation.py - validation - 123 : F1 Precision 0.18052256532066507, F1 Precision 0.05097250167672703, F1 Precision 1.0

2025-02-25 10:44:41,980 - server - /home/marcuswrrn/Projects/Federated-Learning/src/coordination/server/validation.py - validation - 131 : AUC Precision 0.0, AUC Precision 0.0, AUC Precision 0.0

2025-02-25 10:44:41,995 - server - /home/marcuswrrn/Projects/Federated-Learning/src/coordination/server/aggregation.py - check_database - 79 : Checking if done training (max round hit)
2025-02-25 10:44:41,995 - server - /home/marcuswrrn/Projects/Federated-Learning/src/coordination/server/aggregation.py - check_database - 80 : current round: 3, current + 1 : 4. max : 10
2025-02-25 10:44:42,036 - server - /home/marcuswrrn/Projects/Federated-Learning/src/coordination/server/aggregation.py - check_database - 90 : Starting training round 4
2025-02-25 10:44:50,641 - server - /home/marcuswrrn/Projects/Federated-Learning/src/coordination/server/server.py - get_model - 18 : Getting model to /home/marcuswrrn/Projects/Federated-Learning/src/coordination/instance/super_round_1/training_round_4/1b95035a1f754f3a0d0458a515f3c2d8.pth
2025-02-25 10:45:03,506 - server - /home/marcuswrrn/Projects/Federated-Learning/src/coordination/server/server.py - upload_model - 35 : Received client model from : 8c09812f623883b067b6408f1b043bfd
2025-02-25 10:45:12,067 - server - /home/marcuswrrn/Projects/Federated-Learning/src/coordination/server/aggregation.py - check_database - 19 : Training round : 4
2025-02-25 10:45:12,067 - server - /home/marcuswrrn/Projects/Federated-Learning/src/coordination/server/aggregation.py - check_database - 30 : Aggregating
2025-02-25 10:45:12,112 - server - /home/marcuswrrn/Projects/Federated-Learning/src/coordination/server/aggregation.py - check_database - 44 : Loading Client ID : 8c09812f623883b067b6408f1b043bfd . Loading file /home/marcuswrrn/Projects/Federated-Learning/src/coordination/instance/super_round_1/training_round_4/client_models/8c09812f623883b067b6408f1b043bfd.pth
2025-02-25 10:45:12,233 - server - /home/marcuswrrn/Projects/Federated-Learning/src/coordination/server/validation.py - validation - 41 : Running validation ...
2025-02-25 10:45:24,607 - server - /home/marcuswrrn/Projects/Federated-Learning/src/coordination/server/validation.py - validation - 97 : Accuracy: 0.18052256532066507,
2025-02-25 10:45:24,607 - server - /home/marcuswrrn/Projects/Federated-Learning/src/coordination/server/validation.py - validation - 108 : Micro Recall 0.18052256532066507, Macro Recall 0.030087094220110844, Weighted Recall 0.18052256532066507

2025-02-25 10:45:24,607 - server - /home/marcuswrrn/Projects/Federated-Learning/src/coordination/server/validation.py - validation - 116 : Micro Precision 0.18052256532066507, Macro Precision 0.16666666666666666, Weighted Precision 1.0

2025-02-25 10:45:24,607 - server - /home/marcuswrrn/Projects/Federated-Learning/src/coordination/server/validation.py - validation - 123 : F1 Precision 0.18052256532066507, F1 Precision 0.05097250167672703, F1 Precision 1.0

2025-02-25 10:45:24,607 - server - /home/marcuswrrn/Projects/Federated-Learning/src/coordination/server/validation.py - validation - 131 : AUC Precision 0.0, AUC Precision 0.0, AUC Precision 0.0

2025-02-25 10:45:24,634 - server - /home/marcuswrrn/Projects/Federated-Learning/src/coordination/server/aggregation.py - check_database - 79 : Checking if done training (max round hit)
2025-02-25 10:45:24,634 - server - /home/marcuswrrn/Projects/Federated-Learning/src/coordination/server/aggregation.py - check_database - 80 : current round: 4, current + 1 : 5. max : 10
2025-02-25 10:45:24,674 - server - /home/marcuswrrn/Projects/Federated-Learning/src/coordination/server/aggregation.py - check_database - 90 : Starting training round 5
2025-02-25 10:45:33,564 - server - /home/marcuswrrn/Projects/Federated-Learning/src/coordination/server/server.py - get_model - 18 : Getting model to /home/marcuswrrn/Projects/Federated-Learning/src/coordination/instance/super_round_1/training_round_5/6501356ef3065f334e6a5c8a767afe11.pth
2025-02-25 10:45:46,689 - server - /home/marcuswrrn/Projects/Federated-Learning/src/coordination/server/server.py - upload_model - 35 : Received client model from : 8c09812f623883b067b6408f1b043bfd
2025-02-25 10:45:54,705 - server - /home/marcuswrrn/Projects/Federated-Learning/src/coordination/server/aggregation.py - check_database - 19 : Training round : 5
2025-02-25 10:45:54,705 - server - /home/marcuswrrn/Projects/Federated-Learning/src/coordination/server/aggregation.py - check_database - 30 : Aggregating
2025-02-25 10:45:54,753 - server - /home/marcuswrrn/Projects/Federated-Learning/src/coordination/server/aggregation.py - check_database - 44 : Loading Client ID : 8c09812f623883b067b6408f1b043bfd . Loading file /home/marcuswrrn/Projects/Federated-Learning/src/coordination/instance/super_round_1/training_round_5/client_models/8c09812f623883b067b6408f1b043bfd.pth
2025-02-25 10:45:54,881 - server - /home/marcuswrrn/Projects/Federated-Learning/src/coordination/server/validation.py - validation - 41 : Running validation ...
2025-02-25 10:46:04,908 - server - /home/marcuswrrn/Projects/Federated-Learning/src/coordination/server/validation.py - validation - 97 : Accuracy: 0.18221920597217509,
2025-02-25 10:46:04,909 - server - /home/marcuswrrn/Projects/Federated-Learning/src/coordination/server/validation.py - validation - 108 : Micro Recall 0.18221920597217509, Macro Recall 0.03036986766202918, Weighted Recall 0.18221920597217509

2025-02-25 10:46:04,909 - server - /home/marcuswrrn/Projects/Federated-Learning/src/coordination/server/validation.py - validation - 116 : Micro Precision 0.18221920597217509, Macro Precision 0.16666666666666666, Weighted Precision 1.0

2025-02-25 10:46:04,909 - server - /home/marcuswrrn/Projects/Federated-Learning/src/coordination/server/validation.py - validation - 123 : F1 Precision 0.18221920597217509, F1 Precision 0.05137772675086108, F1 Precision 1.0

2025-02-25 10:46:04,909 - server - /home/marcuswrrn/Projects/Federated-Learning/src/coordination/server/validation.py - validation - 131 : AUC Precision 0.0, AUC Precision 0.0, AUC Precision 0.0

2025-02-25 10:46:04,934 - server - /home/marcuswrrn/Projects/Federated-Learning/src/coordination/server/aggregation.py - check_database - 79 : Checking if done training (max round hit)
2025-02-25 10:46:04,934 - server - /home/marcuswrrn/Projects/Federated-Learning/src/coordination/server/aggregation.py - check_database - 80 : current round: 5, current + 1 : 6. max : 10
2025-02-25 10:46:04,974 - server - /home/marcuswrrn/Projects/Federated-Learning/src/coordination/server/aggregation.py - check_database - 90 : Starting training round 6
2025-02-25 10:46:16,766 - server - /home/marcuswrrn/Projects/Federated-Learning/src/coordination/server/server.py - get_model - 18 : Getting model to /home/marcuswrrn/Projects/Federated-Learning/src/coordination/instance/super_round_1/training_round_6/ab94e2578c71b2977af53c253fdc3b85.pth
2025-02-25 10:46:29,190 - server - /home/marcuswrrn/Projects/Federated-Learning/src/coordination/server/server.py - upload_model - 35 : Received client model from : 8c09812f623883b067b6408f1b043bfd
2025-02-25 10:46:35,005 - server - /home/marcuswrrn/Projects/Federated-Learning/src/coordination/server/aggregation.py - check_database - 19 : Training round : 6
2025-02-25 10:46:35,006 - server - /home/marcuswrrn/Projects/Federated-Learning/src/coordination/server/aggregation.py - check_database - 30 : Aggregating
2025-02-25 10:46:35,052 - server - /home/marcuswrrn/Projects/Federated-Learning/src/coordination/server/aggregation.py - check_database - 44 : Loading Client ID : 8c09812f623883b067b6408f1b043bfd . Loading file /home/marcuswrrn/Projects/Federated-Learning/src/coordination/instance/super_round_1/training_round_6/client_models/8c09812f623883b067b6408f1b043bfd.pth
2025-02-25 10:46:35,176 - server - /home/marcuswrrn/Projects/Federated-Learning/src/coordination/server/validation.py - validation - 41 : Running validation ...
2025-02-25 10:46:45,405 - server - /home/marcuswrrn/Projects/Federated-Learning/src/coordination/server/validation.py - validation - 97 : Accuracy: 0.18221920597217509,
2025-02-25 10:46:45,405 - server - /home/marcuswrrn/Projects/Federated-Learning/src/coordination/server/validation.py - validation - 108 : Micro Recall 0.18221920597217509, Macro Recall 0.03036986766202918, Weighted Recall 0.18221920597217509

2025-02-25 10:46:45,405 - server - /home/marcuswrrn/Projects/Federated-Learning/src/coordination/server/validation.py - validation - 116 : Micro Precision 0.18221920597217509, Macro Precision 0.16666666666666666, Weighted Precision 1.0

2025-02-25 10:46:45,405 - server - /home/marcuswrrn/Projects/Federated-Learning/src/coordination/server/validation.py - validation - 123 : F1 Precision 0.18221920597217509, F1 Precision 0.05137772675086108, F1 Precision 1.0

2025-02-25 10:46:45,405 - server - /home/marcuswrrn/Projects/Federated-Learning/src/coordination/server/validation.py - validation - 131 : AUC Precision 0.0, AUC Precision 0.0, AUC Precision 0.0

2025-02-25 10:46:45,430 - server - /home/marcuswrrn/Projects/Federated-Learning/src/coordination/server/aggregation.py - check_database - 79 : Checking if done training (max round hit)
2025-02-25 10:46:45,430 - server - /home/marcuswrrn/Projects/Federated-Learning/src/coordination/server/aggregation.py - check_database - 80 : current round: 6, current + 1 : 7. max : 10
2025-02-25 10:46:45,469 - server - /home/marcuswrrn/Projects/Federated-Learning/src/coordination/server/aggregation.py - check_database - 90 : Starting training round 7
2025-02-25 10:46:58,275 - server - /home/marcuswrrn/Projects/Federated-Learning/src/coordination/server/server.py - get_model - 18 : Getting model to /home/marcuswrrn/Projects/Federated-Learning/src/coordination/instance/super_round_1/training_round_7/b56590e8b3626ca2f2f9ad2f0f456e0d.pth
2025-02-25 10:47:10,949 - server - /home/marcuswrrn/Projects/Federated-Learning/src/coordination/server/server.py - upload_model - 35 : Received client model from : 8c09812f623883b067b6408f1b043bfd
2025-02-25 10:47:15,500 - server - /home/marcuswrrn/Projects/Federated-Learning/src/coordination/server/aggregation.py - check_database - 19 : Training round : 7
2025-02-25 10:47:15,500 - server - /home/marcuswrrn/Projects/Federated-Learning/src/coordination/server/aggregation.py - check_database - 30 : Aggregating
2025-02-25 10:47:15,544 - server - /home/marcuswrrn/Projects/Federated-Learning/src/coordination/server/aggregation.py - check_database - 44 : Loading Client ID : 8c09812f623883b067b6408f1b043bfd . Loading file /home/marcuswrrn/Projects/Federated-Learning/src/coordination/instance/super_round_1/training_round_7/client_models/8c09812f623883b067b6408f1b043bfd.pth
2025-02-25 10:47:15,665 - server - /home/marcuswrrn/Projects/Federated-Learning/src/coordination/server/validation.py - validation - 41 : Running validation ...
2025-02-25 10:47:25,923 - server - /home/marcuswrrn/Projects/Federated-Learning/src/coordination/server/validation.py - validation - 97 : Accuracy: 0.18052256532066507,
2025-02-25 10:47:25,923 - server - /home/marcuswrrn/Projects/Federated-Learning/src/coordination/server/validation.py - validation - 108 : Micro Recall 0.18052256532066507, Macro Recall 0.030087094220110844, Weighted Recall 0.18052256532066507

2025-02-25 10:47:25,923 - server - /home/marcuswrrn/Projects/Federated-Learning/src/coordination/server/validation.py - validation - 116 : Micro Precision 0.18052256532066507, Macro Precision 0.16666666666666666, Weighted Precision 1.0

2025-02-25 10:47:25,924 - server - /home/marcuswrrn/Projects/Federated-Learning/src/coordination/server/validation.py - validation - 123 : F1 Precision 0.18052256532066507, F1 Precision 0.05097250167672703, F1 Precision 1.0

2025-02-25 10:47:25,924 - server - /home/marcuswrrn/Projects/Federated-Learning/src/coordination/server/validation.py - validation - 131 : AUC Precision 0.0, AUC Precision 0.0, AUC Precision 0.0

2025-02-25 10:47:25,948 - server - /home/marcuswrrn/Projects/Federated-Learning/src/coordination/server/aggregation.py - check_database - 79 : Checking if done training (max round hit)
2025-02-25 10:47:25,948 - server - /home/marcuswrrn/Projects/Federated-Learning/src/coordination/server/aggregation.py - check_database - 80 : current round: 7, current + 1 : 8. max : 10
2025-02-25 10:47:25,989 - server - /home/marcuswrrn/Projects/Federated-Learning/src/coordination/server/aggregation.py - check_database - 90 : Starting training round 8
2025-02-25 10:47:41,023 - server - /home/marcuswrrn/Projects/Federated-Learning/src/coordination/server/server.py - get_model - 18 : Getting model to /home/marcuswrrn/Projects/Federated-Learning/src/coordination/instance/super_round_1/training_round_8/2a1a6ad142c911fe72c8c13501381eff.pth
2025-02-25 10:47:54,994 - server - /home/marcuswrrn/Projects/Federated-Learning/src/coordination/server/server.py - upload_model - 35 : Received client model from : 8c09812f623883b067b6408f1b043bfd
2025-02-25 10:47:56,020 - server - /home/marcuswrrn/Projects/Federated-Learning/src/coordination/server/aggregation.py - check_database - 19 : Training round : 8
2025-02-25 10:47:56,020 - server - /home/marcuswrrn/Projects/Federated-Learning/src/coordination/server/aggregation.py - check_database - 30 : Aggregating
2025-02-25 10:47:56,065 - server - /home/marcuswrrn/Projects/Federated-Learning/src/coordination/server/aggregation.py - check_database - 44 : Loading Client ID : 8c09812f623883b067b6408f1b043bfd . Loading file /home/marcuswrrn/Projects/Federated-Learning/src/coordination/instance/super_round_1/training_round_8/client_models/8c09812f623883b067b6408f1b043bfd.pth
2025-02-25 10:47:56,189 - server - /home/marcuswrrn/Projects/Federated-Learning/src/coordination/server/validation.py - validation - 41 : Running validation ...
2025-02-25 10:48:06,044 - server - /home/marcuswrrn/Projects/Federated-Learning/src/coordination/server/validation.py - validation - 97 : Accuracy: 0.18221920597217509,
2025-02-25 10:48:06,045 - server - /home/marcuswrrn/Projects/Federated-Learning/src/coordination/server/validation.py - validation - 108 : Micro Recall 0.18221920597217509, Macro Recall 0.03036986766202918, Weighted Recall 0.18221920597217509

2025-02-25 10:48:06,045 - server - /home/marcuswrrn/Projects/Federated-Learning/src/coordination/server/validation.py - validation - 116 : Micro Precision 0.18221920597217509, Macro Precision 0.16666666666666666, Weighted Precision 1.0

2025-02-25 10:48:06,045 - server - /home/marcuswrrn/Projects/Federated-Learning/src/coordination/server/validation.py - validation - 123 : F1 Precision 0.18221920597217509, F1 Precision 0.05137772675086108, F1 Precision 1.0

2025-02-25 10:48:06,046 - server - /home/marcuswrrn/Projects/Federated-Learning/src/coordination/server/validation.py - validation - 131 : AUC Precision 0.0, AUC Precision 0.0, AUC Precision 0.0

2025-02-25 10:48:06,067 - server - /home/marcuswrrn/Projects/Federated-Learning/src/coordination/server/aggregation.py - check_database - 79 : Checking if done training (max round hit)
2025-02-25 10:48:06,067 - server - /home/marcuswrrn/Projects/Federated-Learning/src/coordination/server/aggregation.py - check_database - 80 : current round: 8, current + 1 : 9. max : 10
2025-02-25 10:48:06,115 - server - /home/marcuswrrn/Projects/Federated-Learning/src/coordination/server/aggregation.py - check_database - 90 : Starting training round 9
2025-02-25 10:48:25,063 - server - /home/marcuswrrn/Projects/Federated-Learning/src/coordination/server/server.py - get_model - 18 : Getting model to /home/marcuswrrn/Projects/Federated-Learning/src/coordination/instance/super_round_1/training_round_9/dbd5b541a49308f106bcaf6bf4c3f62f.pth
2025-02-25 10:48:36,146 - server - /home/marcuswrrn/Projects/Federated-Learning/src/coordination/server/aggregation.py - check_database - 19 : Training round : 9
2025-02-25 10:48:39,217 - server - /home/marcuswrrn/Projects/Federated-Learning/src/coordination/server/server.py - upload_model - 35 : Received client model from : 8c09812f623883b067b6408f1b043bfd
2025-02-25 10:49:06,154 - server - /home/marcuswrrn/Projects/Federated-Learning/src/coordination/server/aggregation.py - check_database - 19 : Training round : 9
2025-02-25 10:49:06,155 - server - /home/marcuswrrn/Projects/Federated-Learning/src/coordination/server/aggregation.py - check_database - 30 : Aggregating
2025-02-25 10:49:06,204 - server - /home/marcuswrrn/Projects/Federated-Learning/src/coordination/server/aggregation.py - check_database - 44 : Loading Client ID : 8c09812f623883b067b6408f1b043bfd . Loading file /home/marcuswrrn/Projects/Federated-Learning/src/coordination/instance/super_round_1/training_round_9/client_models/8c09812f623883b067b6408f1b043bfd.pth
2025-02-25 10:49:06,333 - server - /home/marcuswrrn/Projects/Federated-Learning/src/coordination/server/validation.py - validation - 41 : Running validation ...
2025-02-25 10:49:20,894 - server - /home/marcuswrrn/Projects/Federated-Learning/src/coordination/server/validation.py - validation - 97 : Accuracy: 0.18052256532066507,
2025-02-25 10:49:20,894 - server - /home/marcuswrrn/Projects/Federated-Learning/src/coordination/server/validation.py - validation - 108 : Micro Recall 0.18052256532066507, Macro Recall 0.030087094220110844, Weighted Recall 0.18052256532066507

2025-02-25 10:49:20,894 - server - /home/marcuswrrn/Projects/Federated-Learning/src/coordination/server/validation.py - validation - 116 : Micro Precision 0.18052256532066507, Macro Precision 0.16666666666666666, Weighted Precision 1.0

2025-02-25 10:49:20,894 - server - /home/marcuswrrn/Projects/Federated-Learning/src/coordination/server/validation.py - validation - 123 : F1 Precision 0.18052256532066507, F1 Precision 0.05097250167672703, F1 Precision 1.0

2025-02-25 10:49:20,894 - server - /home/marcuswrrn/Projects/Federated-Learning/src/coordination/server/validation.py - validation - 131 : AUC Precision 0.0, AUC Precision 0.0, AUC Precision 0.0

2025-02-25 10:49:20,919 - server - /home/marcuswrrn/Projects/Federated-Learning/src/coordination/server/aggregation.py - check_database - 79 : Checking if done training (max round hit)
2025-02-25 10:49:20,919 - server - /home/marcuswrrn/Projects/Federated-Learning/src/coordination/server/aggregation.py - check_database - 80 : current round: 9, current + 1 : 10. max : 10
2025-02-25 10:49:20,963 - server - /home/marcuswrrn/Projects/Federated-Learning/src/coordination/server/aggregation.py - check_database - 90 : Starting training round 10
2025-02-25 10:49:39,296 - server - /home/marcuswrrn/Projects/Federated-Learning/src/coordination/server/server.py - get_model - 18 : Getting model to /home/marcuswrrn/Projects/Federated-Learning/src/coordination/instance/super_round_1/training_round_10/965ddf752a7dde2a4dd98f35d5f21846.pth
2025-02-25 10:49:50,994 - server - /home/marcuswrrn/Projects/Federated-Learning/src/coordination/server/aggregation.py - check_database - 19 : Training round : 10
2025-02-25 10:49:53,601 - server - /home/marcuswrrn/Projects/Federated-Learning/src/coordination/server/server.py - upload_model - 35 : Received client model from : 8c09812f623883b067b6408f1b043bfd
2025-02-25 10:50:21,022 - server - /home/marcuswrrn/Projects/Federated-Learning/src/coordination/server/aggregation.py - check_database - 19 : Training round : 10
2025-02-25 10:50:21,022 - server - /home/marcuswrrn/Projects/Federated-Learning/src/coordination/server/aggregation.py - check_database - 30 : Aggregating
2025-02-25 10:50:21,076 - server - /home/marcuswrrn/Projects/Federated-Learning/src/coordination/server/aggregation.py - check_database - 44 : Loading Client ID : 8c09812f623883b067b6408f1b043bfd . Loading file /home/marcuswrrn/Projects/Federated-Learning/src/coordination/instance/super_round_1/training_round_10/client_models/8c09812f623883b067b6408f1b043bfd.pth
2025-02-25 10:50:21,207 - server - /home/marcuswrrn/Projects/Federated-Learning/src/coordination/server/validation.py - validation - 41 : Running validation ...
2025-02-25 10:50:32,884 - server - /home/marcuswrrn/Projects/Federated-Learning/src/coordination/server/validation.py - validation - 97 : Accuracy: 0.18221920597217509,
2025-02-25 10:50:32,884 - server - /home/marcuswrrn/Projects/Federated-Learning/src/coordination/server/validation.py - validation - 108 : Micro Recall 0.18221920597217509, Macro Recall 0.03036986766202918, Weighted Recall 0.18221920597217509

2025-02-25 10:50:32,884 - server - /home/marcuswrrn/Projects/Federated-Learning/src/coordination/server/validation.py - validation - 116 : Micro Precision 0.18221920597217509, Macro Precision 0.16666666666666666, Weighted Precision 1.0

2025-02-25 10:50:32,884 - server - /home/marcuswrrn/Projects/Federated-Learning/src/coordination/server/validation.py - validation - 123 : F1 Precision 0.18221920597217509, F1 Precision 0.05137772675086108, F1 Precision 1.0

2025-02-25 10:50:32,884 - server - /home/marcuswrrn/Projects/Federated-Learning/src/coordination/server/validation.py - validation - 131 : AUC Precision 0.0, AUC Precision 0.0, AUC Precision 0.0

2025-02-25 10:50:32,899 - server - /home/marcuswrrn/Projects/Federated-Learning/src/coordination/server/aggregation.py - check_database - 79 : Checking if done training (max round hit)
2025-02-25 10:50:32,899 - server - /home/marcuswrrn/Projects/Federated-Learning/src/coordination/server/aggregation.py - check_database - 80 : current round: 10, current + 1 : 11. max : 10
2025-02-25 10:50:32,899 - server - /home/marcuswrrn/Projects/Federated-Learning/src/coordination/server/aggregation.py - check_database - 92 : Max rounds has been hit. Training done
2025-02-25 10:51:59,759 - server - /home/marcuswrrn/Projects/Federated-Learning/src/coordination/server/__init__.py - create_app - 25 : Starting up server
2025-02-25 10:51:59,759 - server - /home/marcuswrrn/Projects/Federated-Learning/src/coordination/server/__init__.py - create_app - 31 : Database path : /home/marcuswrrn/Projects/Federated-Learning/src/coordination/instance/db.sqlite
2025-02-25 10:51:59,761 - server - /home/marcuswrrn/Projects/Federated-Learning/src/coordination/server/__init__.py - create_app - 45 : Map([<Rule '/static/<filename>' (OPTIONS, HEAD, GET) -> static>,
 <Rule '/training/get_model/<model_id>' (OPTIONS, HEAD, GET) -> training.get_model>,
 <Rule '/training/upload-model' (OPTIONS, POST) -> training.upload_model>,
 <Rule '/training/display_models' (OPTIONS, HEAD, GET) -> training.display>,
 <Rule '/training/ping' (OPTIONS, POST) -> training.ping_server>,
 <Rule '/training/initialize' (OPTIONS, POST) -> training.init_training>,
 <Rule '/training/shutdown' (OPTIONS, HEAD, GET) -> training.shutdown>,
 <Rule '/training/connect_test' (OPTIONS, HEAD, POST, GET) -> training.connected>])
2025-02-25 10:51:59,762 - server - /home/marcuswrrn/Projects/Federated-Learning/src/coordination/server/aggregation.py - check_database - 11 : Starting database check
2025-02-25 10:53:37,670 - server - /home/marcuswrrn/Projects/Federated-Learning/src/coordination/server/__init__.py - create_app - 25 : Starting up server
2025-02-25 10:53:37,670 - server - /home/marcuswrrn/Projects/Federated-Learning/src/coordination/server/__init__.py - create_app - 31 : Database path : /home/marcuswrrn/Projects/Federated-Learning/src/coordination/instance/db.sqlite
2025-02-25 10:53:37,672 - server - /home/marcuswrrn/Projects/Federated-Learning/src/coordination/server/__init__.py - create_app - 47 : Map([<Rule '/static/<filename>' (HEAD, OPTIONS, GET) -> static>,
 <Rule '/training/get_model/<model_id>' (HEAD, OPTIONS, GET) -> training.get_model>,
 <Rule '/training/upload-model' (OPTIONS, POST) -> training.upload_model>,
 <Rule '/training/display_models' (HEAD, OPTIONS, GET) -> training.display>,
 <Rule '/training/ping' (OPTIONS, POST) -> training.ping_server>,
 <Rule '/training/initialize' (OPTIONS, POST) -> training.init_training>,
 <Rule '/training/shutdown' (HEAD, OPTIONS, GET) -> training.shutdown>,
 <Rule '/training/connect_test' (HEAD, OPTIONS, GET, POST) -> training.connected>,
 <Rule '/view/models/<super_round>' (HEAD, OPTIONS, GET) -> view.models>])
2025-02-25 10:53:37,672 - server - /home/marcuswrrn/Projects/Federated-Learning/src/coordination/server/aggregation.py - check_database - 11 : Starting database check
2025-02-25 11:16:27,112 - server - /home/marcuswrrn/Projects/Federated-Learning/src/coordination/server/__init__.py - create_app - 25 : Starting up server
2025-02-25 11:16:27,112 - server - /home/marcuswrrn/Projects/Federated-Learning/src/coordination/server/__init__.py - create_app - 31 : Database path : /home/marcuswrrn/Projects/Federated-Learning/src/coordination/instance/db.sqlite
2025-02-25 11:16:27,115 - server - /home/marcuswrrn/Projects/Federated-Learning/src/coordination/server/__init__.py - create_app - 47 : Map([<Rule '/static/<filename>' (HEAD, GET, OPTIONS) -> static>,
 <Rule '/training/get_model/<model_id>' (HEAD, GET, OPTIONS) -> training.get_model>,
 <Rule '/training/upload-model' (OPTIONS, POST) -> training.upload_model>,
 <Rule '/training/display_models' (HEAD, GET, OPTIONS) -> training.display>,
 <Rule '/training/ping' (OPTIONS, POST) -> training.ping_server>,
 <Rule '/training/initialize' (OPTIONS, POST) -> training.init_training>,
 <Rule '/training/shutdown' (HEAD, GET, OPTIONS) -> training.shutdown>,
 <Rule '/training/connect_test' (HEAD, GET, OPTIONS, POST) -> training.connected>,
 <Rule '/view/models/<super_round>' (HEAD, GET, OPTIONS) -> view.models>])
2025-02-25 11:16:27,115 - server - /home/marcuswrrn/Projects/Federated-Learning/src/coordination/server/aggregation.py - check_database - 11 : Starting database check
2025-02-25 11:17:01,288 - server - /home/marcuswrrn/Projects/Federated-Learning/src/coordination/server/__init__.py - create_app - 25 : Starting up server
2025-02-25 11:17:01,288 - server - /home/marcuswrrn/Projects/Federated-Learning/src/coordination/server/__init__.py - create_app - 31 : Database path : /home/marcuswrrn/Projects/Federated-Learning/src/coordination/instance/db.sqlite
2025-02-25 11:17:01,290 - server - /home/marcuswrrn/Projects/Federated-Learning/src/coordination/server/__init__.py - create_app - 47 : Map([<Rule '/static/<filename>' (OPTIONS, GET, HEAD) -> static>,
 <Rule '/training/get_model/<model_id>' (OPTIONS, GET, HEAD) -> training.get_model>,
 <Rule '/training/upload-model' (OPTIONS, POST) -> training.upload_model>,
 <Rule '/training/display_models' (OPTIONS, GET, HEAD) -> training.display>,
 <Rule '/training/ping' (OPTIONS, POST) -> training.ping_server>,
 <Rule '/training/initialize' (OPTIONS, POST) -> training.init_training>,
 <Rule '/training/shutdown' (OPTIONS, GET, HEAD) -> training.shutdown>,
 <Rule '/training/connect_test' (OPTIONS, GET, HEAD, POST) -> training.connected>,
 <Rule '/view/models/<super_round>' (OPTIONS, GET, HEAD) -> view.models>])
2025-02-25 11:17:01,290 - server - /home/marcuswrrn/Projects/Federated-Learning/src/coordination/server/aggregation.py - check_database - 11 : Starting database check
2025-02-25 11:18:11,930 - server - /home/marcuswrrn/Projects/Federated-Learning/src/coordination/server/__init__.py - create_app - 25 : Starting up server
2025-02-25 11:18:11,930 - server - /home/marcuswrrn/Projects/Federated-Learning/src/coordination/server/__init__.py - create_app - 31 : Database path : /home/marcuswrrn/Projects/Federated-Learning/src/coordination/instance/db.sqlite
2025-02-25 11:18:11,932 - server - /home/marcuswrrn/Projects/Federated-Learning/src/coordination/server/__init__.py - create_app - 47 : Map([<Rule '/static/<filename>' (HEAD, GET, OPTIONS) -> static>,
 <Rule '/training/get_model/<model_id>' (HEAD, GET, OPTIONS) -> training.get_model>,
 <Rule '/training/upload-model' (POST, OPTIONS) -> training.upload_model>,
 <Rule '/training/display_models' (HEAD, GET, OPTIONS) -> training.display>,
 <Rule '/training/ping' (POST, OPTIONS) -> training.ping_server>,
 <Rule '/training/initialize' (POST, OPTIONS) -> training.init_training>,
 <Rule '/training/shutdown' (HEAD, GET, OPTIONS) -> training.shutdown>,
 <Rule '/training/connect_test' (POST, HEAD, GET, OPTIONS) -> training.connected>,
 <Rule '/view/models/<super_round>' (HEAD, GET, OPTIONS) -> view.models>])
2025-02-25 11:18:11,932 - server - /home/marcuswrrn/Projects/Federated-Learning/src/coordination/server/aggregation.py - check_database - 11 : Starting database check
2025-02-25 11:18:21,344 - server - /home/marcuswrrn/Projects/Federated-Learning/.venv/lib/python3.10/site-packages/flask/app.py - log_exception - 875 : Exception on /view/models/1 [GET]
Traceback (most recent call last):
  File "/home/marcuswrrn/Projects/Federated-Learning/.venv/lib/python3.10/site-packages/flask/app.py", line 1511, in wsgi_app
    response = self.full_dispatch_request()
  File "/home/marcuswrrn/Projects/Federated-Learning/.venv/lib/python3.10/site-packages/flask/app.py", line 919, in full_dispatch_request
    rv = self.handle_user_exception(e)
  File "/home/marcuswrrn/Projects/Federated-Learning/.venv/lib/python3.10/site-packages/flask/app.py", line 917, in full_dispatch_request
    rv = self.dispatch_request()
  File "/home/marcuswrrn/Projects/Federated-Learning/.venv/lib/python3.10/site-packages/flask/app.py", line 902, in dispatch_request
    return self.ensure_sync(self.view_functions[rule.endpoint])(**view_args)  # type: ignore[no-any-return]
  File "/home/marcuswrrn/Projects/Federated-Learning/src/coordination/server/views.py", line 9, in models
    model_accs = db.get_model_accuracies_by_super_round(super_round)
  File "/home/marcuswrrn/Projects/Federated-Learning/src/coordination/server/database_orm.py", line 369, in get_model_accuracies_by_super_round
    self.cursor.execute("""
sqlite3.OperationalError: no such column: tr.current_round
2025-02-25 11:18:32,829 - server - /home/marcuswrrn/Projects/Federated-Learning/src/coordination/server/server.py - init_training - 106 : New Super round
2025-02-25 11:18:32,829 - server - /home/marcuswrrn/Projects/Federated-Learning/src/coordination/server/server.py - init_training - 107 : Start training
2025-02-25 11:18:32,840 - server - /home/marcuswrrn/Projects/Federated-Learning/src/coordination/server/server.py - init_training - 125 : Round initializer
2025-02-25 11:18:38,932 - server - /home/marcuswrrn/Projects/Federated-Learning/src/coordination/server/server.py - get_model - 18 : Getting model to /home/marcuswrrn/Projects/Federated-Learning/src/coordination/instance/super_round_1/training_round_1/b21311ab45022d1e557c7b62ef04dd93.pth
2025-02-25 11:18:51,568 - server - /home/marcuswrrn/Projects/Federated-Learning/src/coordination/server/server.py - upload_model - 35 : Received client model from : 8c09812f623883b067b6408f1b043bfd
2025-02-25 11:21:00,604 - server - /home/marcuswrrn/Projects/Federated-Learning/src/coordination/server/__init__.py - create_app - 25 : Starting up server
2025-02-25 11:21:00,604 - server - /home/marcuswrrn/Projects/Federated-Learning/src/coordination/server/__init__.py - create_app - 31 : Database path : /home/marcuswrrn/Projects/Federated-Learning/src/coordination/instance/db.sqlite
2025-02-25 11:21:00,605 - server - /home/marcuswrrn/Projects/Federated-Learning/src/coordination/server/__init__.py - create_app - 47 : Map([<Rule '/static/<filename>' (OPTIONS, GET, HEAD) -> static>,
 <Rule '/training/get_model/<model_id>' (OPTIONS, GET, HEAD) -> training.get_model>,
 <Rule '/training/upload-model' (OPTIONS, POST) -> training.upload_model>,
 <Rule '/training/display_models' (OPTIONS, GET, HEAD) -> training.display>,
 <Rule '/training/ping' (OPTIONS, POST) -> training.ping_server>,
 <Rule '/training/initialize' (OPTIONS, POST) -> training.init_training>,
 <Rule '/training/shutdown' (OPTIONS, GET, HEAD) -> training.shutdown>,
 <Rule '/training/connect_test' (OPTIONS, POST, GET, HEAD) -> training.connected>,
 <Rule '/view/models/<super_round>' (OPTIONS, GET, HEAD) -> view.models>])
2025-02-25 11:21:00,606 - server - /home/marcuswrrn/Projects/Federated-Learning/src/coordination/server/aggregation.py - check_database - 11 : Starting database check
2025-02-25 11:21:15,684 - server - /home/marcuswrrn/Projects/Federated-Learning/src/coordination/server/server.py - init_training - 106 : New Super round
2025-02-25 11:21:15,684 - server - /home/marcuswrrn/Projects/Federated-Learning/src/coordination/server/server.py - init_training - 107 : Start training
2025-02-25 11:21:15,697 - server - /home/marcuswrrn/Projects/Federated-Learning/src/coordination/server/server.py - init_training - 125 : Round initializer
2025-02-25 11:21:15,705 - server - /home/marcuswrrn/Projects/Federated-Learning/src/coordination/server/aggregation.py - check_database - 19 : Training round : 1
2025-02-25 11:21:19,410 - server - /home/marcuswrrn/Projects/Federated-Learning/src/coordination/server/server.py - get_model - 18 : Getting model to /home/marcuswrrn/Projects/Federated-Learning/src/coordination/instance/super_round_1/training_round_1/3f320821db9f7a854f35fe561fc0d107.pth
2025-02-25 11:21:30,477 - server - /home/marcuswrrn/Projects/Federated-Learning/src/coordination/server/server.py - upload_model - 35 : Received client model from : 8c09812f623883b067b6408f1b043bfd
2025-02-25 11:21:45,737 - server - /home/marcuswrrn/Projects/Federated-Learning/src/coordination/server/aggregation.py - check_database - 19 : Training round : 1
2025-02-25 11:21:45,737 - server - /home/marcuswrrn/Projects/Federated-Learning/src/coordination/server/aggregation.py - check_database - 30 : Aggregating
2025-02-25 11:23:29,901 - server - /home/marcuswrrn/Projects/Federated-Learning/src/coordination/server/__init__.py - create_app - 25 : Starting up server
2025-02-25 11:23:29,901 - server - /home/marcuswrrn/Projects/Federated-Learning/src/coordination/server/__init__.py - create_app - 31 : Database path : /home/marcuswrrn/Projects/Federated-Learning/src/coordination/instance/db.sqlite
2025-02-25 11:23:29,902 - server - /home/marcuswrrn/Projects/Federated-Learning/src/coordination/server/__init__.py - create_app - 47 : Map([<Rule '/static/<filename>' (HEAD, GET, OPTIONS) -> static>,
 <Rule '/training/get_model/<model_id>' (HEAD, GET, OPTIONS) -> training.get_model>,
 <Rule '/training/upload-model' (POST, OPTIONS) -> training.upload_model>,
 <Rule '/training/display_models' (HEAD, GET, OPTIONS) -> training.display>,
 <Rule '/training/ping' (POST, OPTIONS) -> training.ping_server>,
 <Rule '/training/initialize' (POST, OPTIONS) -> training.init_training>,
 <Rule '/training/shutdown' (HEAD, GET, OPTIONS) -> training.shutdown>,
 <Rule '/training/connect_test' (HEAD, GET, POST, OPTIONS) -> training.connected>,
 <Rule '/view/models/<super_round>' (HEAD, GET, OPTIONS) -> view.models>])
2025-02-25 11:23:29,903 - server - /home/marcuswrrn/Projects/Federated-Learning/src/coordination/server/aggregation.py - check_database - 11 : Starting database check
2025-02-25 11:23:33,984 - server - /home/marcuswrrn/Projects/Federated-Learning/src/coordination/server/server.py - init_training - 106 : New Super round
2025-02-25 11:23:33,984 - server - /home/marcuswrrn/Projects/Federated-Learning/src/coordination/server/server.py - init_training - 107 : Start training
2025-02-25 11:23:33,995 - server - /home/marcuswrrn/Projects/Federated-Learning/src/coordination/server/server.py - init_training - 125 : Round initializer
2025-02-25 11:23:34,003 - server - /home/marcuswrrn/Projects/Federated-Learning/src/coordination/server/aggregation.py - check_database - 19 : Training round : 1
2025-02-25 11:23:37,438 - server - /home/marcuswrrn/Projects/Federated-Learning/src/coordination/server/server.py - get_model - 18 : Getting model to /home/marcuswrrn/Projects/Federated-Learning/src/coordination/instance/super_round_1/training_round_1/b6e6b706f896eab318b021deb7720bb5.pth
2025-02-25 11:23:50,308 - server - /home/marcuswrrn/Projects/Federated-Learning/src/coordination/server/server.py - upload_model - 35 : Received client model from : 8c09812f623883b067b6408f1b043bfd
2025-02-25 11:24:04,035 - server - /home/marcuswrrn/Projects/Federated-Learning/src/coordination/server/aggregation.py - check_database - 19 : Training round : 1
2025-02-25 11:24:04,036 - server - /home/marcuswrrn/Projects/Federated-Learning/src/coordination/server/aggregation.py - check_database - 30 : Aggregating
2025-02-25 11:24:04,111 - server - /home/marcuswrrn/Projects/Federated-Learning/src/coordination/server/aggregation.py - check_database - 44 : Loading Client ID : 8c09812f623883b067b6408f1b043bfd . Loading file /home/marcuswrrn/Projects/Federated-Learning/src/coordination/instance/super_round_1/training_round_1/client_models/8c09812f623883b067b6408f1b043bfd.pth
2025-02-25 11:24:04,244 - server - /home/marcuswrrn/Projects/Federated-Learning/src/coordination/server/validation.py - validation - 41 : Running validation ...
2025-02-25 11:24:15,440 - server - /home/marcuswrrn/Projects/Federated-Learning/src/coordination/server/validation.py - validation - 97 : Accuracy: 0.168306752629793,
2025-02-25 11:24:15,440 - server - /home/marcuswrrn/Projects/Federated-Learning/src/coordination/server/validation.py - validation - 108 : Micro Recall 0.168306752629793, Macro Recall 0.028051125438298834, Weighted Recall 0.16830675262979303

2025-02-25 11:24:15,440 - server - /home/marcuswrrn/Projects/Federated-Learning/src/coordination/server/validation.py - validation - 116 : Micro Precision 0.168306752629793, Macro Precision 0.16666666666666666, Weighted Precision 1.0

2025-02-25 11:24:15,440 - server - /home/marcuswrrn/Projects/Federated-Learning/src/coordination/server/validation.py - validation - 123 : F1 Precision 0.168306752629793, F1 Precision 0.04802013747700648, F1 Precision 1.0

2025-02-25 11:24:15,440 - server - /home/marcuswrrn/Projects/Federated-Learning/src/coordination/server/validation.py - validation - 131 : AUC Precision 0.0, AUC Precision 0.0, AUC Precision 0.0

2025-02-25 11:27:37,386 - server - /home/marcuswrrn/Projects/Federated-Learning/src/coordination/server/__init__.py - create_app - 25 : Starting up server
2025-02-25 11:27:37,386 - server - /home/marcuswrrn/Projects/Federated-Learning/src/coordination/server/__init__.py - create_app - 31 : Database path : /home/marcuswrrn/Projects/Federated-Learning/src/coordination/instance/db.sqlite
2025-02-25 11:27:37,388 - server - /home/marcuswrrn/Projects/Federated-Learning/src/coordination/server/__init__.py - create_app - 47 : Map([<Rule '/static/<filename>' (OPTIONS, GET, HEAD) -> static>,
 <Rule '/training/get_model/<model_id>' (OPTIONS, GET, HEAD) -> training.get_model>,
 <Rule '/training/upload-model' (POST, OPTIONS) -> training.upload_model>,
 <Rule '/training/display_models' (OPTIONS, GET, HEAD) -> training.display>,
 <Rule '/training/ping' (POST, OPTIONS) -> training.ping_server>,
 <Rule '/training/initialize' (POST, OPTIONS) -> training.init_training>,
 <Rule '/training/shutdown' (OPTIONS, GET, HEAD) -> training.shutdown>,
 <Rule '/training/connect_test' (POST, OPTIONS, GET, HEAD) -> training.connected>,
 <Rule '/view/models/<super_round>' (OPTIONS, GET, HEAD) -> view.models>])
2025-02-25 11:27:37,388 - server - /home/marcuswrrn/Projects/Federated-Learning/src/coordination/server/aggregation.py - check_database - 11 : Starting database check
2025-02-25 11:27:41,038 - server - /home/marcuswrrn/Projects/Federated-Learning/src/coordination/server/server.py - init_training - 106 : New Super round
2025-02-25 11:27:41,038 - server - /home/marcuswrrn/Projects/Federated-Learning/src/coordination/server/server.py - init_training - 107 : Start training
2025-02-25 11:27:41,051 - server - /home/marcuswrrn/Projects/Federated-Learning/src/coordination/server/server.py - init_training - 125 : Round initializer
2025-02-25 11:27:41,059 - server - /home/marcuswrrn/Projects/Federated-Learning/src/coordination/server/aggregation.py - check_database - 19 : Training round : 1
2025-02-25 11:27:44,536 - server - /home/marcuswrrn/Projects/Federated-Learning/src/coordination/server/server.py - get_model - 18 : Getting model to /home/marcuswrrn/Projects/Federated-Learning/src/coordination/instance/super_round_1/training_round_1/0a69ffd7fbec41c37b5c287adb08fd30.pth
2025-02-25 11:27:57,296 - server - /home/marcuswrrn/Projects/Federated-Learning/src/coordination/server/server.py - upload_model - 35 : Received client model from : 8c09812f623883b067b6408f1b043bfd
2025-02-25 11:28:11,091 - server - /home/marcuswrrn/Projects/Federated-Learning/src/coordination/server/aggregation.py - check_database - 19 : Training round : 1
2025-02-25 11:28:11,091 - server - /home/marcuswrrn/Projects/Federated-Learning/src/coordination/server/aggregation.py - check_database - 30 : Aggregating
2025-02-25 11:28:11,166 - server - /home/marcuswrrn/Projects/Federated-Learning/src/coordination/server/aggregation.py - check_database - 44 : Loading Client ID : 8c09812f623883b067b6408f1b043bfd . Loading file /home/marcuswrrn/Projects/Federated-Learning/src/coordination/instance/super_round_1/training_round_1/client_models/8c09812f623883b067b6408f1b043bfd.pth
2025-02-25 11:28:11,301 - server - /home/marcuswrrn/Projects/Federated-Learning/src/coordination/server/validation.py - validation - 41 : Running validation ...
2025-02-25 11:28:20,779 - server - /home/marcuswrrn/Projects/Federated-Learning/src/coordination/server/validation.py - validation - 97 : Accuracy: 0.168306752629793,
2025-02-25 11:28:20,779 - server - /home/marcuswrrn/Projects/Federated-Learning/src/coordination/server/validation.py - validation - 108 : Micro Recall 0.168306752629793, Macro Recall 0.028051125438298834, Weighted Recall 0.16830675262979303

2025-02-25 11:28:20,779 - server - /home/marcuswrrn/Projects/Federated-Learning/src/coordination/server/validation.py - validation - 116 : Micro Precision 0.168306752629793, Macro Precision 0.16666666666666666, Weighted Precision 1.0

2025-02-25 11:28:20,779 - server - /home/marcuswrrn/Projects/Federated-Learning/src/coordination/server/validation.py - validation - 123 : F1 Precision 0.168306752629793, F1 Precision 0.04802013747700648, F1 Precision 1.0

2025-02-25 11:28:20,779 - server - /home/marcuswrrn/Projects/Federated-Learning/src/coordination/server/validation.py - validation - 131 : AUC Precision 0.0, AUC Precision 0.0, AUC Precision 0.0

2025-02-25 11:28:20,802 - server - /home/marcuswrrn/Projects/Federated-Learning/src/coordination/server/aggregation.py - check_database - 79 : Checking if done training (max round hit)
2025-02-25 11:28:20,802 - server - /home/marcuswrrn/Projects/Federated-Learning/src/coordination/server/aggregation.py - check_database - 80 : current round: 1, current + 1 : 2. max : 10
2025-02-25 11:31:14,645 - server - /home/marcuswrrn/Projects/Federated-Learning/src/coordination/server/__init__.py - create_app - 25 : Starting up server
2025-02-25 11:31:14,646 - server - /home/marcuswrrn/Projects/Federated-Learning/src/coordination/server/__init__.py - create_app - 31 : Database path : /home/marcuswrrn/Projects/Federated-Learning/src/coordination/instance/db.sqlite
2025-02-25 11:31:14,647 - server - /home/marcuswrrn/Projects/Federated-Learning/src/coordination/server/__init__.py - create_app - 47 : Map([<Rule '/static/<filename>' (OPTIONS, GET, HEAD) -> static>,
 <Rule '/training/get_model/<model_id>' (OPTIONS, GET, HEAD) -> training.get_model>,
 <Rule '/training/upload-model' (OPTIONS, POST) -> training.upload_model>,
 <Rule '/training/display_models' (OPTIONS, GET, HEAD) -> training.display>,
 <Rule '/training/ping' (OPTIONS, POST) -> training.ping_server>,
 <Rule '/training/initialize' (OPTIONS, POST) -> training.init_training>,
 <Rule '/training/shutdown' (OPTIONS, GET, HEAD) -> training.shutdown>,
 <Rule '/training/connect_test' (OPTIONS, POST, GET, HEAD) -> training.connected>,
 <Rule '/view/models/<super_round>' (OPTIONS, GET, HEAD) -> view.models>])
2025-02-25 11:31:14,648 - server - /home/marcuswrrn/Projects/Federated-Learning/src/coordination/server/aggregation.py - check_database - 11 : Starting database check
2025-02-25 11:31:14,649 - server - /home/marcuswrrn/Projects/Federated-Learning/src/coordination/server/aggregation.py - check_database - 19 : Training round : 1
2025-02-25 11:31:24,565 - server - /home/marcuswrrn/Projects/Federated-Learning/src/coordination/server/__init__.py - create_app - 25 : Starting up server
2025-02-25 11:31:24,565 - server - /home/marcuswrrn/Projects/Federated-Learning/src/coordination/server/__init__.py - create_app - 31 : Database path : /home/marcuswrrn/Projects/Federated-Learning/src/coordination/instance/db.sqlite
2025-02-25 11:31:24,566 - server - /home/marcuswrrn/Projects/Federated-Learning/src/coordination/server/__init__.py - create_app - 47 : Map([<Rule '/static/<filename>' (OPTIONS, GET, HEAD) -> static>,
 <Rule '/training/get_model/<model_id>' (OPTIONS, GET, HEAD) -> training.get_model>,
 <Rule '/training/upload-model' (OPTIONS, POST) -> training.upload_model>,
 <Rule '/training/display_models' (OPTIONS, GET, HEAD) -> training.display>,
 <Rule '/training/ping' (OPTIONS, POST) -> training.ping_server>,
 <Rule '/training/initialize' (OPTIONS, POST) -> training.init_training>,
 <Rule '/training/shutdown' (OPTIONS, GET, HEAD) -> training.shutdown>,
 <Rule '/training/connect_test' (OPTIONS, GET, HEAD, POST) -> training.connected>,
 <Rule '/view/models/<super_round>' (OPTIONS, GET, HEAD) -> view.models>])
2025-02-25 11:31:24,567 - server - /home/marcuswrrn/Projects/Federated-Learning/src/coordination/server/aggregation.py - check_database - 11 : Starting database check
2025-02-25 11:31:34,769 - server - /home/marcuswrrn/Projects/Federated-Learning/src/coordination/server/server.py - init_training - 106 : New Super round
2025-02-25 11:31:34,769 - server - /home/marcuswrrn/Projects/Federated-Learning/src/coordination/server/server.py - init_training - 107 : Start training
2025-02-25 11:31:34,782 - server - /home/marcuswrrn/Projects/Federated-Learning/src/coordination/server/server.py - init_training - 125 : Round initializer
2025-02-25 11:31:34,790 - server - /home/marcuswrrn/Projects/Federated-Learning/src/coordination/server/aggregation.py - check_database - 19 : Training round : 1
2025-02-25 11:31:42,466 - server - /home/marcuswrrn/Projects/Federated-Learning/src/coordination/server/server.py - get_model - 18 : Getting model to /home/marcuswrrn/Projects/Federated-Learning/src/coordination/instance/super_round_1/training_round_1/e4fcc5deff971d10505dd8ed8b4dd40d.pth
2025-02-25 11:31:54,089 - server - /home/marcuswrrn/Projects/Federated-Learning/src/coordination/server/server.py - upload_model - 35 : Received client model from : 8c09812f623883b067b6408f1b043bfd
2025-02-25 11:32:04,806 - server - /home/marcuswrrn/Projects/Federated-Learning/src/coordination/server/aggregation.py - check_database - 19 : Training round : 1
2025-02-25 11:32:04,806 - server - /home/marcuswrrn/Projects/Federated-Learning/src/coordination/server/aggregation.py - check_database - 30 : Aggregating
2025-02-25 11:32:04,883 - server - /home/marcuswrrn/Projects/Federated-Learning/src/coordination/server/aggregation.py - check_database - 44 : Loading Client ID : 8c09812f623883b067b6408f1b043bfd . Loading file /home/marcuswrrn/Projects/Federated-Learning/src/coordination/instance/super_round_1/training_round_1/client_models/8c09812f623883b067b6408f1b043bfd.pth
2025-02-25 11:32:05,027 - server - /home/marcuswrrn/Projects/Federated-Learning/src/coordination/server/validation.py - validation - 41 : Running validation ...
2025-02-25 11:32:15,540 - server - /home/marcuswrrn/Projects/Federated-Learning/src/coordination/server/validation.py - validation - 97 : Accuracy: 0.168306752629793,
2025-02-25 11:32:15,540 - server - /home/marcuswrrn/Projects/Federated-Learning/src/coordination/server/validation.py - validation - 108 : Micro Recall 0.168306752629793, Macro Recall 0.028051125438298834, Weighted Recall 0.16830675262979303

2025-02-25 11:32:15,540 - server - /home/marcuswrrn/Projects/Federated-Learning/src/coordination/server/validation.py - validation - 116 : Micro Precision 0.168306752629793, Macro Precision 0.16666666666666666, Weighted Precision 1.0

2025-02-25 11:32:15,540 - server - /home/marcuswrrn/Projects/Federated-Learning/src/coordination/server/validation.py - validation - 123 : F1 Precision 0.168306752629793, F1 Precision 0.04802013747700648, F1 Precision 1.0

2025-02-25 11:32:15,540 - server - /home/marcuswrrn/Projects/Federated-Learning/src/coordination/server/validation.py - validation - 131 : AUC Precision 0.0, AUC Precision 0.0, AUC Precision 0.0

2025-02-25 11:32:15,563 - server - /home/marcuswrrn/Projects/Federated-Learning/src/coordination/server/aggregation.py - check_database - 79 : Checking if done training (max round hit)
2025-02-25 11:32:15,564 - server - /home/marcuswrrn/Projects/Federated-Learning/src/coordination/server/aggregation.py - check_database - 80 : current round: 1, current + 1 : 2. max : 10
2025-02-25 11:32:15,603 - server - /home/marcuswrrn/Projects/Federated-Learning/src/coordination/server/aggregation.py - check_database - 90 : Starting training round 2
2025-02-25 11:32:24,158 - server - /home/marcuswrrn/Projects/Federated-Learning/src/coordination/server/server.py - get_model - 18 : Getting model to /home/marcuswrrn/Projects/Federated-Learning/src/coordination/instance/super_round_1/training_round_2/ee4cdf0147a2ff2426c7724de9b73bb6.pth
2025-02-25 11:32:24,205 - server - /home/marcuswrrn/Projects/Federated-Learning/.venv/lib/python3.10/site-packages/flask/app.py - log_exception - 875 : Exception on /view/models/1 [GET]
Traceback (most recent call last):
  File "/home/marcuswrrn/Projects/Federated-Learning/.venv/lib/python3.10/site-packages/flask/app.py", line 1511, in wsgi_app
    response = self.full_dispatch_request()
  File "/home/marcuswrrn/Projects/Federated-Learning/.venv/lib/python3.10/site-packages/flask/app.py", line 919, in full_dispatch_request
    rv = self.handle_user_exception(e)
  File "/home/marcuswrrn/Projects/Federated-Learning/.venv/lib/python3.10/site-packages/flask/app.py", line 917, in full_dispatch_request
    rv = self.dispatch_request()
  File "/home/marcuswrrn/Projects/Federated-Learning/.venv/lib/python3.10/site-packages/flask/app.py", line 902, in dispatch_request
    return self.ensure_sync(self.view_functions[rule.endpoint])(**view_args)  # type: ignore[no-any-return]
  File "/home/marcuswrrn/Projects/Federated-Learning/src/coordination/server/views.py", line 9, in models
    model_accs = db.get_model_accuracies_by_super_round(super_round)
  File "/home/marcuswrrn/Projects/Federated-Learning/src/coordination/server/database_orm.py", line 361, in get_model_accuracies_by_super_round
    self.cursor.execute("""
sqlite3.OperationalError: no such column: tr.current_round
2025-02-25 11:32:37,100 - server - /home/marcuswrrn/Projects/Federated-Learning/src/coordination/server/server.py - upload_model - 35 : Received client model from : 8c09812f623883b067b6408f1b043bfd
2025-02-25 11:32:45,634 - server - /home/marcuswrrn/Projects/Federated-Learning/src/coordination/server/aggregation.py - check_database - 19 : Training round : 2
2025-02-25 11:32:45,634 - server - /home/marcuswrrn/Projects/Federated-Learning/src/coordination/server/aggregation.py - check_database - 30 : Aggregating
2025-02-25 11:32:45,697 - server - /home/marcuswrrn/Projects/Federated-Learning/src/coordination/server/aggregation.py - check_database - 44 : Loading Client ID : 8c09812f623883b067b6408f1b043bfd . Loading file /home/marcuswrrn/Projects/Federated-Learning/src/coordination/instance/super_round_1/training_round_2/client_models/8c09812f623883b067b6408f1b043bfd.pth
2025-02-25 11:32:45,822 - server - /home/marcuswrrn/Projects/Federated-Learning/src/coordination/server/validation.py - validation - 41 : Running validation ...
2025-02-25 11:32:56,540 - server - /home/marcuswrrn/Projects/Federated-Learning/src/coordination/server/validation.py - validation - 97 : Accuracy: 0.18052256532066507,
2025-02-25 11:32:56,540 - server - /home/marcuswrrn/Projects/Federated-Learning/src/coordination/server/validation.py - validation - 108 : Micro Recall 0.18052256532066507, Macro Recall 0.030087094220110844, Weighted Recall 0.18052256532066507

2025-02-25 11:32:56,540 - server - /home/marcuswrrn/Projects/Federated-Learning/src/coordination/server/validation.py - validation - 116 : Micro Precision 0.18052256532066507, Macro Precision 0.16666666666666666, Weighted Precision 1.0

2025-02-25 11:32:56,540 - server - /home/marcuswrrn/Projects/Federated-Learning/src/coordination/server/validation.py - validation - 123 : F1 Precision 0.18052256532066507, F1 Precision 0.05097250167672703, F1 Precision 1.0

2025-02-25 11:32:56,540 - server - /home/marcuswrrn/Projects/Federated-Learning/src/coordination/server/validation.py - validation - 131 : AUC Precision 0.0, AUC Precision 0.0, AUC Precision 0.0

2025-02-25 11:32:56,562 - server - /home/marcuswrrn/Projects/Federated-Learning/src/coordination/server/aggregation.py - check_database - 79 : Checking if done training (max round hit)
2025-02-25 11:32:56,562 - server - /home/marcuswrrn/Projects/Federated-Learning/src/coordination/server/aggregation.py - check_database - 80 : current round: 2, current + 1 : 3. max : 10
2025-02-25 11:32:56,602 - server - /home/marcuswrrn/Projects/Federated-Learning/src/coordination/server/aggregation.py - check_database - 90 : Starting training round 3
2025-02-25 11:33:07,173 - server - /home/marcuswrrn/Projects/Federated-Learning/src/coordination/server/server.py - get_model - 18 : Getting model to /home/marcuswrrn/Projects/Federated-Learning/src/coordination/instance/super_round_1/training_round_3/b736c0a772aeee3080d54c099566967e.pth
2025-02-25 11:33:20,164 - server - /home/marcuswrrn/Projects/Federated-Learning/src/coordination/server/server.py - upload_model - 35 : Received client model from : 8c09812f623883b067b6408f1b043bfd
2025-02-25 11:33:26,633 - server - /home/marcuswrrn/Projects/Federated-Learning/src/coordination/server/aggregation.py - check_database - 19 : Training round : 3
2025-02-25 11:33:26,633 - server - /home/marcuswrrn/Projects/Federated-Learning/src/coordination/server/aggregation.py - check_database - 30 : Aggregating
2025-02-25 11:33:26,682 - server - /home/marcuswrrn/Projects/Federated-Learning/src/coordination/server/aggregation.py - check_database - 44 : Loading Client ID : 8c09812f623883b067b6408f1b043bfd . Loading file /home/marcuswrrn/Projects/Federated-Learning/src/coordination/instance/super_round_1/training_round_3/client_models/8c09812f623883b067b6408f1b043bfd.pth
2025-02-25 11:33:26,813 - server - /home/marcuswrrn/Projects/Federated-Learning/src/coordination/server/validation.py - validation - 41 : Running validation ...
2025-02-25 11:33:37,050 - server - /home/marcuswrrn/Projects/Federated-Learning/src/coordination/server/validation.py - validation - 97 : Accuracy: 0.18052256532066507,
2025-02-25 11:33:37,050 - server - /home/marcuswrrn/Projects/Federated-Learning/src/coordination/server/validation.py - validation - 108 : Micro Recall 0.18052256532066507, Macro Recall 0.030087094220110844, Weighted Recall 0.18052256532066507

2025-02-25 11:33:37,050 - server - /home/marcuswrrn/Projects/Federated-Learning/src/coordination/server/validation.py - validation - 116 : Micro Precision 0.18052256532066507, Macro Precision 0.16666666666666666, Weighted Precision 1.0

2025-02-25 11:33:37,050 - server - /home/marcuswrrn/Projects/Federated-Learning/src/coordination/server/validation.py - validation - 123 : F1 Precision 0.18052256532066507, F1 Precision 0.05097250167672703, F1 Precision 1.0

2025-02-25 11:33:37,050 - server - /home/marcuswrrn/Projects/Federated-Learning/src/coordination/server/validation.py - validation - 131 : AUC Precision 0.0, AUC Precision 0.0, AUC Precision 0.0

2025-02-25 11:33:37,077 - server - /home/marcuswrrn/Projects/Federated-Learning/src/coordination/server/aggregation.py - check_database - 79 : Checking if done training (max round hit)
2025-02-25 11:33:37,077 - server - /home/marcuswrrn/Projects/Federated-Learning/src/coordination/server/aggregation.py - check_database - 80 : current round: 3, current + 1 : 4. max : 10
2025-02-25 11:33:37,117 - server - /home/marcuswrrn/Projects/Federated-Learning/src/coordination/server/aggregation.py - check_database - 90 : Starting training round 4
2025-02-25 11:33:49,883 - server - /home/marcuswrrn/Projects/Federated-Learning/src/coordination/server/__init__.py - create_app - 25 : Starting up server
2025-02-25 11:33:49,883 - server - /home/marcuswrrn/Projects/Federated-Learning/src/coordination/server/__init__.py - create_app - 31 : Database path : /home/marcuswrrn/Projects/Federated-Learning/src/coordination/instance/db.sqlite
2025-02-25 11:33:49,884 - server - /home/marcuswrrn/Projects/Federated-Learning/src/coordination/server/__init__.py - create_app - 47 : Map([<Rule '/static/<filename>' (HEAD, OPTIONS, GET) -> static>,
 <Rule '/training/get_model/<model_id>' (HEAD, OPTIONS, GET) -> training.get_model>,
 <Rule '/training/upload-model' (POST, OPTIONS) -> training.upload_model>,
 <Rule '/training/display_models' (HEAD, OPTIONS, GET) -> training.display>,
 <Rule '/training/ping' (POST, OPTIONS) -> training.ping_server>,
 <Rule '/training/initialize' (POST, OPTIONS) -> training.init_training>,
 <Rule '/training/shutdown' (HEAD, OPTIONS, GET) -> training.shutdown>,
 <Rule '/training/connect_test' (HEAD, POST, OPTIONS, GET) -> training.connected>,
 <Rule '/view/models/<super_round>' (HEAD, OPTIONS, GET) -> view.models>])
2025-02-25 11:33:49,885 - server - /home/marcuswrrn/Projects/Federated-Learning/src/coordination/server/aggregation.py - check_database - 11 : Starting database check
2025-02-25 11:33:49,886 - server - /home/marcuswrrn/Projects/Federated-Learning/src/coordination/server/aggregation.py - check_database - 19 : Training round : 4
2025-02-25 11:33:50,247 - server - /home/marcuswrrn/Projects/Federated-Learning/src/coordination/server/server.py - get_model - 18 : Getting model to /home/marcuswrrn/Projects/Federated-Learning/src/coordination/instance/super_round_1/training_round_4/4fbc7127a7c2ab223411f59c43388dd3.pth
2025-02-25 11:34:01,418 - server - /home/marcuswrrn/Projects/Federated-Learning/.venv/lib/python3.10/site-packages/flask/app.py - log_exception - 875 : Exception on /view/models/1 [GET]
Traceback (most recent call last):
  File "/home/marcuswrrn/Projects/Federated-Learning/.venv/lib/python3.10/site-packages/flask/app.py", line 1511, in wsgi_app
    response = self.full_dispatch_request()
  File "/home/marcuswrrn/Projects/Federated-Learning/.venv/lib/python3.10/site-packages/flask/app.py", line 919, in full_dispatch_request
    rv = self.handle_user_exception(e)
  File "/home/marcuswrrn/Projects/Federated-Learning/.venv/lib/python3.10/site-packages/flask/app.py", line 917, in full_dispatch_request
    rv = self.dispatch_request()
  File "/home/marcuswrrn/Projects/Federated-Learning/.venv/lib/python3.10/site-packages/flask/app.py", line 902, in dispatch_request
    return self.ensure_sync(self.view_functions[rule.endpoint])(**view_args)  # type: ignore[no-any-return]
  File "/home/marcuswrrn/Projects/Federated-Learning/src/coordination/server/views.py", line 9, in models
    model_accs = db.get_model_accuracies_by_super_round(super_round)
  File "/home/marcuswrrn/Projects/Federated-Learning/src/coordination/server/database_orm.py", line 361, in get_model_accuracies_by_super_round
    self.cursor.execute("""
sqlite3.OperationalError: no such column: super_round.id
2025-02-25 11:34:01,562 - server - /home/marcuswrrn/Projects/Federated-Learning/src/coordination/server/server.py - upload_model - 35 : Received client model from : 8c09812f623883b067b6408f1b043bfd
2025-02-25 11:34:19,896 - server - /home/marcuswrrn/Projects/Federated-Learning/src/coordination/server/aggregation.py - check_database - 19 : Training round : 4
2025-02-25 11:34:19,896 - server - /home/marcuswrrn/Projects/Federated-Learning/src/coordination/server/aggregation.py - check_database - 30 : Aggregating
2025-02-25 11:34:19,975 - server - /home/marcuswrrn/Projects/Federated-Learning/src/coordination/server/aggregation.py - check_database - 44 : Loading Client ID : 8c09812f623883b067b6408f1b043bfd . Loading file /home/marcuswrrn/Projects/Federated-Learning/src/coordination/instance/super_round_1/training_round_4/client_models/8c09812f623883b067b6408f1b043bfd.pth
2025-02-25 11:34:20,127 - server - /home/marcuswrrn/Projects/Federated-Learning/src/coordination/server/validation.py - validation - 41 : Running validation ...
2025-02-25 11:34:31,969 - server - /home/marcuswrrn/Projects/Federated-Learning/src/coordination/server/validation.py - validation - 97 : Accuracy: 0.18221920597217509,
2025-02-25 11:34:31,969 - server - /home/marcuswrrn/Projects/Federated-Learning/src/coordination/server/validation.py - validation - 108 : Micro Recall 0.18221920597217509, Macro Recall 0.03036986766202918, Weighted Recall 0.18221920597217509

2025-02-25 11:34:31,969 - server - /home/marcuswrrn/Projects/Federated-Learning/src/coordination/server/validation.py - validation - 116 : Micro Precision 0.18221920597217509, Macro Precision 0.16666666666666666, Weighted Precision 1.0

2025-02-25 11:34:31,970 - server - /home/marcuswrrn/Projects/Federated-Learning/src/coordination/server/validation.py - validation - 123 : F1 Precision 0.18221920597217509, F1 Precision 0.05137772675086108, F1 Precision 1.0

2025-02-25 11:34:31,970 - server - /home/marcuswrrn/Projects/Federated-Learning/src/coordination/server/validation.py - validation - 131 : AUC Precision 0.0, AUC Precision 0.0, AUC Precision 0.0

2025-02-25 11:34:31,984 - server - /home/marcuswrrn/Projects/Federated-Learning/src/coordination/server/aggregation.py - check_database - 79 : Checking if done training (max round hit)
2025-02-25 11:34:31,984 - server - /home/marcuswrrn/Projects/Federated-Learning/src/coordination/server/aggregation.py - check_database - 80 : current round: 4, current + 1 : 5. max : 10
2025-02-25 11:34:32,025 - server - /home/marcuswrrn/Projects/Federated-Learning/src/coordination/server/aggregation.py - check_database - 90 : Starting training round 5
2025-02-25 11:34:43,441 - server - /home/marcuswrrn/Projects/Federated-Learning/src/coordination/server/__init__.py - create_app - 25 : Starting up server
2025-02-25 11:34:43,441 - server - /home/marcuswrrn/Projects/Federated-Learning/src/coordination/server/__init__.py - create_app - 31 : Database path : /home/marcuswrrn/Projects/Federated-Learning/src/coordination/instance/db.sqlite
2025-02-25 11:34:43,442 - server - /home/marcuswrrn/Projects/Federated-Learning/src/coordination/server/__init__.py - create_app - 47 : Map([<Rule '/static/<filename>' (HEAD, GET, OPTIONS) -> static>,
 <Rule '/training/get_model/<model_id>' (HEAD, GET, OPTIONS) -> training.get_model>,
 <Rule '/training/upload-model' (POST, OPTIONS) -> training.upload_model>,
 <Rule '/training/display_models' (HEAD, GET, OPTIONS) -> training.display>,
 <Rule '/training/ping' (POST, OPTIONS) -> training.ping_server>,
 <Rule '/training/initialize' (POST, OPTIONS) -> training.init_training>,
 <Rule '/training/shutdown' (HEAD, GET, OPTIONS) -> training.shutdown>,
 <Rule '/training/connect_test' (POST, HEAD, GET, OPTIONS) -> training.connected>,
 <Rule '/view/models/<super_round>' (HEAD, GET, OPTIONS) -> view.models>])
2025-02-25 11:34:43,443 - server - /home/marcuswrrn/Projects/Federated-Learning/src/coordination/server/aggregation.py - check_database - 11 : Starting database check
2025-02-25 11:34:43,445 - server - /home/marcuswrrn/Projects/Federated-Learning/src/coordination/server/aggregation.py - check_database - 19 : Training round : 5
2025-02-25 11:34:54,019 - server - /home/marcuswrrn/Projects/Federated-Learning/.venv/lib/python3.10/site-packages/flask/app.py - log_exception - 875 : Exception on /view/models/1 [GET]
Traceback (most recent call last):
  File "/home/marcuswrrn/Projects/Federated-Learning/.venv/lib/python3.10/site-packages/flask/app.py", line 1511, in wsgi_app
    response = self.full_dispatch_request()
  File "/home/marcuswrrn/Projects/Federated-Learning/.venv/lib/python3.10/site-packages/flask/app.py", line 919, in full_dispatch_request
    rv = self.handle_user_exception(e)
  File "/home/marcuswrrn/Projects/Federated-Learning/.venv/lib/python3.10/site-packages/flask/app.py", line 917, in full_dispatch_request
    rv = self.dispatch_request()
  File "/home/marcuswrrn/Projects/Federated-Learning/.venv/lib/python3.10/site-packages/flask/app.py", line 902, in dispatch_request
    return self.ensure_sync(self.view_functions[rule.endpoint])(**view_args)  # type: ignore[no-any-return]
  File "/home/marcuswrrn/Projects/Federated-Learning/src/coordination/server/views.py", line 9, in models
    model_accs = db.get_model_accuracies_by_super_round(super_round)
  File "/home/marcuswrrn/Projects/Federated-Learning/src/coordination/server/database_orm.py", line 376, in get_model_accuracies_by_super_round
    'accuracy': row[3]
IndexError: tuple index out of range
2025-02-25 11:35:01,627 - server - /home/marcuswrrn/Projects/Federated-Learning/src/coordination/server/server.py - get_model - 18 : Getting model to /home/marcuswrrn/Projects/Federated-Learning/src/coordination/instance/super_round_1/training_round_5/7c82a1b6d40dcb2a3dbcacb5418bae76.pth
2025-02-25 11:35:13,475 - server - /home/marcuswrrn/Projects/Federated-Learning/src/coordination/server/aggregation.py - check_database - 19 : Training round : 5
2025-02-25 11:35:14,662 - server - /home/marcuswrrn/Projects/Federated-Learning/src/coordination/server/server.py - upload_model - 35 : Received client model from : 8c09812f623883b067b6408f1b043bfd
2025-02-25 11:35:23,694 - server - /home/marcuswrrn/Projects/Federated-Learning/src/coordination/server/__init__.py - create_app - 25 : Starting up server
2025-02-25 11:35:23,694 - server - /home/marcuswrrn/Projects/Federated-Learning/src/coordination/server/__init__.py - create_app - 31 : Database path : /home/marcuswrrn/Projects/Federated-Learning/src/coordination/instance/db.sqlite
2025-02-25 11:35:23,696 - server - /home/marcuswrrn/Projects/Federated-Learning/src/coordination/server/__init__.py - create_app - 47 : Map([<Rule '/static/<filename>' (OPTIONS, GET, HEAD) -> static>,
 <Rule '/training/get_model/<model_id>' (OPTIONS, GET, HEAD) -> training.get_model>,
 <Rule '/training/upload-model' (OPTIONS, POST) -> training.upload_model>,
 <Rule '/training/display_models' (OPTIONS, GET, HEAD) -> training.display>,
 <Rule '/training/ping' (OPTIONS, POST) -> training.ping_server>,
 <Rule '/training/initialize' (OPTIONS, POST) -> training.init_training>,
 <Rule '/training/shutdown' (OPTIONS, GET, HEAD) -> training.shutdown>,
 <Rule '/training/connect_test' (OPTIONS, POST, GET, HEAD) -> training.connected>,
 <Rule '/view/models/<super_round>' (OPTIONS, GET, HEAD) -> view.models>])
2025-02-25 11:35:23,696 - server - /home/marcuswrrn/Projects/Federated-Learning/src/coordination/server/aggregation.py - check_database - 11 : Starting database check
2025-02-25 11:35:23,697 - server - /home/marcuswrrn/Projects/Federated-Learning/src/coordination/server/aggregation.py - check_database - 19 : Training round : 5
2025-02-25 11:35:23,698 - server - /home/marcuswrrn/Projects/Federated-Learning/src/coordination/server/aggregation.py - check_database - 30 : Aggregating
2025-02-25 11:35:23,772 - server - /home/marcuswrrn/Projects/Federated-Learning/src/coordination/server/aggregation.py - check_database - 44 : Loading Client ID : 8c09812f623883b067b6408f1b043bfd . Loading file /home/marcuswrrn/Projects/Federated-Learning/src/coordination/instance/super_round_1/training_round_5/client_models/8c09812f623883b067b6408f1b043bfd.pth
2025-02-25 11:35:23,913 - server - /home/marcuswrrn/Projects/Federated-Learning/src/coordination/server/validation.py - validation - 41 : Running validation ...
2025-02-25 11:35:32,472 - server - /home/marcuswrrn/Projects/Federated-Learning/.venv/lib/python3.10/site-packages/flask/app.py - log_exception - 875 : Exception on /view/models/1 [GET]
Traceback (most recent call last):
  File "/home/marcuswrrn/Projects/Federated-Learning/.venv/lib/python3.10/site-packages/flask/app.py", line 1511, in wsgi_app
    response = self.full_dispatch_request()
  File "/home/marcuswrrn/Projects/Federated-Learning/.venv/lib/python3.10/site-packages/flask/app.py", line 919, in full_dispatch_request
    rv = self.handle_user_exception(e)
  File "/home/marcuswrrn/Projects/Federated-Learning/.venv/lib/python3.10/site-packages/flask/app.py", line 917, in full_dispatch_request
    rv = self.dispatch_request()
  File "/home/marcuswrrn/Projects/Federated-Learning/.venv/lib/python3.10/site-packages/flask/app.py", line 902, in dispatch_request
    return self.ensure_sync(self.view_functions[rule.endpoint])(**view_args)  # type: ignore[no-any-return]
  File "/home/marcuswrrn/Projects/Federated-Learning/src/coordination/server/views.py", line 9, in models
    model_accs = db.get_model_accuracies_by_super_round(super_round)
  File "/home/marcuswrrn/Projects/Federated-Learning/src/coordination/server/database_orm.py", line 375, in get_model_accuracies_by_super_round
    'accuracy': row[3]
IndexError: tuple index out of range
2025-02-25 11:35:35,038 - server - /home/marcuswrrn/Projects/Federated-Learning/src/coordination/server/validation.py - validation - 97 : Accuracy: 0.18052256532066507,
2025-02-25 11:35:35,039 - server - /home/marcuswrrn/Projects/Federated-Learning/src/coordination/server/validation.py - validation - 108 : Micro Recall 0.18052256532066507, Macro Recall 0.030087094220110844, Weighted Recall 0.18052256532066507

2025-02-25 11:35:35,039 - server - /home/marcuswrrn/Projects/Federated-Learning/src/coordination/server/validation.py - validation - 116 : Micro Precision 0.18052256532066507, Macro Precision 0.16666666666666666, Weighted Precision 1.0

2025-02-25 11:35:35,039 - server - /home/marcuswrrn/Projects/Federated-Learning/src/coordination/server/validation.py - validation - 123 : F1 Precision 0.18052256532066507, F1 Precision 0.05097250167672703, F1 Precision 1.0

2025-02-25 11:35:35,039 - server - /home/marcuswrrn/Projects/Federated-Learning/src/coordination/server/validation.py - validation - 131 : AUC Precision 0.0, AUC Precision 0.0, AUC Precision 0.0

2025-02-25 11:35:35,063 - server - /home/marcuswrrn/Projects/Federated-Learning/src/coordination/server/aggregation.py - check_database - 79 : Checking if done training (max round hit)
2025-02-25 11:35:35,063 - server - /home/marcuswrrn/Projects/Federated-Learning/src/coordination/server/aggregation.py - check_database - 80 : current round: 5, current + 1 : 6. max : 10
2025-02-25 11:35:35,099 - server - /home/marcuswrrn/Projects/Federated-Learning/src/coordination/server/aggregation.py - check_database - 90 : Starting training round 6
2025-02-25 11:35:45,369 - server - /home/marcuswrrn/Projects/Federated-Learning/src/coordination/server/__init__.py - create_app - 25 : Starting up server
2025-02-25 11:35:45,369 - server - /home/marcuswrrn/Projects/Federated-Learning/src/coordination/server/__init__.py - create_app - 31 : Database path : /home/marcuswrrn/Projects/Federated-Learning/src/coordination/instance/db.sqlite
2025-02-25 11:35:45,371 - server - /home/marcuswrrn/Projects/Federated-Learning/src/coordination/server/__init__.py - create_app - 47 : Map([<Rule '/static/<filename>' (GET, OPTIONS, HEAD) -> static>,
 <Rule '/training/get_model/<model_id>' (GET, OPTIONS, HEAD) -> training.get_model>,
 <Rule '/training/upload-model' (POST, OPTIONS) -> training.upload_model>,
 <Rule '/training/display_models' (GET, OPTIONS, HEAD) -> training.display>,
 <Rule '/training/ping' (POST, OPTIONS) -> training.ping_server>,
 <Rule '/training/initialize' (POST, OPTIONS) -> training.init_training>,
 <Rule '/training/shutdown' (GET, OPTIONS, HEAD) -> training.shutdown>,
 <Rule '/training/connect_test' (POST, OPTIONS, GET, HEAD) -> training.connected>,
 <Rule '/view/models/<super_round>' (GET, OPTIONS, HEAD) -> view.models>])
2025-02-25 11:35:45,371 - server - /home/marcuswrrn/Projects/Federated-Learning/src/coordination/server/aggregation.py - check_database - 11 : Starting database check
2025-02-25 11:35:45,373 - server - /home/marcuswrrn/Projects/Federated-Learning/src/coordination/server/aggregation.py - check_database - 19 : Training round : 6
2025-02-25 11:36:14,735 - server - /home/marcuswrrn/Projects/Federated-Learning/src/coordination/server/server.py - get_model - 18 : Getting model to /home/marcuswrrn/Projects/Federated-Learning/src/coordination/instance/super_round_1/training_round_6/26e1d90e527cec749363f2799a03b957.pth
2025-02-25 11:36:15,387 - server - /home/marcuswrrn/Projects/Federated-Learning/src/coordination/server/aggregation.py - check_database - 19 : Training round : 6
2025-02-25 11:36:27,458 - server - /home/marcuswrrn/Projects/Federated-Learning/src/coordination/server/server.py - upload_model - 35 : Received client model from : 8c09812f623883b067b6408f1b043bfd
2025-02-25 11:36:45,413 - server - /home/marcuswrrn/Projects/Federated-Learning/src/coordination/server/aggregation.py - check_database - 19 : Training round : 6
2025-02-25 11:36:45,413 - server - /home/marcuswrrn/Projects/Federated-Learning/src/coordination/server/aggregation.py - check_database - 30 : Aggregating
2025-02-25 11:36:45,493 - server - /home/marcuswrrn/Projects/Federated-Learning/src/coordination/server/aggregation.py - check_database - 44 : Loading Client ID : 8c09812f623883b067b6408f1b043bfd . Loading file /home/marcuswrrn/Projects/Federated-Learning/src/coordination/instance/super_round_1/training_round_6/client_models/8c09812f623883b067b6408f1b043bfd.pth
2025-02-25 11:36:45,635 - server - /home/marcuswrrn/Projects/Federated-Learning/src/coordination/server/validation.py - validation - 41 : Running validation ...
2025-02-25 11:36:55,837 - server - /home/marcuswrrn/Projects/Federated-Learning/src/coordination/server/validation.py - validation - 97 : Accuracy: 0.18052256532066507,
2025-02-25 11:36:55,837 - server - /home/marcuswrrn/Projects/Federated-Learning/src/coordination/server/validation.py - validation - 108 : Micro Recall 0.18052256532066507, Macro Recall 0.030087094220110844, Weighted Recall 0.18052256532066507

2025-02-25 11:36:55,837 - server - /home/marcuswrrn/Projects/Federated-Learning/src/coordination/server/validation.py - validation - 116 : Micro Precision 0.18052256532066507, Macro Precision 0.16666666666666666, Weighted Precision 1.0

2025-02-25 11:36:55,837 - server - /home/marcuswrrn/Projects/Federated-Learning/src/coordination/server/validation.py - validation - 123 : F1 Precision 0.18052256532066507, F1 Precision 0.05097250167672703, F1 Precision 1.0

2025-02-25 11:36:55,838 - server - /home/marcuswrrn/Projects/Federated-Learning/src/coordination/server/validation.py - validation - 131 : AUC Precision 0.0, AUC Precision 0.0, AUC Precision 0.0

2025-02-25 11:36:55,863 - server - /home/marcuswrrn/Projects/Federated-Learning/src/coordination/server/aggregation.py - check_database - 79 : Checking if done training (max round hit)
2025-02-25 11:36:55,863 - server - /home/marcuswrrn/Projects/Federated-Learning/src/coordination/server/aggregation.py - check_database - 80 : current round: 6, current + 1 : 7. max : 10
2025-02-25 11:36:55,901 - server - /home/marcuswrrn/Projects/Federated-Learning/src/coordination/server/aggregation.py - check_database - 90 : Starting training round 7
2025-02-25 11:36:57,526 - server - /home/marcuswrrn/Projects/Federated-Learning/src/coordination/server/server.py - get_model - 18 : Getting model to /home/marcuswrrn/Projects/Federated-Learning/src/coordination/instance/super_round_1/training_round_7/6ce486f9034f869a3b22cbbfe0f41bf0.pth
2025-02-25 11:37:09,835 - server - /home/marcuswrrn/Projects/Federated-Learning/src/coordination/server/server.py - upload_model - 35 : Received client model from : 8c09812f623883b067b6408f1b043bfd
2025-02-25 11:37:25,906 - server - /home/marcuswrrn/Projects/Federated-Learning/src/coordination/server/aggregation.py - check_database - 19 : Training round : 7
2025-02-25 11:37:25,907 - server - /home/marcuswrrn/Projects/Federated-Learning/src/coordination/server/aggregation.py - check_database - 30 : Aggregating
2025-02-25 11:37:25,977 - server - /home/marcuswrrn/Projects/Federated-Learning/src/coordination/server/aggregation.py - check_database - 44 : Loading Client ID : 8c09812f623883b067b6408f1b043bfd . Loading file /home/marcuswrrn/Projects/Federated-Learning/src/coordination/instance/super_round_1/training_round_7/client_models/8c09812f623883b067b6408f1b043bfd.pth
2025-02-25 11:37:26,116 - server - /home/marcuswrrn/Projects/Federated-Learning/src/coordination/server/validation.py - validation - 41 : Running validation ...
2025-02-25 11:37:37,562 - server - /home/marcuswrrn/Projects/Federated-Learning/src/coordination/server/validation.py - validation - 97 : Accuracy: 0.18221920597217509,
2025-02-25 11:37:37,562 - server - /home/marcuswrrn/Projects/Federated-Learning/src/coordination/server/validation.py - validation - 108 : Micro Recall 0.18221920597217509, Macro Recall 0.03036986766202918, Weighted Recall 0.18221920597217509

2025-02-25 11:37:37,563 - server - /home/marcuswrrn/Projects/Federated-Learning/src/coordination/server/validation.py - validation - 116 : Micro Precision 0.18221920597217509, Macro Precision 0.16666666666666666, Weighted Precision 1.0

2025-02-25 11:37:37,563 - server - /home/marcuswrrn/Projects/Federated-Learning/src/coordination/server/validation.py - validation - 123 : F1 Precision 0.18221920597217509, F1 Precision 0.05137772675086108, F1 Precision 1.0

2025-02-25 11:37:37,563 - server - /home/marcuswrrn/Projects/Federated-Learning/src/coordination/server/validation.py - validation - 131 : AUC Precision 0.0, AUC Precision 0.0, AUC Precision 0.0

2025-02-25 11:37:37,587 - server - /home/marcuswrrn/Projects/Federated-Learning/src/coordination/server/aggregation.py - check_database - 79 : Checking if done training (max round hit)
2025-02-25 11:37:37,587 - server - /home/marcuswrrn/Projects/Federated-Learning/src/coordination/server/aggregation.py - check_database - 80 : current round: 7, current + 1 : 8. max : 10
2025-02-25 11:37:37,626 - server - /home/marcuswrrn/Projects/Federated-Learning/src/coordination/server/aggregation.py - check_database - 90 : Starting training round 8
2025-02-25 11:37:39,916 - server - /home/marcuswrrn/Projects/Federated-Learning/src/coordination/server/server.py - get_model - 18 : Getting model to /home/marcuswrrn/Projects/Federated-Learning/src/coordination/instance/super_round_1/training_round_8/fdf01993b5c800d62bbe7f5f6d042d60.pth
2025-02-25 11:37:54,103 - server - /home/marcuswrrn/Projects/Federated-Learning/src/coordination/server/server.py - upload_model - 35 : Received client model from : 8c09812f623883b067b6408f1b043bfd
2025-02-25 11:38:41,323 - server - /home/marcuswrrn/Projects/Federated-Learning/src/coordination/server/server.py - init_training - 106 : New Super round
2025-02-25 11:38:41,323 - server - /home/marcuswrrn/Projects/Federated-Learning/src/coordination/server/server.py - init_training - 107 : Start training
2025-02-25 11:38:41,334 - server - /home/marcuswrrn/Projects/Federated-Learning/src/coordination/server/server.py - init_training - 125 : Round initializer
2025-02-25 11:38:41,397 - server - /home/marcuswrrn/Projects/Federated-Learning/src/coordination/server/aggregation.py - check_database - 19 : Training round : 1
2025-02-25 11:38:54,184 - server - /home/marcuswrrn/Projects/Federated-Learning/src/coordination/server/server.py - get_model - 18 : Getting model to /home/marcuswrrn/Projects/Federated-Learning/src/coordination/instance/super_round_2/training_round_1/e4fcc5deff971d10505dd8ed8b4dd40d.pth
2025-02-25 11:39:11,408 - server - /home/marcuswrrn/Projects/Federated-Learning/src/coordination/server/aggregation.py - check_database - 19 : Training round : 1
2025-02-25 11:39:36,617 - server - /home/marcuswrrn/Projects/Federated-Learning/src/coordination/server/server.py - upload_model - 35 : Received client model from : 8c09812f623883b067b6408f1b043bfd
2025-02-25 11:39:41,438 - server - /home/marcuswrrn/Projects/Federated-Learning/src/coordination/server/aggregation.py - check_database - 19 : Training round : 1
2025-02-25 11:39:41,438 - server - /home/marcuswrrn/Projects/Federated-Learning/src/coordination/server/aggregation.py - check_database - 30 : Aggregating
2025-02-25 11:39:56,999 - server - /home/marcuswrrn/Projects/Federated-Learning/src/coordination/server/__init__.py - create_app - 25 : Starting up server
2025-02-25 11:39:56,999 - server - /home/marcuswrrn/Projects/Federated-Learning/src/coordination/server/__init__.py - create_app - 31 : Database path : /home/marcuswrrn/Projects/Federated-Learning/src/coordination/instance/db.sqlite
2025-02-25 11:39:57,001 - server - /home/marcuswrrn/Projects/Federated-Learning/src/coordination/server/__init__.py - create_app - 47 : Map([<Rule '/static/<filename>' (HEAD, GET, OPTIONS) -> static>,
 <Rule '/training/get_model/<model_id>' (HEAD, GET, OPTIONS) -> training.get_model>,
 <Rule '/training/upload-model' (OPTIONS, POST) -> training.upload_model>,
 <Rule '/training/display_models' (HEAD, GET, OPTIONS) -> training.display>,
 <Rule '/training/ping' (OPTIONS, POST) -> training.ping_server>,
 <Rule '/training/initialize' (OPTIONS, POST) -> training.init_training>,
 <Rule '/training/shutdown' (HEAD, GET, OPTIONS) -> training.shutdown>,
 <Rule '/training/connect_test' (HEAD, GET, OPTIONS, POST) -> training.connected>,
 <Rule '/view/models/<super_round>' (HEAD, GET, OPTIONS) -> view.models>])
2025-02-25 11:39:57,002 - server - /home/marcuswrrn/Projects/Federated-Learning/src/coordination/server/aggregation.py - check_database - 11 : Starting database check
2025-02-25 11:39:57,003 - server - /home/marcuswrrn/Projects/Federated-Learning/src/coordination/server/aggregation.py - check_database - 19 : Training round : 1
2025-02-25 11:39:57,003 - server - /home/marcuswrrn/Projects/Federated-Learning/src/coordination/server/aggregation.py - check_database - 30 : Aggregating
2025-02-25 11:40:40,914 - server - /home/marcuswrrn/Projects/Federated-Learning/src/coordination/server/__init__.py - create_app - 25 : Starting up server
2025-02-25 11:40:40,914 - server - /home/marcuswrrn/Projects/Federated-Learning/src/coordination/server/__init__.py - create_app - 31 : Database path : /home/marcuswrrn/Projects/Federated-Learning/src/coordination/instance/db.sqlite
2025-02-25 11:40:40,916 - server - /home/marcuswrrn/Projects/Federated-Learning/src/coordination/server/__init__.py - create_app - 47 : Map([<Rule '/static/<filename>' (HEAD, GET, OPTIONS) -> static>,
 <Rule '/training/get_model/<model_id>' (HEAD, GET, OPTIONS) -> training.get_model>,
 <Rule '/training/upload-model' (POST, OPTIONS) -> training.upload_model>,
 <Rule '/training/display_models' (HEAD, GET, OPTIONS) -> training.display>,
 <Rule '/training/ping' (POST, OPTIONS) -> training.ping_server>,
 <Rule '/training/initialize' (POST, OPTIONS) -> training.init_training>,
 <Rule '/training/shutdown' (HEAD, GET, OPTIONS) -> training.shutdown>,
 <Rule '/training/connect_test' (HEAD, POST, GET, OPTIONS) -> training.connected>,
 <Rule '/view/models/<super_round>' (HEAD, GET, OPTIONS) -> view.models>])
2025-02-25 11:40:40,916 - server - /home/marcuswrrn/Projects/Federated-Learning/src/coordination/server/aggregation.py - check_database - 11 : Starting database check
2025-02-25 11:40:40,917 - server - /home/marcuswrrn/Projects/Federated-Learning/src/coordination/server/aggregation.py - check_database - 19 : Training round : 1
2025-02-25 11:40:40,917 - server - /home/marcuswrrn/Projects/Federated-Learning/src/coordination/server/aggregation.py - check_database - 30 : Aggregating
2025-02-25 11:41:00,522 - server - /home/marcuswrrn/Projects/Federated-Learning/src/coordination/server/__init__.py - create_app - 25 : Starting up server
2025-02-25 11:41:00,522 - server - /home/marcuswrrn/Projects/Federated-Learning/src/coordination/server/__init__.py - create_app - 31 : Database path : /home/marcuswrrn/Projects/Federated-Learning/src/coordination/instance/db.sqlite
2025-02-25 11:41:00,524 - server - /home/marcuswrrn/Projects/Federated-Learning/src/coordination/server/__init__.py - create_app - 47 : Map([<Rule '/static/<filename>' (GET, OPTIONS, HEAD) -> static>,
 <Rule '/training/get_model/<model_id>' (GET, OPTIONS, HEAD) -> training.get_model>,
 <Rule '/training/upload-model' (OPTIONS, POST) -> training.upload_model>,
 <Rule '/training/display_models' (GET, OPTIONS, HEAD) -> training.display>,
 <Rule '/training/ping' (OPTIONS, POST) -> training.ping_server>,
 <Rule '/training/initialize' (OPTIONS, POST) -> training.init_training>,
 <Rule '/training/shutdown' (GET, OPTIONS, HEAD) -> training.shutdown>,
 <Rule '/training/connect_test' (GET, OPTIONS, HEAD, POST) -> training.connected>,
 <Rule '/view/models/<super_round>' (GET, OPTIONS, HEAD) -> view.models>])
2025-02-25 11:41:00,524 - server - /home/marcuswrrn/Projects/Federated-Learning/src/coordination/server/aggregation.py - check_database - 11 : Starting database check
2025-02-25 11:41:00,526 - server - /home/marcuswrrn/Projects/Federated-Learning/src/coordination/server/aggregation.py - check_database - 19 : Training round : 1
2025-02-25 11:41:00,526 - server - /home/marcuswrrn/Projects/Federated-Learning/src/coordination/server/aggregation.py - check_database - 30 : Aggregating
2025-02-25 11:41:00,664 - server - /home/marcuswrrn/Projects/Federated-Learning/src/coordination/server/validation.py - validation - 41 : Running validation ...
2025-02-25 11:41:12,742 - server - /home/marcuswrrn/Projects/Federated-Learning/src/coordination/server/validation.py - validation - 97 : Accuracy: 0.18221920597217509,
2025-02-25 11:41:12,742 - server - /home/marcuswrrn/Projects/Federated-Learning/src/coordination/server/validation.py - validation - 108 : Micro Recall 0.18221920597217509, Macro Recall 0.03036986766202918, Weighted Recall 0.18221920597217509

2025-02-25 11:41:12,742 - server - /home/marcuswrrn/Projects/Federated-Learning/src/coordination/server/validation.py - validation - 116 : Micro Precision 0.18221920597217509, Macro Precision 0.16666666666666666, Weighted Precision 1.0

2025-02-25 11:41:12,742 - server - /home/marcuswrrn/Projects/Federated-Learning/src/coordination/server/validation.py - validation - 123 : F1 Precision 0.18221920597217509, F1 Precision 0.05137772675086108, F1 Precision 1.0

2025-02-25 11:41:12,742 - server - /home/marcuswrrn/Projects/Federated-Learning/src/coordination/server/validation.py - validation - 131 : AUC Precision 0.0, AUC Precision 0.0, AUC Precision 0.0

2025-02-25 11:41:12,765 - server - /home/marcuswrrn/Projects/Federated-Learning/src/coordination/server/aggregation.py - check_database - 79 : Checking if done training (max round hit)
2025-02-25 11:41:12,766 - server - /home/marcuswrrn/Projects/Federated-Learning/src/coordination/server/aggregation.py - check_database - 80 : current round: 1, current + 1 : 2. max : 10
2025-02-25 11:41:12,804 - server - /home/marcuswrrn/Projects/Federated-Learning/src/coordination/server/aggregation.py - check_database - 90 : Starting training round 2
2025-02-25 11:41:18,424 - server - /home/marcuswrrn/Projects/Federated-Learning/src/coordination/server/server.py - get_model - 18 : Getting model to /home/marcuswrrn/Projects/Federated-Learning/src/coordination/instance/super_round_2/training_round_2/ee4cdf0147a2ff2426c7724de9b73bb6.pth
2025-02-25 11:45:50,203 - server - /home/marcuswrrn/Projects/Federated-Learning/src/coordination/server/__init__.py - create_app - 25 : Starting up server
2025-02-25 11:45:50,203 - server - /home/marcuswrrn/Projects/Federated-Learning/src/coordination/server/__init__.py - create_app - 31 : Database path : /home/marcuswrrn/Projects/Federated-Learning/src/coordination/instance/db.sqlite
2025-02-25 11:45:50,205 - server - /home/marcuswrrn/Projects/Federated-Learning/src/coordination/server/__init__.py - create_app - 47 : Map([<Rule '/static/<filename>' (OPTIONS, HEAD, GET) -> static>,
 <Rule '/training/get_model/<model_id>' (OPTIONS, HEAD, GET) -> training.get_model>,
 <Rule '/training/upload-model' (OPTIONS, POST) -> training.upload_model>,
 <Rule '/training/display_models' (OPTIONS, HEAD, GET) -> training.display>,
 <Rule '/training/ping' (OPTIONS, POST) -> training.ping_server>,
 <Rule '/training/initialize' (OPTIONS, POST) -> training.init_training>,
 <Rule '/training/shutdown' (OPTIONS, HEAD, GET) -> training.shutdown>,
 <Rule '/training/connect_test' (OPTIONS, HEAD, POST, GET) -> training.connected>,
 <Rule '/view/models/<super_round>' (OPTIONS, HEAD, GET) -> view.models>])
2025-02-25 11:45:50,206 - server - /home/marcuswrrn/Projects/Federated-Learning/src/coordination/server/aggregation.py - check_database - 11 : Starting database check
2025-02-25 11:45:50,207 - server - /home/marcuswrrn/Projects/Federated-Learning/src/coordination/server/aggregation.py - check_database - 19 : Training round : 2
2025-02-25 11:49:44,637 - server - /home/marcuswrrn/Projects/Federated-Learning/src/coordination/server/__init__.py - create_app - 25 : Starting up server
2025-02-25 11:49:44,637 - server - /home/marcuswrrn/Projects/Federated-Learning/src/coordination/server/__init__.py - create_app - 31 : Database path : /home/marcuswrrn/Projects/Federated-Learning/src/coordination/instance/db.sqlite
2025-02-25 11:49:44,639 - server - /home/marcuswrrn/Projects/Federated-Learning/src/coordination/server/__init__.py - create_app - 47 : Map([<Rule '/static/<filename>' (GET, OPTIONS, HEAD) -> static>,
 <Rule '/training/get_model/<model_id>' (GET, OPTIONS, HEAD) -> training.get_model>,
 <Rule '/training/upload-model' (POST, OPTIONS) -> training.upload_model>,
 <Rule '/training/display_models' (GET, OPTIONS, HEAD) -> training.display>,
 <Rule '/training/ping' (POST, OPTIONS) -> training.ping_server>,
 <Rule '/training/initialize' (POST, OPTIONS) -> training.init_training>,
 <Rule '/training/shutdown' (GET, OPTIONS, HEAD) -> training.shutdown>,
 <Rule '/training/connect_test' (GET, POST, OPTIONS, HEAD) -> training.connected>,
 <Rule '/view/models/<super_round>' (GET, OPTIONS, HEAD) -> view.models>])
2025-02-25 11:49:44,639 - server - /home/marcuswrrn/Projects/Federated-Learning/src/coordination/server/aggregation.py - check_database - 11 : Starting database check
2025-02-25 11:49:44,641 - server - /home/marcuswrrn/Projects/Federated-Learning/src/coordination/server/aggregation.py - check_database - 19 : Training round : 2
2025-02-25 11:50:04,613 - server - /home/marcuswrrn/Projects/Federated-Learning/src/coordination/server/__init__.py - create_app - 25 : Starting up server
2025-02-25 11:50:04,613 - server - /home/marcuswrrn/Projects/Federated-Learning/src/coordination/server/__init__.py - create_app - 31 : Database path : /home/marcuswrrn/Projects/Federated-Learning/src/coordination/instance/db.sqlite
2025-02-25 11:50:04,615 - server - /home/marcuswrrn/Projects/Federated-Learning/src/coordination/server/__init__.py - create_app - 47 : Map([<Rule '/static/<filename>' (GET, HEAD, OPTIONS) -> static>,
 <Rule '/training/get_model/<model_id>' (GET, HEAD, OPTIONS) -> training.get_model>,
 <Rule '/training/upload-model' (POST, OPTIONS) -> training.upload_model>,
 <Rule '/training/display_models' (GET, HEAD, OPTIONS) -> training.display>,
 <Rule '/training/ping' (POST, OPTIONS) -> training.ping_server>,
 <Rule '/training/initialize' (POST, OPTIONS) -> training.init_training>,
 <Rule '/training/shutdown' (GET, HEAD, OPTIONS) -> training.shutdown>,
 <Rule '/training/connect_test' (GET, POST, HEAD, OPTIONS) -> training.connected>,
 <Rule '/view/models/<super_round>' (GET, HEAD, OPTIONS) -> view.models>])
2025-02-25 11:50:04,615 - server - /home/marcuswrrn/Projects/Federated-Learning/src/coordination/server/aggregation.py - check_database - 11 : Starting database check
2025-02-25 11:50:04,616 - server - /home/marcuswrrn/Projects/Federated-Learning/src/coordination/server/aggregation.py - check_database - 19 : Training round : 2
2025-02-25 11:50:18,635 - server - /home/marcuswrrn/Projects/Federated-Learning/src/coordination/server/__init__.py - create_app - 25 : Starting up server
2025-02-25 11:50:18,636 - server - /home/marcuswrrn/Projects/Federated-Learning/src/coordination/server/__init__.py - create_app - 31 : Database path : /home/marcuswrrn/Projects/Federated-Learning/src/coordination/instance/db.sqlite
2025-02-25 11:50:18,637 - server - /home/marcuswrrn/Projects/Federated-Learning/src/coordination/server/__init__.py - create_app - 47 : Map([<Rule '/static/<filename>' (GET, OPTIONS, HEAD) -> static>,
 <Rule '/training/get_model/<model_id>' (GET, OPTIONS, HEAD) -> training.get_model>,
 <Rule '/training/upload-model' (POST, OPTIONS) -> training.upload_model>,
 <Rule '/training/display_models' (GET, OPTIONS, HEAD) -> training.display>,
 <Rule '/training/ping' (POST, OPTIONS) -> training.ping_server>,
 <Rule '/training/initialize' (POST, OPTIONS) -> training.init_training>,
 <Rule '/training/shutdown' (GET, OPTIONS, HEAD) -> training.shutdown>,
 <Rule '/training/connect_test' (GET, POST, OPTIONS, HEAD) -> training.connected>,
 <Rule '/view/models/<super_round>' (GET, OPTIONS, HEAD) -> view.models>])
2025-02-25 11:50:18,638 - server - /home/marcuswrrn/Projects/Federated-Learning/src/coordination/server/aggregation.py - check_database - 11 : Starting database check
2025-02-25 11:50:18,639 - server - /home/marcuswrrn/Projects/Federated-Learning/src/coordination/server/aggregation.py - check_database - 19 : Training round : 2
2025-02-25 11:50:23,046 - server - /home/marcuswrrn/Projects/Federated-Learning/src/coordination/server/server.py - get_model - 18 : Getting model to /home/marcuswrrn/Projects/Federated-Learning/src/coordination/instance/super_round_2/training_round_2/4f7ab7d11d0a2cb77da2d931c8d481b5.pth
2025-02-25 11:50:36,321 - server - /home/marcuswrrn/Projects/Federated-Learning/src/coordination/server/server.py - upload_model - 35 : Received client model from : 8c09812f623883b067b6408f1b043bfd
2025-02-25 11:50:48,670 - server - /home/marcuswrrn/Projects/Federated-Learning/src/coordination/server/aggregation.py - check_database - 19 : Training round : 2
2025-02-25 11:50:48,670 - server - /home/marcuswrrn/Projects/Federated-Learning/src/coordination/server/aggregation.py - check_database - 30 : Aggregating
2025-02-25 11:50:48,752 - server - /home/marcuswrrn/Projects/Federated-Learning/src/coordination/server/aggregation.py - check_database - 44 : Loading Client ID : 8c09812f623883b067b6408f1b043bfd . Loading file /home/marcuswrrn/Projects/Federated-Learning/src/coordination/instance/super_round_2/training_round_2/client_models/8c09812f623883b067b6408f1b043bfd.pth
2025-02-25 11:50:48,896 - server - /home/marcuswrrn/Projects/Federated-Learning/src/coordination/server/validation.py - validation - 41 : Running validation ...
2025-02-25 11:50:59,541 - server - /home/marcuswrrn/Projects/Federated-Learning/src/coordination/server/validation.py - validation - 97 : Accuracy: 0.18221920597217509,
2025-02-25 11:50:59,541 - server - /home/marcuswrrn/Projects/Federated-Learning/src/coordination/server/validation.py - validation - 108 : Micro Recall 0.18221920597217509, Macro Recall 0.03036986766202918, Weighted Recall 0.18221920597217509

2025-02-25 11:50:59,541 - server - /home/marcuswrrn/Projects/Federated-Learning/src/coordination/server/validation.py - validation - 116 : Micro Precision 0.18221920597217509, Macro Precision 0.16666666666666666, Weighted Precision 1.0

2025-02-25 11:50:59,541 - server - /home/marcuswrrn/Projects/Federated-Learning/src/coordination/server/validation.py - validation - 123 : F1 Precision 0.18221920597217509, F1 Precision 0.05137772675086108, F1 Precision 1.0

2025-02-25 11:50:59,541 - server - /home/marcuswrrn/Projects/Federated-Learning/src/coordination/server/validation.py - validation - 131 : AUC Precision 0.0, AUC Precision 0.0, AUC Precision 0.0

2025-02-25 11:50:59,564 - server - /home/marcuswrrn/Projects/Federated-Learning/src/coordination/server/aggregation.py - check_database - 79 : Checking if done training (max round hit)
2025-02-25 11:50:59,565 - server - /home/marcuswrrn/Projects/Federated-Learning/src/coordination/server/aggregation.py - check_database - 80 : current round: 2, current + 1 : 3. max : 10
2025-02-25 11:50:59,603 - server - /home/marcuswrrn/Projects/Federated-Learning/src/coordination/server/aggregation.py - check_database - 90 : Starting training round 3
2025-02-25 11:51:06,389 - server - /home/marcuswrrn/Projects/Federated-Learning/src/coordination/server/server.py - get_model - 18 : Getting model to /home/marcuswrrn/Projects/Federated-Learning/src/coordination/instance/super_round_2/training_round_3/15a410b594190ff3919654fc3cd5390a.pth
2025-02-25 11:51:20,605 - server - /home/marcuswrrn/Projects/Federated-Learning/src/coordination/server/server.py - upload_model - 35 : Received client model from : 8c09812f623883b067b6408f1b043bfd
2025-02-25 11:51:29,634 - server - /home/marcuswrrn/Projects/Federated-Learning/src/coordination/server/aggregation.py - check_database - 19 : Training round : 3
2025-02-25 11:51:29,634 - server - /home/marcuswrrn/Projects/Federated-Learning/src/coordination/server/aggregation.py - check_database - 30 : Aggregating
2025-02-25 11:51:29,702 - server - /home/marcuswrrn/Projects/Federated-Learning/src/coordination/server/aggregation.py - check_database - 44 : Loading Client ID : 8c09812f623883b067b6408f1b043bfd . Loading file /home/marcuswrrn/Projects/Federated-Learning/src/coordination/instance/super_round_2/training_round_3/client_models/8c09812f623883b067b6408f1b043bfd.pth
2025-02-25 11:51:29,845 - server - /home/marcuswrrn/Projects/Federated-Learning/src/coordination/server/validation.py - validation - 41 : Running validation ...
2025-02-25 11:51:41,346 - server - /home/marcuswrrn/Projects/Federated-Learning/src/coordination/server/validation.py - validation - 97 : Accuracy: 0.18221920597217509,
2025-02-25 11:51:41,346 - server - /home/marcuswrrn/Projects/Federated-Learning/src/coordination/server/validation.py - validation - 108 : Micro Recall 0.18221920597217509, Macro Recall 0.03036986766202918, Weighted Recall 0.18221920597217509

2025-02-25 11:51:41,346 - server - /home/marcuswrrn/Projects/Federated-Learning/src/coordination/server/validation.py - validation - 116 : Micro Precision 0.18221920597217509, Macro Precision 0.16666666666666666, Weighted Precision 1.0

2025-02-25 11:51:41,346 - server - /home/marcuswrrn/Projects/Federated-Learning/src/coordination/server/validation.py - validation - 123 : F1 Precision 0.18221920597217509, F1 Precision 0.05137772675086108, F1 Precision 1.0

2025-02-25 11:51:41,346 - server - /home/marcuswrrn/Projects/Federated-Learning/src/coordination/server/validation.py - validation - 131 : AUC Precision 0.0, AUC Precision 0.0, AUC Precision 0.0

2025-02-25 11:51:41,369 - server - /home/marcuswrrn/Projects/Federated-Learning/src/coordination/server/aggregation.py - check_database - 79 : Checking if done training (max round hit)
2025-02-25 11:51:41,369 - server - /home/marcuswrrn/Projects/Federated-Learning/src/coordination/server/aggregation.py - check_database - 80 : current round: 3, current + 1 : 4. max : 10
2025-02-25 11:51:41,408 - server - /home/marcuswrrn/Projects/Federated-Learning/src/coordination/server/aggregation.py - check_database - 90 : Starting training round 4
2025-02-25 11:51:50,672 - server - /home/marcuswrrn/Projects/Federated-Learning/src/coordination/server/server.py - get_model - 18 : Getting model to /home/marcuswrrn/Projects/Federated-Learning/src/coordination/instance/super_round_2/training_round_4/cca8a36729f9c3d7d52033fab4c025b2.pth
2025-02-25 11:52:04,373 - server - /home/marcuswrrn/Projects/Federated-Learning/src/coordination/server/server.py - upload_model - 35 : Received client model from : 8c09812f623883b067b6408f1b043bfd
2025-02-25 11:52:11,439 - server - /home/marcuswrrn/Projects/Federated-Learning/src/coordination/server/aggregation.py - check_database - 19 : Training round : 4
2025-02-25 11:52:11,439 - server - /home/marcuswrrn/Projects/Federated-Learning/src/coordination/server/aggregation.py - check_database - 30 : Aggregating
2025-02-25 11:52:11,488 - server - /home/marcuswrrn/Projects/Federated-Learning/src/coordination/server/aggregation.py - check_database - 44 : Loading Client ID : 8c09812f623883b067b6408f1b043bfd . Loading file /home/marcuswrrn/Projects/Federated-Learning/src/coordination/instance/super_round_2/training_round_4/client_models/8c09812f623883b067b6408f1b043bfd.pth
2025-02-25 11:52:11,620 - server - /home/marcuswrrn/Projects/Federated-Learning/src/coordination/server/validation.py - validation - 41 : Running validation ...
2025-02-25 11:52:24,726 - server - /home/marcuswrrn/Projects/Federated-Learning/src/coordination/server/validation.py - validation - 97 : Accuracy: 0.18221920597217509,
2025-02-25 11:52:24,726 - server - /home/marcuswrrn/Projects/Federated-Learning/src/coordination/server/validation.py - validation - 108 : Micro Recall 0.18221920597217509, Macro Recall 0.03036986766202918, Weighted Recall 0.18221920597217509

2025-02-25 11:52:24,726 - server - /home/marcuswrrn/Projects/Federated-Learning/src/coordination/server/validation.py - validation - 116 : Micro Precision 0.18221920597217509, Macro Precision 0.16666666666666666, Weighted Precision 1.0

2025-02-25 11:52:24,726 - server - /home/marcuswrrn/Projects/Federated-Learning/src/coordination/server/validation.py - validation - 123 : F1 Precision 0.18221920597217509, F1 Precision 0.05137772675086108, F1 Precision 1.0

2025-02-25 11:52:24,726 - server - /home/marcuswrrn/Projects/Federated-Learning/src/coordination/server/validation.py - validation - 131 : AUC Precision 0.0, AUC Precision 0.0, AUC Precision 0.0

2025-02-25 11:52:24,749 - server - /home/marcuswrrn/Projects/Federated-Learning/src/coordination/server/aggregation.py - check_database - 79 : Checking if done training (max round hit)
2025-02-25 11:52:24,749 - server - /home/marcuswrrn/Projects/Federated-Learning/src/coordination/server/aggregation.py - check_database - 80 : current round: 4, current + 1 : 5. max : 10
2025-02-25 11:52:24,788 - server - /home/marcuswrrn/Projects/Federated-Learning/src/coordination/server/aggregation.py - check_database - 90 : Starting training round 5
2025-02-25 11:52:34,442 - server - /home/marcuswrrn/Projects/Federated-Learning/src/coordination/server/server.py - get_model - 18 : Getting model to /home/marcuswrrn/Projects/Federated-Learning/src/coordination/instance/super_round_2/training_round_5/60d8236f94d17e8b2e14a3bfefdb9799.pth
2025-02-25 11:52:48,333 - server - /home/marcuswrrn/Projects/Federated-Learning/src/coordination/server/server.py - upload_model - 35 : Received client model from : 8c09812f623883b067b6408f1b043bfd
2025-02-25 11:52:54,808 - server - /home/marcuswrrn/Projects/Federated-Learning/src/coordination/server/aggregation.py - check_database - 19 : Training round : 5
2025-02-25 11:52:54,808 - server - /home/marcuswrrn/Projects/Federated-Learning/src/coordination/server/aggregation.py - check_database - 30 : Aggregating
2025-02-25 11:52:54,858 - server - /home/marcuswrrn/Projects/Federated-Learning/src/coordination/server/aggregation.py - check_database - 44 : Loading Client ID : 8c09812f623883b067b6408f1b043bfd . Loading file /home/marcuswrrn/Projects/Federated-Learning/src/coordination/instance/super_round_2/training_round_5/client_models/8c09812f623883b067b6408f1b043bfd.pth
2025-02-25 11:52:54,986 - server - /home/marcuswrrn/Projects/Federated-Learning/src/coordination/server/validation.py - validation - 41 : Running validation ...
2025-02-25 11:53:07,321 - server - /home/marcuswrrn/Projects/Federated-Learning/src/coordination/server/validation.py - validation - 97 : Accuracy: 0.18221920597217509,
2025-02-25 11:53:07,321 - server - /home/marcuswrrn/Projects/Federated-Learning/src/coordination/server/validation.py - validation - 108 : Micro Recall 0.18221920597217509, Macro Recall 0.03036986766202918, Weighted Recall 0.18221920597217509

2025-02-25 11:53:07,321 - server - /home/marcuswrrn/Projects/Federated-Learning/src/coordination/server/validation.py - validation - 116 : Micro Precision 0.18221920597217509, Macro Precision 0.16666666666666666, Weighted Precision 1.0

2025-02-25 11:53:07,321 - server - /home/marcuswrrn/Projects/Federated-Learning/src/coordination/server/validation.py - validation - 123 : F1 Precision 0.18221920597217509, F1 Precision 0.05137772675086108, F1 Precision 1.0

2025-02-25 11:53:07,321 - server - /home/marcuswrrn/Projects/Federated-Learning/src/coordination/server/validation.py - validation - 131 : AUC Precision 0.0, AUC Precision 0.0, AUC Precision 0.0

2025-02-25 11:53:07,345 - server - /home/marcuswrrn/Projects/Federated-Learning/src/coordination/server/aggregation.py - check_database - 79 : Checking if done training (max round hit)
2025-02-25 11:53:07,345 - server - /home/marcuswrrn/Projects/Federated-Learning/src/coordination/server/aggregation.py - check_database - 80 : current round: 5, current + 1 : 6. max : 10
2025-02-25 11:53:07,385 - server - /home/marcuswrrn/Projects/Federated-Learning/src/coordination/server/aggregation.py - check_database - 90 : Starting training round 6
2025-02-25 11:53:18,413 - server - /home/marcuswrrn/Projects/Federated-Learning/src/coordination/server/server.py - get_model - 18 : Getting model to /home/marcuswrrn/Projects/Federated-Learning/src/coordination/instance/super_round_2/training_round_6/a6c8de1227c7027a51139dd6b860872f.pth
2025-02-25 11:53:24,981 - server - /home/marcuswrrn/Projects/Federated-Learning/src/coordination/server/__init__.py - create_app - 25 : Starting up server
2025-02-25 11:53:24,981 - server - /home/marcuswrrn/Projects/Federated-Learning/src/coordination/server/__init__.py - create_app - 31 : Database path : /home/marcuswrrn/Projects/Federated-Learning/src/coordination/instance/db.sqlite
2025-02-25 11:53:24,984 - server - /home/marcuswrrn/Projects/Federated-Learning/src/coordination/server/__init__.py - create_app - 47 : Map([<Rule '/static/<filename>' (GET, HEAD, OPTIONS) -> static>,
 <Rule '/training/get_model/<model_id>' (GET, HEAD, OPTIONS) -> training.get_model>,
 <Rule '/training/upload-model' (POST, OPTIONS) -> training.upload_model>,
 <Rule '/training/display_models' (GET, HEAD, OPTIONS) -> training.display>,
 <Rule '/training/ping' (POST, OPTIONS) -> training.ping_server>,
 <Rule '/training/initialize' (POST, OPTIONS) -> training.init_training>,
 <Rule '/training/shutdown' (GET, HEAD, OPTIONS) -> training.shutdown>,
 <Rule '/training/connect_test' (POST, GET, HEAD, OPTIONS) -> training.connected>,
 <Rule '/view/models/<super_round>' (GET, HEAD, OPTIONS) -> view.models>,
 <Rule '/view/current_round' (GET, HEAD, OPTIONS) -> view.current_round>])
2025-02-25 11:53:24,984 - server - /home/marcuswrrn/Projects/Federated-Learning/src/coordination/server/aggregation.py - check_database - 11 : Starting database check
2025-02-25 11:53:24,987 - server - /home/marcuswrrn/Projects/Federated-Learning/src/coordination/server/aggregation.py - check_database - 19 : Training round : 6
2025-02-25 11:53:31,904 - server - /home/marcuswrrn/Projects/Federated-Learning/src/coordination/server/server.py - upload_model - 35 : Received client model from : 8c09812f623883b067b6408f1b043bfd
2025-02-25 11:53:55,010 - server - /home/marcuswrrn/Projects/Federated-Learning/src/coordination/server/aggregation.py - check_database - 19 : Training round : 6
2025-02-25 11:53:55,010 - server - /home/marcuswrrn/Projects/Federated-Learning/src/coordination/server/aggregation.py - check_database - 30 : Aggregating
2025-02-25 11:53:55,091 - server - /home/marcuswrrn/Projects/Federated-Learning/src/coordination/server/aggregation.py - check_database - 44 : Loading Client ID : 8c09812f623883b067b6408f1b043bfd . Loading file /home/marcuswrrn/Projects/Federated-Learning/src/coordination/instance/super_round_2/training_round_6/client_models/8c09812f623883b067b6408f1b043bfd.pth
2025-02-25 11:53:55,241 - server - /home/marcuswrrn/Projects/Federated-Learning/src/coordination/server/validation.py - validation - 41 : Running validation ...
2025-02-25 11:54:06,511 - server - /home/marcuswrrn/Projects/Federated-Learning/src/coordination/server/validation.py - validation - 97 : Accuracy: 0.18221920597217509,
2025-02-25 11:54:06,511 - server - /home/marcuswrrn/Projects/Federated-Learning/src/coordination/server/validation.py - validation - 108 : Micro Recall 0.18221920597217509, Macro Recall 0.03036986766202918, Weighted Recall 0.18221920597217509

2025-02-25 11:54:06,511 - server - /home/marcuswrrn/Projects/Federated-Learning/src/coordination/server/validation.py - validation - 116 : Micro Precision 0.18221920597217509, Macro Precision 0.16666666666666666, Weighted Precision 1.0

2025-02-25 11:54:06,511 - server - /home/marcuswrrn/Projects/Federated-Learning/src/coordination/server/validation.py - validation - 123 : F1 Precision 0.18221920597217509, F1 Precision 0.05137772675086108, F1 Precision 1.0

2025-02-25 11:54:06,511 - server - /home/marcuswrrn/Projects/Federated-Learning/src/coordination/server/validation.py - validation - 131 : AUC Precision 0.0, AUC Precision 0.0, AUC Precision 0.0

2025-02-25 11:54:06,534 - server - /home/marcuswrrn/Projects/Federated-Learning/src/coordination/server/aggregation.py - check_database - 79 : Checking if done training (max round hit)
2025-02-25 11:54:06,534 - server - /home/marcuswrrn/Projects/Federated-Learning/src/coordination/server/aggregation.py - check_database - 80 : current round: 6, current + 1 : 7. max : 10
2025-02-25 11:54:06,577 - server - /home/marcuswrrn/Projects/Federated-Learning/src/coordination/server/aggregation.py - check_database - 90 : Starting training round 7
2025-02-25 11:54:43,948 - server - /home/marcuswrrn/Projects/Federated-Learning/src/coordination/server/server.py - init_training - 106 : New Super round
2025-02-25 11:54:43,948 - server - /home/marcuswrrn/Projects/Federated-Learning/src/coordination/server/server.py - init_training - 107 : Start training
2025-02-25 11:54:43,963 - server - /home/marcuswrrn/Projects/Federated-Learning/src/coordination/server/server.py - init_training - 125 : Round initializer
2025-02-25 11:54:44,023 - server - /home/marcuswrrn/Projects/Federated-Learning/src/coordination/server/aggregation.py - check_database - 19 : Training round : 1
2025-02-25 11:55:01,992 - server - /home/marcuswrrn/Projects/Federated-Learning/src/coordination/server/server.py - get_model - 18 : Getting model to /home/marcuswrrn/Projects/Federated-Learning/src/coordination/instance/super_round_3/training_round_1/3e98d5a27eeeab1367abfc39899cc48b.pth
2025-02-25 11:55:14,054 - server - /home/marcuswrrn/Projects/Federated-Learning/src/coordination/server/aggregation.py - check_database - 19 : Training round : 1
2025-02-25 11:55:14,118 - server - /home/marcuswrrn/Projects/Federated-Learning/src/coordination/server/server.py - upload_model - 35 : Received client model from : 8c09812f623883b067b6408f1b043bfd
2025-02-25 11:55:35,552 - server - /home/marcuswrrn/Projects/Federated-Learning/src/coordination/server/__init__.py - create_app - 25 : Starting up server
2025-02-25 11:55:35,552 - server - /home/marcuswrrn/Projects/Federated-Learning/src/coordination/server/__init__.py - create_app - 31 : Database path : /home/marcuswrrn/Projects/Federated-Learning/src/coordination/instance/db.sqlite
2025-02-25 11:55:35,554 - server - /home/marcuswrrn/Projects/Federated-Learning/src/coordination/server/__init__.py - create_app - 47 : Map([<Rule '/static/<filename>' (OPTIONS, GET, HEAD) -> static>,
 <Rule '/training/get_model/<model_id>' (OPTIONS, GET, HEAD) -> training.get_model>,
 <Rule '/training/upload-model' (POST, OPTIONS) -> training.upload_model>,
 <Rule '/training/display_models' (OPTIONS, GET, HEAD) -> training.display>,
 <Rule '/training/ping' (POST, OPTIONS) -> training.ping_server>,
 <Rule '/training/initialize' (POST, OPTIONS) -> training.init_training>,
 <Rule '/training/shutdown' (OPTIONS, GET, HEAD) -> training.shutdown>,
 <Rule '/training/connect_test' (POST, OPTIONS, GET, HEAD) -> training.connected>,
 <Rule '/view/models/<super_round>' (OPTIONS, GET, HEAD) -> view.models>,
 <Rule '/view/current_round' (OPTIONS, GET, HEAD) -> view.current_round>])
2025-02-25 11:55:35,554 - server - /home/marcuswrrn/Projects/Federated-Learning/src/coordination/server/aggregation.py - check_database - 11 : Starting database check
2025-02-25 11:55:35,556 - server - /home/marcuswrrn/Projects/Federated-Learning/src/coordination/server/aggregation.py - check_database - 19 : Training round : 1
2025-02-25 11:55:35,556 - server - /home/marcuswrrn/Projects/Federated-Learning/src/coordination/server/aggregation.py - check_database - 30 : Aggregating
2025-02-25 11:55:35,640 - server - /home/marcuswrrn/Projects/Federated-Learning/src/coordination/server/aggregation.py - check_database - 44 : Loading Client ID : 8c09812f623883b067b6408f1b043bfd . Loading file /home/marcuswrrn/Projects/Federated-Learning/src/coordination/instance/super_round_3/training_round_1/client_models/8c09812f623883b067b6408f1b043bfd.pth
2025-02-25 11:55:35,796 - server - /home/marcuswrrn/Projects/Federated-Learning/src/coordination/server/validation.py - validation - 41 : Running validation ...
2025-02-25 11:55:44,683 - server - /home/marcuswrrn/Projects/Federated-Learning/src/coordination/server/server.py - init_training - 106 : New Super round
2025-02-25 11:55:44,683 - server - /home/marcuswrrn/Projects/Federated-Learning/src/coordination/server/server.py - init_training - 107 : Start training
2025-02-25 11:55:44,694 - server - /home/marcuswrrn/Projects/Federated-Learning/src/coordination/server/server.py - init_training - 125 : Round initializer
2025-02-25 11:55:47,889 - server - /home/marcuswrrn/Projects/Federated-Learning/src/coordination/server/validation.py - validation - 97 : Accuracy: 0.18221920597217509,
2025-02-25 11:55:47,889 - server - /home/marcuswrrn/Projects/Federated-Learning/src/coordination/server/validation.py - validation - 108 : Micro Recall 0.18221920597217509, Macro Recall 0.03036986766202918, Weighted Recall 0.18221920597217509

2025-02-25 11:55:47,889 - server - /home/marcuswrrn/Projects/Federated-Learning/src/coordination/server/validation.py - validation - 116 : Micro Precision 0.18221920597217509, Macro Precision 0.16666666666666666, Weighted Precision 1.0

2025-02-25 11:55:47,889 - server - /home/marcuswrrn/Projects/Federated-Learning/src/coordination/server/validation.py - validation - 123 : F1 Precision 0.18221920597217509, F1 Precision 0.05137772675086108, F1 Precision 1.0

2025-02-25 11:55:47,889 - server - /home/marcuswrrn/Projects/Federated-Learning/src/coordination/server/validation.py - validation - 131 : AUC Precision 0.0, AUC Precision 0.0, AUC Precision 0.0

2025-02-25 11:55:47,906 - server - /home/marcuswrrn/Projects/Federated-Learning/src/coordination/server/aggregation.py - check_database - 79 : Checking if done training (max round hit)
2025-02-25 11:55:47,907 - server - /home/marcuswrrn/Projects/Federated-Learning/src/coordination/server/aggregation.py - check_database - 80 : current round: 1, current + 1 : 2. max : 10
2025-02-25 11:55:47,949 - server - /home/marcuswrrn/Projects/Federated-Learning/src/coordination/server/aggregation.py - check_database - 90 : Starting training round 2
2025-02-25 11:56:17,978 - server - /home/marcuswrrn/Projects/Federated-Learning/src/coordination/server/aggregation.py - check_database - 19 : Training round : 2
2025-02-25 11:56:47,993 - server - /home/marcuswrrn/Projects/Federated-Learning/src/coordination/server/aggregation.py - check_database - 19 : Training round : 2
2025-02-25 11:57:00,229 - server - /home/marcuswrrn/Projects/Federated-Learning/src/coordination/server/__init__.py - create_app - 25 : Starting up server
2025-02-25 11:57:00,229 - server - /home/marcuswrrn/Projects/Federated-Learning/src/coordination/server/__init__.py - create_app - 31 : Database path : /home/marcuswrrn/Projects/Federated-Learning/src/coordination/instance/db.sqlite
2025-02-25 11:57:00,231 - server - /home/marcuswrrn/Projects/Federated-Learning/src/coordination/server/__init__.py - create_app - 47 : Map([<Rule '/static/<filename>' (HEAD, OPTIONS, GET) -> static>,
 <Rule '/training/get_model/<model_id>' (HEAD, OPTIONS, GET) -> training.get_model>,
 <Rule '/training/upload-model' (POST, OPTIONS) -> training.upload_model>,
 <Rule '/training/display_models' (HEAD, OPTIONS, GET) -> training.display>,
 <Rule '/training/ping' (POST, OPTIONS) -> training.ping_server>,
 <Rule '/training/initialize' (POST, OPTIONS) -> training.init_training>,
 <Rule '/training/shutdown' (HEAD, OPTIONS, GET) -> training.shutdown>,
 <Rule '/training/connect_test' (HEAD, POST, OPTIONS, GET) -> training.connected>,
 <Rule '/view/models/<super_round>' (HEAD, OPTIONS, GET) -> view.models>,
 <Rule '/view/current_round' (HEAD, OPTIONS, GET) -> view.current_round>])
2025-02-25 11:57:00,232 - server - /home/marcuswrrn/Projects/Federated-Learning/src/coordination/server/aggregation.py - check_database - 11 : Starting database check
2025-02-25 11:57:00,234 - server - /home/marcuswrrn/Projects/Federated-Learning/src/coordination/server/aggregation.py - check_database - 19 : Training round : 2
2025-02-25 11:57:09,483 - server - /home/marcuswrrn/Projects/Federated-Learning/src/coordination/server/server.py - init_training - 106 : New Super round
2025-02-25 11:57:09,483 - server - /home/marcuswrrn/Projects/Federated-Learning/src/coordination/server/server.py - init_training - 107 : Start training
2025-02-25 11:57:09,493 - server - /home/marcuswrrn/Projects/Federated-Learning/src/coordination/server/server.py - init_training - 126 : Round initializer
2025-02-25 11:57:30,265 - server - /home/marcuswrrn/Projects/Federated-Learning/src/coordination/server/aggregation.py - check_database - 19 : Training round : 1
2025-02-25 11:57:43,832 - server - /home/marcuswrrn/Projects/Federated-Learning/src/coordination/server/__init__.py - create_app - 25 : Starting up server
2025-02-25 11:57:43,833 - server - /home/marcuswrrn/Projects/Federated-Learning/src/coordination/server/__init__.py - create_app - 31 : Database path : /home/marcuswrrn/Projects/Federated-Learning/src/coordination/instance/db.sqlite
2025-02-25 11:57:43,837 - server - /home/marcuswrrn/Projects/Federated-Learning/src/coordination/server/__init__.py - create_app - 47 : Map([<Rule '/static/<filename>' (OPTIONS, HEAD, GET) -> static>,
 <Rule '/training/get_model/<model_id>' (OPTIONS, HEAD, GET) -> training.get_model>,
 <Rule '/training/upload-model' (OPTIONS, POST) -> training.upload_model>,
 <Rule '/training/display_models' (OPTIONS, HEAD, GET) -> training.display>,
 <Rule '/training/ping' (OPTIONS, POST) -> training.ping_server>,
 <Rule '/training/initialize' (OPTIONS, POST) -> training.init_training>,
 <Rule '/training/shutdown' (OPTIONS, HEAD, GET) -> training.shutdown>,
 <Rule '/training/connect_test' (OPTIONS, HEAD, GET, POST) -> training.connected>,
 <Rule '/view/models/<super_round>' (OPTIONS, HEAD, GET) -> view.models>,
 <Rule '/view/current_round' (OPTIONS, HEAD, GET) -> view.current_round>])
2025-02-25 11:57:43,837 - server - /home/marcuswrrn/Projects/Federated-Learning/src/coordination/server/aggregation.py - check_database - 11 : Starting database check
2025-02-25 11:57:43,839 - server - /home/marcuswrrn/Projects/Federated-Learning/src/coordination/server/aggregation.py - check_database - 19 : Training round : 1
2025-02-25 11:57:50,019 - server - /home/marcuswrrn/Projects/Federated-Learning/src/coordination/server/server.py - init_training - 106 : New Super round
2025-02-25 11:57:50,020 - server - /home/marcuswrrn/Projects/Federated-Learning/src/coordination/server/server.py - init_training - 107 : Start training
2025-02-25 11:57:50,030 - server - /home/marcuswrrn/Projects/Federated-Learning/src/coordination/server/server.py - init_training - 126 : Round initializer
2025-02-25 11:58:13,844 - server - /home/marcuswrrn/Projects/Federated-Learning/src/coordination/server/aggregation.py - check_database - 19 : Training round : 1
2025-02-25 11:58:24,943 - server - /home/marcuswrrn/Projects/Federated-Learning/src/coordination/server/__init__.py - create_app - 25 : Starting up server
2025-02-25 11:58:24,943 - server - /home/marcuswrrn/Projects/Federated-Learning/src/coordination/server/__init__.py - create_app - 31 : Database path : /home/marcuswrrn/Projects/Federated-Learning/src/coordination/instance/db.sqlite
2025-02-25 11:58:24,945 - server - /home/marcuswrrn/Projects/Federated-Learning/src/coordination/server/__init__.py - create_app - 47 : Map([<Rule '/static/<filename>' (HEAD, OPTIONS, GET) -> static>,
 <Rule '/training/get_model/<model_id>' (HEAD, OPTIONS, GET) -> training.get_model>,
 <Rule '/training/upload-model' (POST, OPTIONS) -> training.upload_model>,
 <Rule '/training/display_models' (HEAD, OPTIONS, GET) -> training.display>,
 <Rule '/training/ping' (POST, OPTIONS) -> training.ping_server>,
 <Rule '/training/initialize' (POST, OPTIONS) -> training.init_training>,
 <Rule '/training/shutdown' (HEAD, OPTIONS, GET) -> training.shutdown>,
 <Rule '/training/connect_test' (POST, HEAD, OPTIONS, GET) -> training.connected>,
 <Rule '/view/models/<super_round>' (HEAD, OPTIONS, GET) -> view.models>,
 <Rule '/view/current_round' (HEAD, OPTIONS, GET) -> view.current_round>])
2025-02-25 11:58:24,945 - server - /home/marcuswrrn/Projects/Federated-Learning/src/coordination/server/aggregation.py - check_database - 11 : Starting database check
2025-02-25 11:58:24,946 - server - /home/marcuswrrn/Projects/Federated-Learning/src/coordination/server/aggregation.py - check_database - 19 : Training round : 1
2025-02-25 11:58:29,926 - server - /home/marcuswrrn/Projects/Federated-Learning/src/coordination/server/server.py - init_training - 106 : New Super round
2025-02-25 11:58:29,926 - server - /home/marcuswrrn/Projects/Federated-Learning/src/coordination/server/server.py - init_training - 107 : Start training
2025-02-25 11:58:29,936 - server - /home/marcuswrrn/Projects/Federated-Learning/src/coordination/server/server.py - init_training - 126 : Round initializer
2025-02-25 11:58:55,260 - server - /home/marcuswrrn/Projects/Federated-Learning/src/coordination/server/__init__.py - create_app - 25 : Starting up server
2025-02-25 11:58:55,260 - server - /home/marcuswrrn/Projects/Federated-Learning/src/coordination/server/__init__.py - create_app - 31 : Database path : /home/marcuswrrn/Projects/Federated-Learning/src/coordination/instance/db.sqlite
2025-02-25 11:58:55,262 - server - /home/marcuswrrn/Projects/Federated-Learning/src/coordination/server/__init__.py - create_app - 47 : Map([<Rule '/static/<filename>' (OPTIONS, HEAD, GET) -> static>,
 <Rule '/training/get_model/<model_id>' (OPTIONS, HEAD, GET) -> training.get_model>,
 <Rule '/training/upload-model' (OPTIONS, POST) -> training.upload_model>,
 <Rule '/training/display_models' (OPTIONS, HEAD, GET) -> training.display>,
 <Rule '/training/ping' (OPTIONS, POST) -> training.ping_server>,
 <Rule '/training/initialize' (OPTIONS, POST) -> training.init_training>,
 <Rule '/training/shutdown' (OPTIONS, HEAD, GET) -> training.shutdown>,
 <Rule '/training/connect_test' (OPTIONS, HEAD, GET, POST) -> training.connected>,
 <Rule '/view/models/<super_round>' (OPTIONS, HEAD, GET) -> view.models>,
 <Rule '/view/current_round' (OPTIONS, HEAD, GET) -> view.current_round>])
2025-02-25 11:58:55,262 - server - /home/marcuswrrn/Projects/Federated-Learning/src/coordination/server/aggregation.py - check_database - 11 : Starting database check
2025-02-25 11:59:06,569 - server - /home/marcuswrrn/Projects/Federated-Learning/src/coordination/server/server.py - init_training - 106 : New Super round
2025-02-25 11:59:06,569 - server - /home/marcuswrrn/Projects/Federated-Learning/src/coordination/server/server.py - init_training - 107 : Start training
2025-02-25 11:59:06,582 - server - /home/marcuswrrn/Projects/Federated-Learning/src/coordination/server/server.py - init_training - 126 : Round initializer
2025-02-25 11:59:06,590 - server - /home/marcuswrrn/Projects/Federated-Learning/src/coordination/server/aggregation.py - check_database - 19 : Training round : 1
2025-02-25 11:59:22,834 - server - /home/marcuswrrn/Projects/Federated-Learning/src/coordination/server/server.py - init_training - 106 : New Super round
2025-02-25 11:59:22,835 - server - /home/marcuswrrn/Projects/Federated-Learning/src/coordination/server/server.py - init_training - 107 : Start training
2025-02-25 11:59:22,845 - server - /home/marcuswrrn/Projects/Federated-Learning/src/coordination/server/server.py - init_training - 126 : Round initializer
2025-02-25 11:59:36,596 - server - /home/marcuswrrn/Projects/Federated-Learning/src/coordination/server/aggregation.py - check_database - 19 : Training round : 1
2025-02-25 12:00:06,619 - server - /home/marcuswrrn/Projects/Federated-Learning/src/coordination/server/aggregation.py - check_database - 19 : Training round : 1
2025-02-25 12:00:36,650 - server - /home/marcuswrrn/Projects/Federated-Learning/src/coordination/server/aggregation.py - check_database - 19 : Training round : 1
2025-02-25 12:00:41,009 - server - /home/marcuswrrn/Projects/Federated-Learning/src/coordination/server/__init__.py - create_app - 25 : Starting up server
2025-02-25 12:00:41,009 - server - /home/marcuswrrn/Projects/Federated-Learning/src/coordination/server/__init__.py - create_app - 31 : Database path : /home/marcuswrrn/Projects/Federated-Learning/src/coordination/instance/db.sqlite
2025-02-25 12:00:41,011 - server - /home/marcuswrrn/Projects/Federated-Learning/src/coordination/server/__init__.py - create_app - 47 : Map([<Rule '/static/<filename>' (GET, OPTIONS, HEAD) -> static>,
 <Rule '/training/get_model/<model_id>' (GET, OPTIONS, HEAD) -> training.get_model>,
 <Rule '/training/upload-model' (POST, OPTIONS) -> training.upload_model>,
 <Rule '/training/display_models' (GET, OPTIONS, HEAD) -> training.display>,
 <Rule '/training/ping' (POST, OPTIONS) -> training.ping_server>,
 <Rule '/training/initialize' (POST, OPTIONS) -> training.init_training>,
 <Rule '/training/shutdown' (GET, OPTIONS, HEAD) -> training.shutdown>,
 <Rule '/training/connect_test' (POST, OPTIONS, GET, HEAD) -> training.connected>,
 <Rule '/view/models/<super_round>' (GET, OPTIONS, HEAD) -> view.models>,
 <Rule '/view/current_round' (GET, OPTIONS, HEAD) -> view.current_round>])
2025-02-25 12:00:41,011 - server - /home/marcuswrrn/Projects/Federated-Learning/src/coordination/server/aggregation.py - check_database - 11 : Starting database check
2025-02-25 12:00:41,013 - server - /home/marcuswrrn/Projects/Federated-Learning/src/coordination/server/aggregation.py - check_database - 19 : Training round : 1
2025-02-25 12:00:50,987 - server - /home/marcuswrrn/Projects/Federated-Learning/src/coordination/server/server.py - init_training - 106 : New Super round
2025-02-25 12:00:50,987 - server - /home/marcuswrrn/Projects/Federated-Learning/src/coordination/server/server.py - init_training - 107 : Start training
2025-02-25 12:00:51,000 - server - /home/marcuswrrn/Projects/Federated-Learning/src/coordination/server/server.py - init_training - 126 : Round initializer
2025-02-25 12:01:06,736 - server - /home/marcuswrrn/Projects/Federated-Learning/src/coordination/server/server.py - init_training - 106 : New Super round
2025-02-25 12:01:06,737 - server - /home/marcuswrrn/Projects/Federated-Learning/src/coordination/server/server.py - init_training - 107 : Start training
2025-02-25 12:01:06,747 - server - /home/marcuswrrn/Projects/Federated-Learning/src/coordination/server/server.py - init_training - 126 : Round initializer
2025-02-25 12:01:11,044 - server - /home/marcuswrrn/Projects/Federated-Learning/src/coordination/server/aggregation.py - check_database - 19 : Training round : 1
2025-02-25 12:01:13,563 - server - /home/marcuswrrn/Projects/Federated-Learning/src/coordination/server/server.py - init_training - 106 : New Super round
2025-02-25 12:01:13,563 - server - /home/marcuswrrn/Projects/Federated-Learning/src/coordination/server/server.py - init_training - 107 : Start training
2025-02-25 12:01:13,574 - server - /home/marcuswrrn/Projects/Federated-Learning/src/coordination/server/server.py - init_training - 126 : Round initializer
2025-02-25 12:01:41,075 - server - /home/marcuswrrn/Projects/Federated-Learning/src/coordination/server/aggregation.py - check_database - 19 : Training round : 1
2025-02-25 12:02:11,105 - server - /home/marcuswrrn/Projects/Federated-Learning/src/coordination/server/aggregation.py - check_database - 19 : Training round : 1
2025-02-25 12:02:41,136 - server - /home/marcuswrrn/Projects/Federated-Learning/src/coordination/server/aggregation.py - check_database - 19 : Training round : 1
2025-02-25 12:03:11,167 - server - /home/marcuswrrn/Projects/Federated-Learning/src/coordination/server/aggregation.py - check_database - 19 : Training round : 1
2025-02-25 12:03:32,375 - server - /home/marcuswrrn/Projects/Federated-Learning/src/coordination/server/__init__.py - create_app - 25 : Starting up server
2025-02-25 12:03:32,375 - server - /home/marcuswrrn/Projects/Federated-Learning/src/coordination/server/__init__.py - create_app - 31 : Database path : /home/marcuswrrn/Projects/Federated-Learning/src/coordination/instance/db.sqlite
2025-02-25 12:03:32,377 - server - /home/marcuswrrn/Projects/Federated-Learning/src/coordination/server/__init__.py - create_app - 47 : Map([<Rule '/static/<filename>' (HEAD, GET, OPTIONS) -> static>,
 <Rule '/training/get_model/<model_id>' (HEAD, GET, OPTIONS) -> training.get_model>,
 <Rule '/training/upload-model' (OPTIONS, POST) -> training.upload_model>,
 <Rule '/training/display_models' (HEAD, GET, OPTIONS) -> training.display>,
 <Rule '/training/ping' (OPTIONS, POST) -> training.ping_server>,
 <Rule '/training/initialize' (OPTIONS, POST) -> training.init_training>,
 <Rule '/training/shutdown' (HEAD, GET, OPTIONS) -> training.shutdown>,
 <Rule '/training/connect_test' (HEAD, GET, OPTIONS, POST) -> training.connected>,
 <Rule '/view/models/<super_round>' (HEAD, GET, OPTIONS) -> view.models>,
 <Rule '/view/current_round' (HEAD, GET, OPTIONS) -> view.current_round>])
2025-02-25 12:03:32,378 - server - /home/marcuswrrn/Projects/Federated-Learning/src/coordination/server/aggregation.py - check_database - 11 : Starting database check
2025-02-25 12:03:32,379 - server - /home/marcuswrrn/Projects/Federated-Learning/src/coordination/server/aggregation.py - check_database - 19 : Training round : 1
2025-02-25 12:03:37,939 - server - /home/marcuswrrn/Projects/Federated-Learning/src/coordination/server/server.py - init_training - 106 : New Super round
2025-02-25 12:03:37,939 - server - /home/marcuswrrn/Projects/Federated-Learning/src/coordination/server/server.py - init_training - 107 : Start training
2025-02-25 12:03:37,951 - server - /home/marcuswrrn/Projects/Federated-Learning/src/coordination/server/server.py - init_training - 126 : Round initializer
2025-02-25 12:03:42,859 - server - /home/marcuswrrn/Projects/Federated-Learning/src/coordination/server/server.py - init_training - 106 : New Super round
2025-02-25 12:03:42,859 - server - /home/marcuswrrn/Projects/Federated-Learning/src/coordination/server/server.py - init_training - 107 : Start training
2025-02-25 12:03:42,870 - server - /home/marcuswrrn/Projects/Federated-Learning/src/coordination/server/server.py - init_training - 126 : Round initializer
2025-02-25 12:03:49,261 - server - /home/marcuswrrn/Projects/Federated-Learning/src/coordination/server/server.py - init_training - 106 : New Super round
2025-02-25 12:03:49,261 - server - /home/marcuswrrn/Projects/Federated-Learning/src/coordination/server/server.py - init_training - 107 : Start training
2025-02-25 12:03:49,271 - server - /home/marcuswrrn/Projects/Federated-Learning/src/coordination/server/server.py - init_training - 126 : Round initializer
2025-02-25 12:04:02,410 - server - /home/marcuswrrn/Projects/Federated-Learning/src/coordination/server/aggregation.py - check_database - 19 : Training round : 1
2025-02-25 12:04:32,441 - server - /home/marcuswrrn/Projects/Federated-Learning/src/coordination/server/aggregation.py - check_database - 19 : Training round : 1
2025-02-25 12:04:41,550 - server - /home/marcuswrrn/Projects/Federated-Learning/src/coordination/server/__init__.py - create_app - 25 : Starting up server
2025-02-25 12:04:41,550 - server - /home/marcuswrrn/Projects/Federated-Learning/src/coordination/server/__init__.py - create_app - 31 : Database path : /home/marcuswrrn/Projects/Federated-Learning/src/coordination/instance/db.sqlite
2025-02-25 12:04:41,552 - server - /home/marcuswrrn/Projects/Federated-Learning/src/coordination/server/__init__.py - create_app - 47 : Map([<Rule '/static/<filename>' (HEAD, GET, OPTIONS) -> static>,
 <Rule '/training/get_model/<model_id>' (HEAD, GET, OPTIONS) -> training.get_model>,
 <Rule '/training/upload-model' (POST, OPTIONS) -> training.upload_model>,
 <Rule '/training/display_models' (HEAD, GET, OPTIONS) -> training.display>,
 <Rule '/training/ping' (POST, OPTIONS) -> training.ping_server>,
 <Rule '/training/initialize' (POST, OPTIONS) -> training.init_training>,
 <Rule '/training/shutdown' (HEAD, GET, OPTIONS) -> training.shutdown>,
 <Rule '/training/connect_test' (POST, HEAD, GET, OPTIONS) -> training.connected>,
 <Rule '/view/models/<super_round>' (HEAD, GET, OPTIONS) -> view.models>,
 <Rule '/view/current_round' (HEAD, GET, OPTIONS) -> view.current_round>])
2025-02-25 12:04:41,553 - server - /home/marcuswrrn/Projects/Federated-Learning/src/coordination/server/aggregation.py - check_database - 11 : Starting database check
2025-02-25 12:04:41,555 - server - /home/marcuswrrn/Projects/Federated-Learning/src/coordination/server/aggregation.py - check_database - 19 : Training round : 1
2025-02-25 12:05:11,585 - server - /home/marcuswrrn/Projects/Federated-Learning/src/coordination/server/aggregation.py - check_database - 19 : Training round : 1
2025-02-25 12:05:41,614 - server - /home/marcuswrrn/Projects/Federated-Learning/src/coordination/server/aggregation.py - check_database - 19 : Training round : 1
2025-02-25 12:06:11,645 - server - /home/marcuswrrn/Projects/Federated-Learning/src/coordination/server/aggregation.py - check_database - 19 : Training round : 1
2025-02-25 12:09:39,816 - server - /home/marcuswrrn/Projects/Federated-Learning/src/coordination/server/__init__.py - create_app - 25 : Starting up server
2025-02-25 12:09:39,816 - server - /home/marcuswrrn/Projects/Federated-Learning/src/coordination/server/__init__.py - create_app - 31 : Database path : /home/marcuswrrn/Projects/Federated-Learning/src/coordination/instance/db.sqlite
2025-02-25 12:09:39,818 - server - /home/marcuswrrn/Projects/Federated-Learning/src/coordination/server/__init__.py - create_app - 47 : Map([<Rule '/static/<filename>' (OPTIONS, HEAD, GET) -> static>,
 <Rule '/training/get_model/<model_id>' (OPTIONS, HEAD, GET) -> training.get_model>,
 <Rule '/training/upload-model' (OPTIONS, POST) -> training.upload_model>,
 <Rule '/training/display_models' (OPTIONS, HEAD, GET) -> training.display>,
 <Rule '/training/ping' (OPTIONS, POST) -> training.ping_server>,
 <Rule '/training/initialize' (OPTIONS, POST) -> training.init_training>,
 <Rule '/training/shutdown' (OPTIONS, HEAD, GET) -> training.shutdown>,
 <Rule '/training/connect_test' (OPTIONS, POST, HEAD, GET) -> training.connected>,
 <Rule '/view/models/<super_round>' (OPTIONS, HEAD, GET) -> view.models>,
 <Rule '/view/current_round' (OPTIONS, HEAD, GET) -> view.current_round>])
2025-02-25 12:09:39,818 - server - /home/marcuswrrn/Projects/Federated-Learning/src/coordination/server/aggregation.py - check_database - 11 : Starting database check
2025-02-25 12:09:39,819 - server - /home/marcuswrrn/Projects/Federated-Learning/src/coordination/server/aggregation.py - check_database - 19 : Training round : 1
2025-02-25 12:10:11,714 - server - /home/marcuswrrn/Projects/Federated-Learning/src/coordination/server/__init__.py - create_app - 25 : Starting up server
2025-02-25 12:10:11,714 - server - /home/marcuswrrn/Projects/Federated-Learning/src/coordination/server/__init__.py - create_app - 31 : Database path : /home/marcuswrrn/Projects/Federated-Learning/src/coordination/instance/db.sqlite
2025-02-25 12:10:11,715 - server - /home/marcuswrrn/Projects/Federated-Learning/src/coordination/server/__init__.py - create_app - 47 : Map([<Rule '/static/<filename>' (HEAD, OPTIONS, GET) -> static>,
 <Rule '/training/get_model/<model_id>' (HEAD, OPTIONS, GET) -> training.get_model>,
 <Rule '/training/upload-model' (OPTIONS, POST) -> training.upload_model>,
 <Rule '/training/display_models' (HEAD, OPTIONS, GET) -> training.display>,
 <Rule '/training/ping' (OPTIONS, POST) -> training.ping_server>,
 <Rule '/training/initialize' (OPTIONS, POST) -> training.init_training>,
 <Rule '/training/shutdown' (HEAD, OPTIONS, GET) -> training.shutdown>,
 <Rule '/training/connect_test' (HEAD, OPTIONS, POST, GET) -> training.connected>,
 <Rule '/view/models/<super_round>' (HEAD, OPTIONS, GET) -> view.models>,
 <Rule '/view/current_round' (HEAD, OPTIONS, GET) -> view.current_round>])
2025-02-25 12:10:11,716 - server - /home/marcuswrrn/Projects/Federated-Learning/src/coordination/server/aggregation.py - check_database - 11 : Starting database check
2025-02-25 12:10:11,717 - server - /home/marcuswrrn/Projects/Federated-Learning/src/coordination/server/aggregation.py - check_database - 19 : Training round : 1
2025-02-25 12:10:32,984 - server - /home/marcuswrrn/Projects/Federated-Learning/src/coordination/server/__init__.py - create_app - 25 : Starting up server
2025-02-25 12:10:32,984 - server - /home/marcuswrrn/Projects/Federated-Learning/src/coordination/server/__init__.py - create_app - 31 : Database path : /home/marcuswrrn/Projects/Federated-Learning/src/coordination/instance/db.sqlite
2025-02-25 12:10:32,986 - server - /home/marcuswrrn/Projects/Federated-Learning/src/coordination/server/__init__.py - create_app - 47 : Map([<Rule '/static/<filename>' (GET, HEAD, OPTIONS) -> static>,
 <Rule '/training/get_model/<model_id>' (GET, HEAD, OPTIONS) -> training.get_model>,
 <Rule '/training/upload-model' (OPTIONS, POST) -> training.upload_model>,
 <Rule '/training/display_models' (GET, HEAD, OPTIONS) -> training.display>,
 <Rule '/training/ping' (OPTIONS, POST) -> training.ping_server>,
 <Rule '/training/initialize' (OPTIONS, POST) -> training.init_training>,
 <Rule '/training/shutdown' (GET, HEAD, OPTIONS) -> training.shutdown>,
 <Rule '/training/connect_test' (GET, HEAD, OPTIONS, POST) -> training.connected>,
 <Rule '/view/models/<super_round>' (GET, HEAD, OPTIONS) -> view.models>,
 <Rule '/view/current_round' (GET, HEAD, OPTIONS) -> view.current_round>])
2025-02-25 12:10:32,986 - server - /home/marcuswrrn/Projects/Federated-Learning/src/coordination/server/aggregation.py - check_database - 11 : Starting database check
2025-02-25 12:10:32,987 - server - /home/marcuswrrn/Projects/Federated-Learning/src/coordination/server/aggregation.py - check_database - 19 : Training round : 1
2025-02-25 12:10:48,628 - server - /home/marcuswrrn/Projects/Federated-Learning/src/coordination/server/server.py - init_training - 106 : New Super round
2025-02-25 12:10:48,628 - server - /home/marcuswrrn/Projects/Federated-Learning/src/coordination/server/server.py - init_training - 107 : Start training
2025-02-25 12:10:48,641 - server - /home/marcuswrrn/Projects/Federated-Learning/src/coordination/server/server.py - init_training - 126 : Round initializer
2025-02-25 12:11:03,018 - server - /home/marcuswrrn/Projects/Federated-Learning/src/coordination/server/aggregation.py - check_database - 19 : Training round : 1
2025-02-25 12:11:33,038 - server - /home/marcuswrrn/Projects/Federated-Learning/src/coordination/server/aggregation.py - check_database - 19 : Training round : 1
2025-02-25 12:11:47,065 - server - /home/marcuswrrn/Projects/Federated-Learning/src/coordination/server/__init__.py - create_app - 25 : Starting up server
2025-02-25 12:11:47,066 - server - /home/marcuswrrn/Projects/Federated-Learning/src/coordination/server/__init__.py - create_app - 31 : Database path : /home/marcuswrrn/Projects/Federated-Learning/src/coordination/instance/db.sqlite
2025-02-25 12:11:47,068 - server - /home/marcuswrrn/Projects/Federated-Learning/src/coordination/server/__init__.py - create_app - 47 : Map([<Rule '/static/<filename>' (GET, OPTIONS, HEAD) -> static>,
 <Rule '/training/get_model/<model_id>' (GET, OPTIONS, HEAD) -> training.get_model>,
 <Rule '/training/upload-model' (POST, OPTIONS) -> training.upload_model>,
 <Rule '/training/display_models' (GET, OPTIONS, HEAD) -> training.display>,
 <Rule '/training/ping' (POST, OPTIONS) -> training.ping_server>,
 <Rule '/training/initialize' (POST, OPTIONS) -> training.init_training>,
 <Rule '/training/shutdown' (GET, OPTIONS, HEAD) -> training.shutdown>,
 <Rule '/training/connect_test' (POST, GET, HEAD, OPTIONS) -> training.connected>,
 <Rule '/view/models/<super_round>' (GET, OPTIONS, HEAD) -> view.models>,
 <Rule '/view/current_round' (GET, OPTIONS, HEAD) -> view.current_round>])
2025-02-25 12:11:47,068 - server - /home/marcuswrrn/Projects/Federated-Learning/src/coordination/server/aggregation.py - check_database - 11 : Starting database check
2025-02-25 12:11:57,126 - server - /home/marcuswrrn/Projects/Federated-Learning/src/coordination/server/server.py - init_training - 106 : New Super round
2025-02-25 12:11:57,127 - server - /home/marcuswrrn/Projects/Federated-Learning/src/coordination/server/server.py - init_training - 107 : Start training
2025-02-25 12:11:57,139 - server - /home/marcuswrrn/Projects/Federated-Learning/src/coordination/server/server.py - init_training - 126 : Round initializer
2025-02-25 12:11:57,148 - server - /home/marcuswrrn/Projects/Federated-Learning/src/coordination/server/aggregation.py - check_database - 19 : Training round : 1
2025-02-25 12:12:27,179 - server - /home/marcuswrrn/Projects/Federated-Learning/src/coordination/server/aggregation.py - check_database - 19 : Training round : 1
2025-02-25 12:12:36,600 - server - /home/marcuswrrn/Projects/Federated-Learning/src/coordination/server/__init__.py - create_app - 25 : Starting up server
2025-02-25 12:12:36,601 - server - /home/marcuswrrn/Projects/Federated-Learning/src/coordination/server/__init__.py - create_app - 31 : Database path : /home/marcuswrrn/Projects/Federated-Learning/src/coordination/instance/db.sqlite
2025-02-25 12:12:36,602 - server - /home/marcuswrrn/Projects/Federated-Learning/src/coordination/server/__init__.py - create_app - 47 : Map([<Rule '/static/<filename>' (HEAD, GET, OPTIONS) -> static>,
 <Rule '/training/get_model/<model_id>' (HEAD, GET, OPTIONS) -> training.get_model>,
 <Rule '/training/upload-model' (POST, OPTIONS) -> training.upload_model>,
 <Rule '/training/display_models' (HEAD, GET, OPTIONS) -> training.display>,
 <Rule '/training/ping' (POST, OPTIONS) -> training.ping_server>,
 <Rule '/training/initialize' (POST, OPTIONS) -> training.init_training>,
 <Rule '/training/shutdown' (HEAD, GET, OPTIONS) -> training.shutdown>,
 <Rule '/training/connect_test' (POST, HEAD, GET, OPTIONS) -> training.connected>,
 <Rule '/view/models/<super_round>' (HEAD, GET, OPTIONS) -> view.models>,
 <Rule '/view/current_round' (HEAD, GET, OPTIONS) -> view.current_round>])
2025-02-25 12:12:36,603 - server - /home/marcuswrrn/Projects/Federated-Learning/src/coordination/server/aggregation.py - check_database - 11 : Starting database check
2025-02-25 12:12:36,604 - server - /home/marcuswrrn/Projects/Federated-Learning/src/coordination/server/aggregation.py - check_database - 19 : Training round : 1
2025-02-25 12:12:58,309 - server - /home/marcuswrrn/Projects/Federated-Learning/src/coordination/server/__init__.py - create_app - 25 : Starting up server
2025-02-25 12:12:58,309 - server - /home/marcuswrrn/Projects/Federated-Learning/src/coordination/server/__init__.py - create_app - 31 : Database path : /home/marcuswrrn/Projects/Federated-Learning/src/coordination/instance/db.sqlite
2025-02-25 12:12:58,311 - server - /home/marcuswrrn/Projects/Federated-Learning/src/coordination/server/__init__.py - create_app - 47 : Map([<Rule '/static/<filename>' (HEAD, GET, OPTIONS) -> static>,
 <Rule '/training/get_model/<model_id>' (HEAD, GET, OPTIONS) -> training.get_model>,
 <Rule '/training/upload-model' (OPTIONS, POST) -> training.upload_model>,
 <Rule '/training/display_models' (HEAD, GET, OPTIONS) -> training.display>,
 <Rule '/training/ping' (OPTIONS, POST) -> training.ping_server>,
 <Rule '/training/initialize' (OPTIONS, POST) -> training.init_training>,
 <Rule '/training/shutdown' (HEAD, GET, OPTIONS) -> training.shutdown>,
 <Rule '/training/connect_test' (HEAD, GET, OPTIONS, POST) -> training.connected>,
 <Rule '/view/models/<super_round>' (HEAD, GET, OPTIONS) -> view.models>,
 <Rule '/view/current_round' (HEAD, GET, OPTIONS) -> view.current_round>])
2025-02-25 12:12:58,311 - server - /home/marcuswrrn/Projects/Federated-Learning/src/coordination/server/aggregation.py - check_database - 11 : Starting database check
2025-02-25 12:12:58,313 - server - /home/marcuswrrn/Projects/Federated-Learning/src/coordination/server/aggregation.py - check_database - 19 : Training round : 1
2025-02-25 12:13:27,173 - server - /home/marcuswrrn/Projects/Federated-Learning/src/coordination/server/__init__.py - create_app - 25 : Starting up server
2025-02-25 12:13:27,173 - server - /home/marcuswrrn/Projects/Federated-Learning/src/coordination/server/__init__.py - create_app - 31 : Database path : /home/marcuswrrn/Projects/Federated-Learning/src/coordination/instance/db.sqlite
2025-02-25 12:13:27,175 - server - /home/marcuswrrn/Projects/Federated-Learning/src/coordination/server/__init__.py - create_app - 47 : Map([<Rule '/static/<filename>' (GET, OPTIONS, HEAD) -> static>,
 <Rule '/training/get_model/<model_id>' (GET, OPTIONS, HEAD) -> training.get_model>,
 <Rule '/training/upload-model' (POST, OPTIONS) -> training.upload_model>,
 <Rule '/training/display_models' (GET, OPTIONS, HEAD) -> training.display>,
 <Rule '/training/ping' (POST, OPTIONS) -> training.ping_server>,
 <Rule '/training/initialize' (POST, OPTIONS) -> training.init_training>,
 <Rule '/training/shutdown' (GET, OPTIONS, HEAD) -> training.shutdown>,
 <Rule '/training/connect_test' (GET, POST, OPTIONS, HEAD) -> training.connected>,
 <Rule '/view/models/<super_round>' (GET, OPTIONS, HEAD) -> view.models>,
 <Rule '/view/current_round' (GET, OPTIONS, HEAD) -> view.current_round>])
2025-02-25 12:13:27,176 - server - /home/marcuswrrn/Projects/Federated-Learning/src/coordination/server/aggregation.py - check_database - 11 : Starting database check
2025-02-25 12:13:27,177 - server - /home/marcuswrrn/Projects/Federated-Learning/src/coordination/server/aggregation.py - check_database - 19 : Training round : 1
2025-02-25 12:13:57,208 - server - /home/marcuswrrn/Projects/Federated-Learning/src/coordination/server/aggregation.py - check_database - 19 : Training round : 1
2025-02-25 12:14:16,606 - server - /home/marcuswrrn/Projects/Federated-Learning/src/coordination/server/__init__.py - create_app - 25 : Starting up server
2025-02-25 12:14:16,606 - server - /home/marcuswrrn/Projects/Federated-Learning/src/coordination/server/__init__.py - create_app - 31 : Database path : /home/marcuswrrn/Projects/Federated-Learning/src/coordination/instance/db.sqlite
2025-02-25 12:14:16,607 - server - /home/marcuswrrn/Projects/Federated-Learning/src/coordination/server/__init__.py - create_app - 47 : Map([<Rule '/static/<filename>' (HEAD, OPTIONS, GET) -> static>,
 <Rule '/training/get_model/<model_id>' (HEAD, OPTIONS, GET) -> training.get_model>,
 <Rule '/training/upload-model' (POST, OPTIONS) -> training.upload_model>,
 <Rule '/training/display_models' (HEAD, OPTIONS, GET) -> training.display>,
 <Rule '/training/ping' (POST, OPTIONS) -> training.ping_server>,
 <Rule '/training/initialize' (POST, OPTIONS) -> training.init_training>,
 <Rule '/training/shutdown' (HEAD, OPTIONS, GET) -> training.shutdown>,
 <Rule '/training/connect_test' (POST, OPTIONS, HEAD, GET) -> training.connected>,
 <Rule '/view/models/<super_round>' (HEAD, OPTIONS, GET) -> view.models>,
 <Rule '/view/current_round' (HEAD, OPTIONS, GET) -> view.current_round>])
2025-02-25 12:14:16,608 - server - /home/marcuswrrn/Projects/Federated-Learning/src/coordination/server/aggregation.py - check_database - 11 : Starting database check
2025-02-25 12:14:16,609 - server - /home/marcuswrrn/Projects/Federated-Learning/src/coordination/server/aggregation.py - check_database - 19 : Training round : 1
2025-02-25 12:14:46,640 - server - /home/marcuswrrn/Projects/Federated-Learning/src/coordination/server/aggregation.py - check_database - 19 : Training round : 1
2025-02-25 12:14:57,409 - server - /home/marcuswrrn/Projects/Federated-Learning/src/coordination/server/__init__.py - create_app - 25 : Starting up server
2025-02-25 12:14:57,409 - server - /home/marcuswrrn/Projects/Federated-Learning/src/coordination/server/__init__.py - create_app - 31 : Database path : /home/marcuswrrn/Projects/Federated-Learning/src/coordination/instance/db.sqlite
2025-02-25 12:14:57,411 - server - /home/marcuswrrn/Projects/Federated-Learning/src/coordination/server/__init__.py - create_app - 47 : Map([<Rule '/static/<filename>' (GET, HEAD, OPTIONS) -> static>,
 <Rule '/training/get_model/<model_id>' (GET, HEAD, OPTIONS) -> training.get_model>,
 <Rule '/training/upload-model' (POST, OPTIONS) -> training.upload_model>,
 <Rule '/training/display_models' (GET, HEAD, OPTIONS) -> training.display>,
 <Rule '/training/ping' (POST, OPTIONS) -> training.ping_server>,
 <Rule '/training/initialize' (POST, OPTIONS) -> training.init_training>,
 <Rule '/training/shutdown' (GET, HEAD, OPTIONS) -> training.shutdown>,
 <Rule '/training/connect_test' (HEAD, GET, POST, OPTIONS) -> training.connected>,
 <Rule '/view/models/<super_round>' (GET, HEAD, OPTIONS) -> view.models>,
 <Rule '/view/current_round' (GET, HEAD, OPTIONS) -> view.current_round>])
2025-02-25 12:14:57,412 - server - /home/marcuswrrn/Projects/Federated-Learning/src/coordination/server/aggregation.py - check_database - 11 : Starting database check
2025-02-25 12:14:57,413 - server - /home/marcuswrrn/Projects/Federated-Learning/src/coordination/server/aggregation.py - check_database - 19 : Training round : 1
2025-02-25 12:15:27,444 - server - /home/marcuswrrn/Projects/Federated-Learning/src/coordination/server/aggregation.py - check_database - 19 : Training round : 1
2025-02-25 12:15:47,822 - server - /home/marcuswrrn/Projects/Federated-Learning/src/coordination/server/__init__.py - create_app - 25 : Starting up server
2025-02-25 12:15:47,822 - server - /home/marcuswrrn/Projects/Federated-Learning/src/coordination/server/__init__.py - create_app - 31 : Database path : /home/marcuswrrn/Projects/Federated-Learning/src/coordination/instance/db.sqlite
2025-02-25 12:15:47,824 - server - /home/marcuswrrn/Projects/Federated-Learning/src/coordination/server/__init__.py - create_app - 47 : Map([<Rule '/static/<filename>' (OPTIONS, HEAD, GET) -> static>,
 <Rule '/training/get_model/<model_id>' (OPTIONS, HEAD, GET) -> training.get_model>,
 <Rule '/training/upload-model' (OPTIONS, POST) -> training.upload_model>,
 <Rule '/training/display_models' (OPTIONS, HEAD, GET) -> training.display>,
 <Rule '/training/ping' (OPTIONS, POST) -> training.ping_server>,
 <Rule '/training/initialize' (OPTIONS, POST) -> training.init_training>,
 <Rule '/training/shutdown' (OPTIONS, HEAD, GET) -> training.shutdown>,
 <Rule '/training/connect_test' (HEAD, OPTIONS, POST, GET) -> training.connected>,
 <Rule '/view/models/<super_round>' (OPTIONS, HEAD, GET) -> view.models>,
 <Rule '/view/current_round' (OPTIONS, HEAD, GET) -> view.current_round>])
2025-02-25 12:15:47,824 - server - /home/marcuswrrn/Projects/Federated-Learning/src/coordination/server/aggregation.py - check_database - 11 : Starting database check
2025-02-25 12:15:47,826 - server - /home/marcuswrrn/Projects/Federated-Learning/src/coordination/server/aggregation.py - check_database - 19 : Training round : 1
2025-02-25 12:15:53,000 - server - /home/marcuswrrn/Projects/Federated-Learning/src/coordination/server/server.py - get_model - 18 : Getting model to /home/marcuswrrn/Projects/Federated-Learning/src/coordination/instance/super_round_1/training_round_1/eaf3e5a5acc5e0c46ebacffa6e5a789c.pth
2025-02-25 12:16:05,579 - server - /home/marcuswrrn/Projects/Federated-Learning/src/coordination/server/server.py - upload_model - 35 : Received client model from : f97518b87bb451f3a8a41c6aa9858799
2025-02-25 12:16:17,857 - server - /home/marcuswrrn/Projects/Federated-Learning/src/coordination/server/aggregation.py - check_database - 19 : Training round : 1
2025-02-25 12:16:17,857 - server - /home/marcuswrrn/Projects/Federated-Learning/src/coordination/server/aggregation.py - check_database - 30 : Aggregating
2025-02-25 12:16:17,933 - server - /home/marcuswrrn/Projects/Federated-Learning/src/coordination/server/aggregation.py - check_database - 44 : Loading Client ID : f97518b87bb451f3a8a41c6aa9858799 . Loading file /home/marcuswrrn/Projects/Federated-Learning/src/coordination/instance/super_round_1/training_round_1/client_models/f97518b87bb451f3a8a41c6aa9858799.pth
2025-02-25 12:16:18,071 - server - /home/marcuswrrn/Projects/Federated-Learning/src/coordination/server/validation.py - validation - 41 : Running validation ...
2025-02-25 12:16:29,780 - server - /home/marcuswrrn/Projects/Federated-Learning/src/coordination/server/validation.py - validation - 97 : Accuracy: 0.3522225992534781,
2025-02-25 12:16:29,780 - server - /home/marcuswrrn/Projects/Federated-Learning/src/coordination/server/validation.py - validation - 108 : Micro Recall 0.3522225992534781, Macro Recall 0.1499858234188495, Weighted Recall 0.36601449266983227

2025-02-25 12:16:29,780 - server - /home/marcuswrrn/Projects/Federated-Learning/src/coordination/server/validation.py - validation - 116 : Micro Precision 0.3522225992534781, Macro Precision 0.3389279650739752, Weighted Precision 0.9443685196582732

2025-02-25 12:16:29,780 - server - /home/marcuswrrn/Projects/Federated-Learning/src/coordination/server/validation.py - validation - 123 : F1 Precision 0.3522225992534781, F1 Precision 0.19841156100983462, F1 Precision 0.8259562212832088

2025-02-25 12:16:29,781 - server - /home/marcuswrrn/Projects/Federated-Learning/src/coordination/server/validation.py - validation - 131 : AUC Precision 0.0, AUC Precision 0.0, AUC Precision 0.0

2025-02-25 12:16:29,801 - server - /home/marcuswrrn/Projects/Federated-Learning/src/coordination/server/aggregation.py - check_database - 79 : Checking if done training (max round hit)
2025-02-25 12:16:29,801 - server - /home/marcuswrrn/Projects/Federated-Learning/src/coordination/server/aggregation.py - check_database - 80 : current round: 1, current + 1 : 2. max : 10
2025-02-25 12:16:29,840 - server - /home/marcuswrrn/Projects/Federated-Learning/src/coordination/server/aggregation.py - check_database - 90 : Starting training round 2
2025-02-25 12:16:35,648 - server - /home/marcuswrrn/Projects/Federated-Learning/src/coordination/server/server.py - get_model - 18 : Getting model to /home/marcuswrrn/Projects/Federated-Learning/src/coordination/instance/super_round_1/training_round_2/71a955ab5bb1a5c985b5a8c819c156f0.pth
2025-02-25 12:16:47,514 - server - /home/marcuswrrn/Projects/Federated-Learning/src/coordination/server/server.py - upload_model - 35 : Received client model from : f97518b87bb451f3a8a41c6aa9858799
2025-02-25 12:16:59,871 - server - /home/marcuswrrn/Projects/Federated-Learning/src/coordination/server/aggregation.py - check_database - 19 : Training round : 2
2025-02-25 12:16:59,871 - server - /home/marcuswrrn/Projects/Federated-Learning/src/coordination/server/aggregation.py - check_database - 30 : Aggregating
2025-02-25 12:16:59,931 - server - /home/marcuswrrn/Projects/Federated-Learning/src/coordination/server/aggregation.py - check_database - 44 : Loading Client ID : f97518b87bb451f3a8a41c6aa9858799 . Loading file /home/marcuswrrn/Projects/Federated-Learning/src/coordination/instance/super_round_1/training_round_2/client_models/f97518b87bb451f3a8a41c6aa9858799.pth
2025-02-25 12:17:00,063 - server - /home/marcuswrrn/Projects/Federated-Learning/src/coordination/server/validation.py - validation - 41 : Running validation ...
2025-02-25 12:17:10,694 - server - /home/marcuswrrn/Projects/Federated-Learning/src/coordination/server/validation.py - validation - 97 : Accuracy: 0.45469969460468274,
2025-02-25 12:17:10,694 - server - /home/marcuswrrn/Projects/Federated-Learning/src/coordination/server/validation.py - validation - 108 : Micro Recall 0.45469969460468274, Macro Recall 0.3451583288288225, Weighted Recall 0.484586798888036

2025-02-25 12:17:10,694 - server - /home/marcuswrrn/Projects/Federated-Learning/src/coordination/server/validation.py - validation - 116 : Micro Precision 0.45469969460468274, Macro Precision 0.4423933520390413, Weighted Precision 0.7230450106089551

2025-02-25 12:17:10,694 - server - /home/marcuswrrn/Projects/Federated-Learning/src/coordination/server/validation.py - validation - 123 : F1 Precision 0.45469969460468274, F1 Precision 0.3674647721474316, F1 Precision 0.6167971579975554

2025-02-25 12:17:10,695 - server - /home/marcuswrrn/Projects/Federated-Learning/src/coordination/server/validation.py - validation - 131 : AUC Precision 0.0, AUC Precision 0.0, AUC Precision 0.0

2025-02-25 12:17:10,718 - server - /home/marcuswrrn/Projects/Federated-Learning/src/coordination/server/aggregation.py - check_database - 79 : Checking if done training (max round hit)
2025-02-25 12:17:10,718 - server - /home/marcuswrrn/Projects/Federated-Learning/src/coordination/server/aggregation.py - check_database - 80 : current round: 2, current + 1 : 3. max : 10
2025-02-25 12:17:10,758 - server - /home/marcuswrrn/Projects/Federated-Learning/src/coordination/server/aggregation.py - check_database - 90 : Starting training round 3
2025-02-25 12:17:17,575 - server - /home/marcuswrrn/Projects/Federated-Learning/src/coordination/server/server.py - get_model - 18 : Getting model to /home/marcuswrrn/Projects/Federated-Learning/src/coordination/instance/super_round_1/training_round_3/fa5d335ac6c20a34842cb0ff32f0895e.pth
2025-02-25 12:17:26,487 - server - /home/marcuswrrn/Projects/Federated-Learning/src/coordination/server/__init__.py - create_app - 25 : Starting up server
2025-02-25 12:17:26,487 - server - /home/marcuswrrn/Projects/Federated-Learning/src/coordination/server/__init__.py - create_app - 31 : Database path : /home/marcuswrrn/Projects/Federated-Learning/src/coordination/instance/db.sqlite
2025-02-25 12:17:26,491 - server - /home/marcuswrrn/Projects/Federated-Learning/src/coordination/server/__init__.py - create_app - 47 : Map([<Rule '/static/<filename>' (HEAD, GET, OPTIONS) -> static>,
 <Rule '/training/get_model/<model_id>' (HEAD, GET, OPTIONS) -> training.get_model>,
 <Rule '/training/upload-model' (OPTIONS, POST) -> training.upload_model>,
 <Rule '/training/display_models' (HEAD, GET, OPTIONS) -> training.display>,
 <Rule '/training/ping' (OPTIONS, POST) -> training.ping_server>,
 <Rule '/training/initialize' (OPTIONS, POST) -> training.init_training>,
 <Rule '/training/shutdown' (HEAD, GET, OPTIONS) -> training.shutdown>,
 <Rule '/training/connect_test' (POST, GET, HEAD, OPTIONS) -> training.connected>,
 <Rule '/view/models/<super_round>' (HEAD, GET, OPTIONS) -> view.models>,
 <Rule '/view/current_round' (HEAD, GET, OPTIONS) -> view.current_round>])
2025-02-25 12:17:26,491 - server - /home/marcuswrrn/Projects/Federated-Learning/src/coordination/server/aggregation.py - check_database - 11 : Starting database check
2025-02-25 12:17:26,493 - server - /home/marcuswrrn/Projects/Federated-Learning/src/coordination/server/aggregation.py - check_database - 19 : Training round : 3
2025-02-25 12:17:30,754 - server - /home/marcuswrrn/Projects/Federated-Learning/src/coordination/server/server.py - upload_model - 35 : Received client model from : f97518b87bb451f3a8a41c6aa9858799
2025-02-25 12:17:56,509 - server - /home/marcuswrrn/Projects/Federated-Learning/src/coordination/server/aggregation.py - check_database - 19 : Training round : 3
2025-02-25 12:17:56,510 - server - /home/marcuswrrn/Projects/Federated-Learning/src/coordination/server/aggregation.py - check_database - 30 : Aggregating
2025-02-25 12:17:56,594 - server - /home/marcuswrrn/Projects/Federated-Learning/src/coordination/server/aggregation.py - check_database - 44 : Loading Client ID : f97518b87bb451f3a8a41c6aa9858799 . Loading file /home/marcuswrrn/Projects/Federated-Learning/src/coordination/instance/super_round_1/training_round_3/client_models/f97518b87bb451f3a8a41c6aa9858799.pth
2025-02-25 12:17:56,745 - server - /home/marcuswrrn/Projects/Federated-Learning/src/coordination/server/validation.py - validation - 41 : Running validation ...
2025-02-25 12:18:07,249 - server - /home/marcuswrrn/Projects/Federated-Learning/src/coordination/server/validation.py - validation - 97 : Accuracy: 0.41126569392602647,
2025-02-25 12:18:07,249 - server - /home/marcuswrrn/Projects/Federated-Learning/src/coordination/server/validation.py - validation - 108 : Micro Recall 0.41126569392602647, Macro Recall 0.4018507123752498, Weighted Recall 0.46712214444357447

2025-02-25 12:18:07,249 - server - /home/marcuswrrn/Projects/Federated-Learning/src/coordination/server/validation.py - validation - 116 : Micro Precision 0.41126569392602647, Macro Precision 0.4294199746655801, Weighted Precision 0.8215416856486916

2025-02-25 12:18:07,249 - server - /home/marcuswrrn/Projects/Federated-Learning/src/coordination/server/validation.py - validation - 123 : F1 Precision 0.41126569392602647, F1 Precision 0.31667747136414476, F1 Precision 0.5095579596869624

2025-02-25 12:18:07,250 - server - /home/marcuswrrn/Projects/Federated-Learning/src/coordination/server/validation.py - validation - 131 : AUC Precision 0.0, AUC Precision 0.0, AUC Precision 0.0

2025-02-25 12:18:07,275 - server - /home/marcuswrrn/Projects/Federated-Learning/src/coordination/server/aggregation.py - check_database - 79 : Checking if done training (max round hit)
2025-02-25 12:18:07,275 - server - /home/marcuswrrn/Projects/Federated-Learning/src/coordination/server/aggregation.py - check_database - 80 : current round: 3, current + 1 : 4. max : 10
2025-02-25 12:18:07,315 - server - /home/marcuswrrn/Projects/Federated-Learning/src/coordination/server/aggregation.py - check_database - 90 : Starting training round 4
2025-02-25 12:18:30,843 - server - /home/marcuswrrn/Projects/Federated-Learning/src/coordination/server/server.py - get_model - 18 : Getting model to /home/marcuswrrn/Projects/Federated-Learning/src/coordination/instance/super_round_1/training_round_4/8d2a044ef348530fbbfaf066869bfe35.pth
2025-02-25 12:18:37,348 - server - /home/marcuswrrn/Projects/Federated-Learning/src/coordination/server/aggregation.py - check_database - 19 : Training round : 4
2025-02-25 12:18:41,072 - server - /home/marcuswrrn/Projects/Federated-Learning/src/coordination/server/server.py - upload_model - 35 : Received client model from : f97518b87bb451f3a8a41c6aa9858799
2025-02-25 12:19:07,377 - server - /home/marcuswrrn/Projects/Federated-Learning/src/coordination/server/aggregation.py - check_database - 19 : Training round : 4
2025-02-25 12:19:07,377 - server - /home/marcuswrrn/Projects/Federated-Learning/src/coordination/server/aggregation.py - check_database - 30 : Aggregating
2025-02-25 12:19:07,447 - server - /home/marcuswrrn/Projects/Federated-Learning/src/coordination/server/aggregation.py - check_database - 44 : Loading Client ID : f97518b87bb451f3a8a41c6aa9858799 . Loading file /home/marcuswrrn/Projects/Federated-Learning/src/coordination/instance/super_round_1/training_round_4/client_models/f97518b87bb451f3a8a41c6aa9858799.pth
2025-02-25 12:19:07,601 - server - /home/marcuswrrn/Projects/Federated-Learning/src/coordination/server/validation.py - validation - 41 : Running validation ...
2025-02-25 12:19:19,256 - server - /home/marcuswrrn/Projects/Federated-Learning/src/coordination/server/validation.py - validation - 97 : Accuracy: 0.4407872412623006,
2025-02-25 12:19:19,256 - server - /home/marcuswrrn/Projects/Federated-Learning/src/coordination/server/validation.py - validation - 108 : Micro Recall 0.4407872412623006, Macro Recall 0.4206942781561518, Weighted Recall 0.60545235444605

2025-02-25 12:19:19,256 - server - /home/marcuswrrn/Projects/Federated-Learning/src/coordination/server/validation.py - validation - 116 : Micro Precision 0.4407872412623006, Macro Precision 0.4436626572739291, Weighted Precision 0.6919813908777149

2025-02-25 12:19:19,256 - server - /home/marcuswrrn/Projects/Federated-Learning/src/coordination/server/validation.py - validation - 123 : F1 Precision 0.4407872412623006, F1 Precision 0.39938961503889464, F1 Precision 0.6460850581032036

2025-02-25 12:19:19,257 - server - /home/marcuswrrn/Projects/Federated-Learning/src/coordination/server/validation.py - validation - 131 : AUC Precision 0.0, AUC Precision 0.0, AUC Precision 0.0

2025-02-25 12:19:19,281 - server - /home/marcuswrrn/Projects/Federated-Learning/src/coordination/server/aggregation.py - check_database - 79 : Checking if done training (max round hit)
2025-02-25 12:19:19,281 - server - /home/marcuswrrn/Projects/Federated-Learning/src/coordination/server/aggregation.py - check_database - 80 : current round: 4, current + 1 : 5. max : 10
2025-02-25 12:19:19,323 - server - /home/marcuswrrn/Projects/Federated-Learning/src/coordination/server/aggregation.py - check_database - 90 : Starting training round 5
2025-02-25 12:19:41,154 - server - /home/marcuswrrn/Projects/Federated-Learning/src/coordination/server/server.py - get_model - 18 : Getting model to /home/marcuswrrn/Projects/Federated-Learning/src/coordination/instance/super_round_1/training_round_5/98e7ba8475410222d912a9f6327a172a.pth
2025-02-25 12:19:44,297 - server - /home/marcuswrrn/Projects/Federated-Learning/src/coordination/server/server.py - init_training - 106 : New Super round
2025-02-25 12:19:44,297 - server - /home/marcuswrrn/Projects/Federated-Learning/src/coordination/server/server.py - init_training - 107 : Start training
2025-02-25 12:19:44,310 - server - /home/marcuswrrn/Projects/Federated-Learning/src/coordination/server/server.py - init_training - 126 : Round initializer
2025-02-25 12:19:49,355 - server - /home/marcuswrrn/Projects/Federated-Learning/src/coordination/server/aggregation.py - check_database - 19 : Training round : 1
2025-02-25 12:19:53,512 - server - /home/marcuswrrn/Projects/Federated-Learning/src/coordination/server/server.py - upload_model - 35 : Received client model from : f97518b87bb451f3a8a41c6aa9858799
2025-02-25 12:20:19,387 - server - /home/marcuswrrn/Projects/Federated-Learning/src/coordination/server/aggregation.py - check_database - 19 : Training round : 1
2025-02-25 12:20:23,571 - server - /home/marcuswrrn/Projects/Federated-Learning/src/coordination/server/server.py - get_model - 18 : Getting model to /home/marcuswrrn/Projects/Federated-Learning/src/coordination/instance/super_round_2/training_round_1/2c46747271056452724d8e30e84bc411.pth
2025-02-25 12:20:35,776 - server - /home/marcuswrrn/Projects/Federated-Learning/src/coordination/server/server.py - upload_model - 35 : Received client model from : f97518b87bb451f3a8a41c6aa9858799
2025-02-25 12:20:49,390 - server - /home/marcuswrrn/Projects/Federated-Learning/src/coordination/server/aggregation.py - check_database - 19 : Training round : 1
2025-02-25 12:20:49,391 - server - /home/marcuswrrn/Projects/Federated-Learning/src/coordination/server/aggregation.py - check_database - 30 : Aggregating
2025-02-25 12:20:49,434 - server - /home/marcuswrrn/Projects/Federated-Learning/src/coordination/server/aggregation.py - check_database - 44 : Loading Client ID : f97518b87bb451f3a8a41c6aa9858799 . Loading file /home/marcuswrrn/Projects/Federated-Learning/src/coordination/instance/super_round_2/training_round_1/client_models/f97518b87bb451f3a8a41c6aa9858799.pth
2025-02-25 12:20:49,564 - server - /home/marcuswrrn/Projects/Federated-Learning/src/coordination/server/validation.py - validation - 41 : Running validation ...
2025-02-25 12:20:59,821 - server - /home/marcuswrrn/Projects/Federated-Learning/src/coordination/server/validation.py - validation - 97 : Accuracy: 0.3481506616898541,
2025-02-25 12:20:59,821 - server - /home/marcuswrrn/Projects/Federated-Learning/src/coordination/server/validation.py - validation - 108 : Micro Recall 0.3481506616898541, Macro Recall 0.33161006509034585, Weighted Recall 0.36076249413864336

2025-02-25 12:20:59,821 - server - /home/marcuswrrn/Projects/Federated-Learning/src/coordination/server/validation.py - validation - 116 : Micro Precision 0.3481506616898541, Macro Precision 0.3443914902230145, Weighted Precision 0.8910764784156173

2025-02-25 12:20:59,821 - server - /home/marcuswrrn/Projects/Federated-Learning/src/coordination/server/validation.py - validation - 123 : F1 Precision 0.3481506616898541, F1 Precision 0.2088909255337388, F1 Precision 0.37278769411012663

2025-02-25 12:20:59,821 - server - /home/marcuswrrn/Projects/Federated-Learning/src/coordination/server/validation.py - validation - 131 : AUC Precision 0.0, AUC Precision 0.0, AUC Precision 0.0

2025-02-25 12:20:59,838 - server - /home/marcuswrrn/Projects/Federated-Learning/src/coordination/server/aggregation.py - check_database - 79 : Checking if done training (max round hit)
2025-02-25 12:20:59,838 - server - /home/marcuswrrn/Projects/Federated-Learning/src/coordination/server/aggregation.py - check_database - 80 : current round: 1, current + 1 : 2. max : 10
2025-02-25 12:20:59,881 - server - /home/marcuswrrn/Projects/Federated-Learning/src/coordination/server/aggregation.py - check_database - 90 : Starting training round 2
2025-02-25 12:21:05,865 - server - /home/marcuswrrn/Projects/Federated-Learning/src/coordination/server/server.py - get_model - 18 : Getting model to /home/marcuswrrn/Projects/Federated-Learning/src/coordination/instance/super_round_2/training_round_2/b78ccb4e3e4458f86c1fb62278e69530.pth
2025-02-25 12:21:17,907 - server - /home/marcuswrrn/Projects/Federated-Learning/src/coordination/server/server.py - upload_model - 35 : Received client model from : f97518b87bb451f3a8a41c6aa9858799
2025-02-25 12:21:29,904 - server - /home/marcuswrrn/Projects/Federated-Learning/src/coordination/server/aggregation.py - check_database - 19 : Training round : 2
2025-02-25 12:21:29,904 - server - /home/marcuswrrn/Projects/Federated-Learning/src/coordination/server/aggregation.py - check_database - 30 : Aggregating
2025-02-25 12:21:29,952 - server - /home/marcuswrrn/Projects/Federated-Learning/src/coordination/server/aggregation.py - check_database - 44 : Loading Client ID : f97518b87bb451f3a8a41c6aa9858799 . Loading file /home/marcuswrrn/Projects/Federated-Learning/src/coordination/instance/super_round_2/training_round_2/client_models/f97518b87bb451f3a8a41c6aa9858799.pth
2025-02-25 12:21:30,072 - server - /home/marcuswrrn/Projects/Federated-Learning/src/coordination/server/validation.py - validation - 41 : Running validation ...
2025-02-25 12:21:40,020 - server - /home/marcuswrrn/Projects/Federated-Learning/src/coordination/server/validation.py - validation - 97 : Accuracy: 0.5279945707499152,
2025-02-25 12:21:40,021 - server - /home/marcuswrrn/Projects/Federated-Learning/src/coordination/server/validation.py - validation - 108 : Micro Recall 0.5279945707499152, Macro Recall 0.5406443287016545, Weighted Recall 0.6280113648570166

2025-02-25 12:21:40,021 - server - /home/marcuswrrn/Projects/Federated-Learning/src/coordination/server/validation.py - validation - 116 : Micro Precision 0.5279945707499152, Macro Precision 0.5244515234143821, Weighted Precision 0.7094317272505435

2025-02-25 12:21:40,021 - server - /home/marcuswrrn/Projects/Federated-Learning/src/coordination/server/validation.py - validation - 123 : F1 Precision 0.5279945707499152, F1 Precision 0.49926308705951317, F1 Precision 0.6033460722252023

2025-02-25 12:21:40,021 - server - /home/marcuswrrn/Projects/Federated-Learning/src/coordination/server/validation.py - validation - 131 : AUC Precision 0.0, AUC Precision 0.0, AUC Precision 0.0

2025-02-25 12:21:40,044 - server - /home/marcuswrrn/Projects/Federated-Learning/src/coordination/server/aggregation.py - check_database - 79 : Checking if done training (max round hit)
2025-02-25 12:21:40,044 - server - /home/marcuswrrn/Projects/Federated-Learning/src/coordination/server/aggregation.py - check_database - 80 : current round: 2, current + 1 : 3. max : 10
2025-02-25 12:21:40,083 - server - /home/marcuswrrn/Projects/Federated-Learning/src/coordination/server/aggregation.py - check_database - 90 : Starting training round 3
2025-02-25 12:21:47,986 - server - /home/marcuswrrn/Projects/Federated-Learning/src/coordination/server/server.py - get_model - 18 : Getting model to /home/marcuswrrn/Projects/Federated-Learning/src/coordination/instance/super_round_2/training_round_3/5a59c6c44be6687dff0b9b1908d9120f.pth
2025-02-25 12:22:01,124 - server - /home/marcuswrrn/Projects/Federated-Learning/src/coordination/server/server.py - upload_model - 35 : Received client model from : f97518b87bb451f3a8a41c6aa9858799
2025-02-25 12:22:10,090 - server - /home/marcuswrrn/Projects/Federated-Learning/src/coordination/server/aggregation.py - check_database - 19 : Training round : 3
2025-02-25 12:22:10,090 - server - /home/marcuswrrn/Projects/Federated-Learning/src/coordination/server/aggregation.py - check_database - 30 : Aggregating
2025-02-25 12:22:10,140 - server - /home/marcuswrrn/Projects/Federated-Learning/src/coordination/server/aggregation.py - check_database - 44 : Loading Client ID : f97518b87bb451f3a8a41c6aa9858799 . Loading file /home/marcuswrrn/Projects/Federated-Learning/src/coordination/instance/super_round_2/training_round_3/client_models/f97518b87bb451f3a8a41c6aa9858799.pth
2025-02-25 12:22:10,253 - server - /home/marcuswrrn/Projects/Federated-Learning/src/coordination/server/validation.py - validation - 41 : Running validation ...
2025-02-25 12:22:19,672 - server - /home/marcuswrrn/Projects/Federated-Learning/src/coordination/server/validation.py - validation - 97 : Accuracy: 0.32880895826263995,
2025-02-25 12:22:19,673 - server - /home/marcuswrrn/Projects/Federated-Learning/src/coordination/server/validation.py - validation - 108 : Micro Recall 0.32880895826263995, Macro Recall 0.22245425712345193, Weighted Recall 0.3358489972577335

2025-02-25 12:22:19,673 - server - /home/marcuswrrn/Projects/Federated-Learning/src/coordination/server/validation.py - validation - 116 : Micro Precision 0.32880895826263995, Macro Precision 0.3390456989247312, Weighted Precision 0.9830574419920769

2025-02-25 12:22:19,673 - server - /home/marcuswrrn/Projects/Federated-Learning/src/coordination/server/validation.py - validation - 123 : F1 Precision 0.32880895826263995, F1 Precision 0.17518129018197323, F1 Precision 0.507993570694205

2025-02-25 12:22:19,673 - server - /home/marcuswrrn/Projects/Federated-Learning/src/coordination/server/validation.py - validation - 131 : AUC Precision 0.0, AUC Precision 0.0, AUC Precision 0.0

2025-02-25 12:22:19,695 - server - /home/marcuswrrn/Projects/Federated-Learning/src/coordination/server/aggregation.py - check_database - 79 : Checking if done training (max round hit)
2025-02-25 12:22:19,695 - server - /home/marcuswrrn/Projects/Federated-Learning/src/coordination/server/aggregation.py - check_database - 80 : current round: 3, current + 1 : 4. max : 10
2025-02-25 12:22:19,736 - server - /home/marcuswrrn/Projects/Federated-Learning/src/coordination/server/aggregation.py - check_database - 90 : Starting training round 4
2025-02-25 12:22:31,201 - server - /home/marcuswrrn/Projects/Federated-Learning/src/coordination/server/server.py - get_model - 18 : Getting model to /home/marcuswrrn/Projects/Federated-Learning/src/coordination/instance/super_round_2/training_round_4/d4bd0ca0475ac2a5ccf3aa67b2e622c7.pth
2025-02-25 12:22:42,795 - server - /home/marcuswrrn/Projects/Federated-Learning/src/coordination/server/server.py - upload_model - 35 : Received client model from : f97518b87bb451f3a8a41c6aa9858799
2025-02-25 12:22:49,767 - server - /home/marcuswrrn/Projects/Federated-Learning/src/coordination/server/aggregation.py - check_database - 19 : Training round : 4
2025-02-25 12:22:49,767 - server - /home/marcuswrrn/Projects/Federated-Learning/src/coordination/server/aggregation.py - check_database - 30 : Aggregating
2025-02-25 12:22:49,818 - server - /home/marcuswrrn/Projects/Federated-Learning/src/coordination/server/aggregation.py - check_database - 44 : Loading Client ID : f97518b87bb451f3a8a41c6aa9858799 . Loading file /home/marcuswrrn/Projects/Federated-Learning/src/coordination/instance/super_round_2/training_round_4/client_models/f97518b87bb451f3a8a41c6aa9858799.pth
2025-02-25 12:22:49,961 - server - /home/marcuswrrn/Projects/Federated-Learning/src/coordination/server/validation.py - validation - 41 : Running validation ...
2025-02-25 12:22:59,808 - server - /home/marcuswrrn/Projects/Federated-Learning/src/coordination/server/validation.py - validation - 97 : Accuracy: 0.4221241940956905,
2025-02-25 12:22:59,808 - server - /home/marcuswrrn/Projects/Federated-Learning/src/coordination/server/validation.py - validation - 108 : Micro Recall 0.4221241940956905, Macro Recall 0.28370904352196064, Weighted Recall 0.4978677213600761

2025-02-25 12:22:59,808 - server - /home/marcuswrrn/Projects/Federated-Learning/src/coordination/server/validation.py - validation - 116 : Micro Precision 0.4221241940956905, Macro Precision 0.4293549691638863, Weighted Precision 0.9115606899773446

2025-02-25 12:22:59,808 - server - /home/marcuswrrn/Projects/Federated-Learning/src/coordination/server/validation.py - validation - 123 : F1 Precision 0.4221241940956905, F1 Precision 0.3081812774796315, F1 Precision 0.7784046419323909

2025-02-25 12:22:59,808 - server - /home/marcuswrrn/Projects/Federated-Learning/src/coordination/server/validation.py - validation - 131 : AUC Precision 0.0, AUC Precision 0.0, AUC Precision 0.0

2025-02-25 12:22:59,829 - server - /home/marcuswrrn/Projects/Federated-Learning/src/coordination/server/aggregation.py - check_database - 79 : Checking if done training (max round hit)
2025-02-25 12:22:59,829 - server - /home/marcuswrrn/Projects/Federated-Learning/src/coordination/server/aggregation.py - check_database - 80 : current round: 4, current + 1 : 5. max : 10
2025-02-25 12:22:59,869 - server - /home/marcuswrrn/Projects/Federated-Learning/src/coordination/server/aggregation.py - check_database - 90 : Starting training round 5
2025-02-25 12:23:12,865 - server - /home/marcuswrrn/Projects/Federated-Learning/src/coordination/server/server.py - get_model - 18 : Getting model to /home/marcuswrrn/Projects/Federated-Learning/src/coordination/instance/super_round_2/training_round_5/f60204133cbcc8f4428aa2bce6f0395a.pth
2025-02-25 15:35:37,531 - server - /home/marcuswrrn/Projects/Federated-Learning/src/coordination/server/__init__.py - create_app - 25 : Starting up server
2025-02-25 15:35:37,531 - server - /home/marcuswrrn/Projects/Federated-Learning/src/coordination/server/__init__.py - create_app - 31 : Database path : /home/marcuswrrn/Projects/Federated-Learning/src/coordination/instance/db.sqlite
2025-02-25 15:35:37,534 - server - /home/marcuswrrn/Projects/Federated-Learning/src/coordination/server/__init__.py - create_app - 47 : Map([<Rule '/static/<filename>' (GET, OPTIONS, HEAD) -> static>,
 <Rule '/training/get_model/<model_id>' (GET, OPTIONS, HEAD) -> training.get_model>,
 <Rule '/training/upload-model' (OPTIONS, POST) -> training.upload_model>,
 <Rule '/training/display_models' (GET, OPTIONS, HEAD) -> training.display>,
 <Rule '/training/ping' (OPTIONS, POST) -> training.ping_server>,
 <Rule '/training/initialize' (OPTIONS, POST) -> training.init_training>,
 <Rule '/training/shutdown' (GET, OPTIONS, HEAD) -> training.shutdown>,
 <Rule '/training/connect_test' (HEAD, GET, OPTIONS, POST) -> training.connected>,
 <Rule '/view/models/<super_round>' (GET, OPTIONS, HEAD) -> view.models>,
 <Rule '/view/current_round' (GET, OPTIONS, HEAD) -> view.current_round>,
 <Rule '/view/' (GET, OPTIONS, HEAD) -> view.home>])
2025-02-25 15:35:37,534 - server - /home/marcuswrrn/Projects/Federated-Learning/src/coordination/server/aggregation.py - check_database - 11 : Starting database check
2025-02-25 15:35:37,535 - server - /home/marcuswrrn/Projects/Federated-Learning/src/coordination/server/aggregation.py - check_database - 19 : Training round : 5
2025-02-25 15:36:07,566 - server - /home/marcuswrrn/Projects/Federated-Learning/src/coordination/server/aggregation.py - check_database - 19 : Training round : 5
2025-02-25 15:36:37,597 - server - /home/marcuswrrn/Projects/Federated-Learning/src/coordination/server/aggregation.py - check_database - 19 : Training round : 5
2025-02-25 15:37:07,629 - server - /home/marcuswrrn/Projects/Federated-Learning/src/coordination/server/aggregation.py - check_database - 19 : Training round : 5
2025-02-25 15:37:37,659 - server - /home/marcuswrrn/Projects/Federated-Learning/src/coordination/server/aggregation.py - check_database - 19 : Training round : 5
2025-02-25 15:38:07,681 - server - /home/marcuswrrn/Projects/Federated-Learning/src/coordination/server/aggregation.py - check_database - 19 : Training round : 5
2025-02-25 15:38:37,690 - server - /home/marcuswrrn/Projects/Federated-Learning/src/coordination/server/aggregation.py - check_database - 19 : Training round : 5
2025-02-25 15:39:07,700 - server - /home/marcuswrrn/Projects/Federated-Learning/src/coordination/server/aggregation.py - check_database - 19 : Training round : 5
2025-02-25 15:39:37,732 - server - /home/marcuswrrn/Projects/Federated-Learning/src/coordination/server/aggregation.py - check_database - 19 : Training round : 5
2025-02-25 15:40:07,762 - server - /home/marcuswrrn/Projects/Federated-Learning/src/coordination/server/aggregation.py - check_database - 19 : Training round : 5
2025-02-25 15:40:37,793 - server - /home/marcuswrrn/Projects/Federated-Learning/src/coordination/server/aggregation.py - check_database - 19 : Training round : 5
2025-02-25 15:41:07,810 - server - /home/marcuswrrn/Projects/Federated-Learning/src/coordination/server/aggregation.py - check_database - 19 : Training round : 5
2025-02-25 15:41:37,827 - server - /home/marcuswrrn/Projects/Federated-Learning/src/coordination/server/aggregation.py - check_database - 19 : Training round : 5
2025-02-25 15:42:07,858 - server - /home/marcuswrrn/Projects/Federated-Learning/src/coordination/server/aggregation.py - check_database - 19 : Training round : 5
2025-02-25 15:42:37,889 - server - /home/marcuswrrn/Projects/Federated-Learning/src/coordination/server/aggregation.py - check_database - 19 : Training round : 5
2025-02-25 15:43:07,896 - server - /home/marcuswrrn/Projects/Federated-Learning/src/coordination/server/aggregation.py - check_database - 19 : Training round : 5
2025-02-25 15:43:25,780 - server - /home/marcuswrrn/Projects/Federated-Learning/src/coordination/server/__init__.py - create_app - 25 : Starting up server
2025-02-25 15:43:25,780 - server - /home/marcuswrrn/Projects/Federated-Learning/src/coordination/server/__init__.py - create_app - 31 : Database path : /home/marcuswrrn/Projects/Federated-Learning/src/coordination/instance/db.sqlite
2025-02-25 15:43:25,782 - server - /home/marcuswrrn/Projects/Federated-Learning/src/coordination/server/__init__.py - create_app - 47 : Map([<Rule '/static/<filename>' (OPTIONS, GET, HEAD) -> static>,
 <Rule '/training/get_model/<model_id>' (OPTIONS, GET, HEAD) -> training.get_model>,
 <Rule '/training/upload-model' (OPTIONS, POST) -> training.upload_model>,
 <Rule '/training/display_models' (OPTIONS, GET, HEAD) -> training.display>,
 <Rule '/training/ping' (OPTIONS, POST) -> training.ping_server>,
 <Rule '/training/initialize' (OPTIONS, POST) -> training.init_training>,
 <Rule '/training/shutdown' (OPTIONS, GET, HEAD) -> training.shutdown>,
 <Rule '/training/connect_test' (OPTIONS, GET, POST, HEAD) -> training.connected>,
 <Rule '/view/models/<super_round>' (OPTIONS, GET, HEAD) -> view.models>,
 <Rule '/view/current_round' (OPTIONS, GET, HEAD) -> view.current_round>,
 <Rule '/view/' (OPTIONS, GET, HEAD) -> view.home>])
2025-02-25 15:43:25,782 - server - /home/marcuswrrn/Projects/Federated-Learning/src/coordination/server/aggregation.py - check_database - 11 : Starting database check
2025-02-25 15:43:25,783 - server - /home/marcuswrrn/Projects/Federated-Learning/src/coordination/server/aggregation.py - check_database - 19 : Training round : 5
2025-02-25 15:43:55,786 - server - /home/marcuswrrn/Projects/Federated-Learning/src/coordination/server/aggregation.py - check_database - 19 : Training round : 5
2025-02-25 15:44:25,816 - server - /home/marcuswrrn/Projects/Federated-Learning/src/coordination/server/aggregation.py - check_database - 19 : Training round : 5
2025-02-25 15:45:40,841 - server - /home/marcuswrrn/Projects/Federated-Learning/src/coordination/server/__init__.py - create_app - 25 : Starting up server
2025-02-25 15:45:40,841 - server - /home/marcuswrrn/Projects/Federated-Learning/src/coordination/server/__init__.py - create_app - 31 : Database path : /home/marcuswrrn/Projects/Federated-Learning/src/coordination/instance/db.sqlite
2025-02-25 15:45:40,843 - server - /home/marcuswrrn/Projects/Federated-Learning/src/coordination/server/__init__.py - create_app - 47 : Map([<Rule '/static/<filename>' (HEAD, GET, OPTIONS) -> static>,
 <Rule '/training/get_model/<model_id>' (HEAD, GET, OPTIONS) -> training.get_model>,
 <Rule '/training/upload-model' (POST, OPTIONS) -> training.upload_model>,
 <Rule '/training/display_models' (HEAD, GET, OPTIONS) -> training.display>,
 <Rule '/training/ping' (POST, OPTIONS) -> training.ping_server>,
 <Rule '/training/initialize' (POST, OPTIONS) -> training.init_training>,
 <Rule '/training/shutdown' (HEAD, GET, OPTIONS) -> training.shutdown>,
 <Rule '/training/connect_test' (POST, HEAD, GET, OPTIONS) -> training.connected>,
 <Rule '/view/models/<super_round>' (HEAD, GET, OPTIONS) -> view.models>,
 <Rule '/view/current_round' (HEAD, GET, OPTIONS) -> view.current_round>,
 <Rule '/view/' (HEAD, GET, OPTIONS) -> view.home>])
2025-02-25 15:45:40,843 - server - /home/marcuswrrn/Projects/Federated-Learning/src/coordination/server/aggregation.py - check_database - 11 : Starting database check
2025-02-25 15:45:40,845 - server - /home/marcuswrrn/Projects/Federated-Learning/src/coordination/server/aggregation.py - check_database - 19 : Training round : 5
2025-02-25 15:46:43,569 - server - /home/marcuswrrn/Projects/Federated-Learning/src/coordination/server/__init__.py - create_app - 25 : Starting up server
2025-02-25 15:46:43,569 - server - /home/marcuswrrn/Projects/Federated-Learning/src/coordination/server/__init__.py - create_app - 31 : Database path : /home/marcuswrrn/Projects/Federated-Learning/src/coordination/instance/db.sqlite
2025-02-25 15:46:43,571 - server - /home/marcuswrrn/Projects/Federated-Learning/src/coordination/server/__init__.py - create_app - 47 : Map([<Rule '/static/<filename>' (GET, OPTIONS, HEAD) -> static>,
 <Rule '/training/get_model/<model_id>' (GET, OPTIONS, HEAD) -> training.get_model>,
 <Rule '/training/upload-model' (POST, OPTIONS) -> training.upload_model>,
 <Rule '/training/display_models' (GET, OPTIONS, HEAD) -> training.display>,
 <Rule '/training/ping' (POST, OPTIONS) -> training.ping_server>,
 <Rule '/training/initialize' (POST, OPTIONS) -> training.init_training>,
 <Rule '/training/shutdown' (GET, OPTIONS, HEAD) -> training.shutdown>,
 <Rule '/training/connect_test' (GET, POST, OPTIONS, HEAD) -> training.connected>,
 <Rule '/view/models/<super_round>' (GET, OPTIONS, HEAD) -> view.models>,
 <Rule '/view/current_round' (GET, OPTIONS, HEAD) -> view.current_round>,
 <Rule '/view/' (GET, OPTIONS, HEAD) -> view.home>])
2025-02-25 15:46:43,571 - server - /home/marcuswrrn/Projects/Federated-Learning/src/coordination/server/aggregation.py - check_database - 11 : Starting database check
2025-02-25 15:46:43,572 - server - /home/marcuswrrn/Projects/Federated-Learning/src/coordination/server/aggregation.py - check_database - 19 : Training round : 5
2025-02-25 15:50:55,428 - server - /home/marcuswrrn/Projects/Federated-Learning/src/coordination/server/__init__.py - create_app - 25 : Starting up server
2025-02-25 15:50:55,429 - server - /home/marcuswrrn/Projects/Federated-Learning/src/coordination/server/__init__.py - create_app - 31 : Database path : /home/marcuswrrn/Projects/Federated-Learning/src/coordination/instance/db.sqlite
2025-02-25 15:50:55,430 - server - /home/marcuswrrn/Projects/Federated-Learning/src/coordination/server/__init__.py - create_app - 47 : Map([<Rule '/static/<filename>' (GET, HEAD, OPTIONS) -> static>,
 <Rule '/training/get_model/<model_id>' (GET, HEAD, OPTIONS) -> training.get_model>,
 <Rule '/training/upload-model' (POST, OPTIONS) -> training.upload_model>,
 <Rule '/training/display_models' (GET, HEAD, OPTIONS) -> training.display>,
 <Rule '/training/ping' (POST, OPTIONS) -> training.ping_server>,
 <Rule '/training/initialize' (POST, OPTIONS) -> training.init_training>,
 <Rule '/training/shutdown' (GET, HEAD, OPTIONS) -> training.shutdown>,
 <Rule '/training/connect_test' (GET, HEAD, POST, OPTIONS) -> training.connected>,
 <Rule '/view/models/<super_round>' (GET, HEAD, OPTIONS) -> view.models>,
 <Rule '/view/current_round' (GET, HEAD, OPTIONS) -> view.current_round>,
 <Rule '/view/' (GET, HEAD, OPTIONS) -> view.home>])
2025-02-25 15:50:55,431 - server - /home/marcuswrrn/Projects/Federated-Learning/src/coordination/server/aggregation.py - check_database - 11 : Starting database check
2025-02-25 15:50:55,432 - server - /home/marcuswrrn/Projects/Federated-Learning/src/coordination/server/aggregation.py - check_database - 19 : Training round : 5
2025-02-25 15:51:25,449 - server - /home/marcuswrrn/Projects/Federated-Learning/src/coordination/server/aggregation.py - check_database - 19 : Training round : 5
2025-02-25 15:51:55,452 - server - /home/marcuswrrn/Projects/Federated-Learning/src/coordination/server/aggregation.py - check_database - 19 : Training round : 5
2025-02-25 15:55:58,703 - server - /home/marcuswrrn/Projects/Federated-Learning/src/coordination/server/__init__.py - create_app - 25 : Starting up server
2025-02-25 15:55:58,703 - server - /home/marcuswrrn/Projects/Federated-Learning/src/coordination/server/__init__.py - create_app - 31 : Database path : /home/marcuswrrn/Projects/Federated-Learning/src/coordination/instance/db.sqlite
2025-02-25 15:55:58,705 - server - /home/marcuswrrn/Projects/Federated-Learning/src/coordination/server/__init__.py - create_app - 47 : Map([<Rule '/static/<filename>' (GET, HEAD, OPTIONS) -> static>,
 <Rule '/training/get_model/<model_id>' (GET, HEAD, OPTIONS) -> training.get_model>,
 <Rule '/training/upload-model' (POST, OPTIONS) -> training.upload_model>,
 <Rule '/training/display_models' (GET, HEAD, OPTIONS) -> training.display>,
 <Rule '/training/ping' (POST, OPTIONS) -> training.ping_server>,
 <Rule '/training/initialize' (POST, OPTIONS) -> training.init_training>,
 <Rule '/training/shutdown' (POST, OPTIONS) -> training.shutdown>,
 <Rule '/training/connect_test' (GET, HEAD, POST, OPTIONS) -> training.connected>,
 <Rule '/view/models/<super_round>' (GET, HEAD, OPTIONS) -> view.models>,
 <Rule '/view/current_round' (GET, HEAD, OPTIONS) -> view.current_round>,
 <Rule '/view/' (GET, HEAD, OPTIONS) -> view.home>])
2025-02-25 15:55:58,706 - server - /home/marcuswrrn/Projects/Federated-Learning/src/coordination/server/aggregation.py - check_database - 11 : Starting database check
2025-02-25 15:55:58,707 - server - /home/marcuswrrn/Projects/Federated-Learning/src/coordination/server/aggregation.py - check_database - 19 : Training round : 5
2025-02-25 15:57:09,815 - server - /home/marcuswrrn/Projects/Federated-Learning/src/coordination/server/__init__.py - create_app - 25 : Starting up server
2025-02-25 15:57:09,815 - server - /home/marcuswrrn/Projects/Federated-Learning/src/coordination/server/__init__.py - create_app - 31 : Database path : /home/marcuswrrn/Projects/Federated-Learning/src/coordination/instance/db.sqlite
2025-02-25 15:57:09,817 - server - /home/marcuswrrn/Projects/Federated-Learning/src/coordination/server/__init__.py - create_app - 47 : Map([<Rule '/static/<filename>' (OPTIONS, GET, HEAD) -> static>,
 <Rule '/training/get_model/<model_id>' (OPTIONS, GET, HEAD) -> training.get_model>,
 <Rule '/training/upload-model' (OPTIONS, POST) -> training.upload_model>,
 <Rule '/training/display_models' (OPTIONS, GET, HEAD) -> training.display>,
 <Rule '/training/ping' (OPTIONS, POST) -> training.ping_server>,
 <Rule '/training/initialize' (OPTIONS, POST) -> training.init_training>,
 <Rule '/training/shutdown' (OPTIONS, POST) -> training.shutdown>,
 <Rule '/training/connect_test' (OPTIONS, POST, GET, HEAD) -> training.connected>,
 <Rule '/view/models/<super_round>' (OPTIONS, GET, HEAD) -> view.models>,
 <Rule '/view/current_round' (OPTIONS, GET, HEAD) -> view.current_round>,
 <Rule '/view/' (OPTIONS, GET, HEAD) -> view.home>])
2025-02-25 15:57:09,817 - server - /home/marcuswrrn/Projects/Federated-Learning/src/coordination/server/aggregation.py - check_database - 11 : Starting database check
2025-02-25 15:58:35,965 - server - /home/marcuswrrn/Projects/Federated-Learning/src/coordination/server/__init__.py - create_app - 25 : Starting up server
2025-02-25 15:58:35,965 - server - /home/marcuswrrn/Projects/Federated-Learning/src/coordination/server/__init__.py - create_app - 31 : Database path : /home/marcuswrrn/Projects/Federated-Learning/src/coordination/instance/db.sqlite
2025-02-25 15:58:35,967 - server - /home/marcuswrrn/Projects/Federated-Learning/src/coordination/server/__init__.py - create_app - 47 : Map([<Rule '/static/<filename>' (GET, OPTIONS, HEAD) -> static>,
 <Rule '/training/get_model/<model_id>' (GET, OPTIONS, HEAD) -> training.get_model>,
 <Rule '/training/upload-model' (POST, OPTIONS) -> training.upload_model>,
 <Rule '/training/display_models' (GET, OPTIONS, HEAD) -> training.display>,
 <Rule '/training/ping' (POST, OPTIONS) -> training.ping_server>,
 <Rule '/training/initialize' (POST, OPTIONS) -> training.init_training>,
 <Rule '/training/shutdown' (POST, OPTIONS) -> training.shutdown>,
 <Rule '/training/connect_test' (GET, POST, OPTIONS, HEAD) -> training.connected>,
 <Rule '/view/models/<super_round>' (GET, OPTIONS, HEAD) -> view.models>,
 <Rule '/view/current_round' (GET, OPTIONS, HEAD) -> view.current_round>,
 <Rule '/view/' (GET, OPTIONS, HEAD) -> view.home>])
2025-02-25 15:58:35,967 - server - /home/marcuswrrn/Projects/Federated-Learning/src/coordination/server/aggregation.py - check_database - 11 : Starting database check
2025-02-25 15:59:50,269 - server - /home/marcuswrrn/Projects/Federated-Learning/src/coordination/server/__init__.py - create_app - 25 : Starting up server
2025-02-25 15:59:50,269 - server - /home/marcuswrrn/Projects/Federated-Learning/src/coordination/server/__init__.py - create_app - 31 : Database path : /home/marcuswrrn/Projects/Federated-Learning/src/coordination/instance/db.sqlite
2025-02-25 15:59:50,273 - server - /home/marcuswrrn/Projects/Federated-Learning/src/coordination/server/__init__.py - create_app - 47 : Map([<Rule '/static/<filename>' (OPTIONS, GET, HEAD) -> static>,
 <Rule '/training/get_model/<model_id>' (OPTIONS, GET, HEAD) -> training.get_model>,
 <Rule '/training/upload-model' (OPTIONS, POST) -> training.upload_model>,
 <Rule '/training/display_models' (OPTIONS, GET, HEAD) -> training.display>,
 <Rule '/training/ping' (OPTIONS, POST) -> training.ping_server>,
 <Rule '/training/initialize' (OPTIONS, POST) -> training.init_training>,
 <Rule '/training/shutdown' (OPTIONS, POST) -> training.shutdown>,
 <Rule '/training/connect_test' (OPTIONS, GET, HEAD, POST) -> training.connected>,
 <Rule '/view/models/<super_round>' (OPTIONS, GET, HEAD) -> view.models>,
 <Rule '/view/current_round' (OPTIONS, GET, HEAD) -> view.current_round>,
 <Rule '/view/' (OPTIONS, GET, HEAD) -> view.home>])
2025-02-25 15:59:50,273 - server - /home/marcuswrrn/Projects/Federated-Learning/src/coordination/server/aggregation.py - check_database - 11 : Starting database check
2025-02-25 16:01:52,747 - server - /home/marcuswrrn/Projects/Federated-Learning/src/coordination/server/__init__.py - create_app - 25 : Starting up server
2025-02-25 16:01:52,747 - server - /home/marcuswrrn/Projects/Federated-Learning/src/coordination/server/__init__.py - create_app - 31 : Database path : /home/marcuswrrn/Projects/Federated-Learning/src/coordination/instance/db.sqlite
2025-02-25 16:01:52,750 - server - /home/marcuswrrn/Projects/Federated-Learning/src/coordination/server/__init__.py - create_app - 47 : Map([<Rule '/static/<filename>' (HEAD, GET, OPTIONS) -> static>,
 <Rule '/training/get_model/<model_id>' (HEAD, GET, OPTIONS) -> training.get_model>,
 <Rule '/training/upload-model' (OPTIONS, POST) -> training.upload_model>,
 <Rule '/training/display_models' (HEAD, GET, OPTIONS) -> training.display>,
 <Rule '/training/ping' (OPTIONS, POST) -> training.ping_server>,
 <Rule '/training/initialize' (OPTIONS, POST) -> training.init_training>,
 <Rule '/training/shutdown' (OPTIONS, POST) -> training.shutdown>,
 <Rule '/training/connect_test' (HEAD, GET, OPTIONS, POST) -> training.connected>,
 <Rule '/view/models/<super_round>' (HEAD, GET, OPTIONS) -> view.models>,
 <Rule '/view/current_round' (HEAD, GET, OPTIONS) -> view.current_round>,
 <Rule '/view/' (HEAD, GET, OPTIONS) -> view.home>])
2025-02-25 16:01:52,750 - server - /home/marcuswrrn/Projects/Federated-Learning/src/coordination/server/aggregation.py - check_database - 11 : Starting database check
2025-02-25 16:03:52,561 - server - /home/marcuswrrn/Projects/Federated-Learning/src/coordination/server/__init__.py - create_app - 25 : Starting up server
2025-02-25 16:03:52,562 - server - /home/marcuswrrn/Projects/Federated-Learning/src/coordination/server/__init__.py - create_app - 31 : Database path : /home/marcuswrrn/Projects/Federated-Learning/src/coordination/instance/db.sqlite
2025-02-25 16:03:52,563 - server - /home/marcuswrrn/Projects/Federated-Learning/src/coordination/server/__init__.py - create_app - 47 : Map([<Rule '/static/<filename>' (OPTIONS, HEAD, GET) -> static>,
 <Rule '/training/get_model/<model_id>' (OPTIONS, HEAD, GET) -> training.get_model>,
 <Rule '/training/upload-model' (OPTIONS, POST) -> training.upload_model>,
 <Rule '/training/display_models' (OPTIONS, HEAD, GET) -> training.display>,
 <Rule '/training/ping' (OPTIONS, POST) -> training.ping_server>,
 <Rule '/training/initialize' (OPTIONS, POST) -> training.init_training>,
 <Rule '/training/shutdown' (OPTIONS, POST) -> training.shutdown>,
 <Rule '/training/connect_test' (OPTIONS, HEAD, POST, GET) -> training.connected>,
 <Rule '/view/models/<super_round>' (OPTIONS, HEAD, GET) -> view.models>,
 <Rule '/view/current_round' (OPTIONS, HEAD, GET) -> view.current_round>,
 <Rule '/view/' (OPTIONS, HEAD, GET) -> view.home>])
2025-02-25 16:03:52,564 - server - /home/marcuswrrn/Projects/Federated-Learning/src/coordination/server/aggregation.py - check_database - 11 : Starting database check
2025-02-25 16:06:03,547 - server - /home/marcuswrrn/Projects/Federated-Learning/src/coordination/server/__init__.py - create_app - 25 : Starting up server
2025-02-25 16:06:03,547 - server - /home/marcuswrrn/Projects/Federated-Learning/src/coordination/server/__init__.py - create_app - 31 : Database path : /home/marcuswrrn/Projects/Federated-Learning/src/coordination/instance/db.sqlite
2025-02-25 16:06:03,549 - server - /home/marcuswrrn/Projects/Federated-Learning/src/coordination/server/__init__.py - create_app - 47 : Map([<Rule '/static/<filename>' (GET, OPTIONS, HEAD) -> static>,
 <Rule '/training/get_model/<model_id>' (GET, OPTIONS, HEAD) -> training.get_model>,
 <Rule '/training/upload-model' (POST, OPTIONS) -> training.upload_model>,
 <Rule '/training/display_models' (GET, OPTIONS, HEAD) -> training.display>,
 <Rule '/training/ping' (POST, OPTIONS) -> training.ping_server>,
 <Rule '/training/initialize' (POST, OPTIONS) -> training.init_training>,
 <Rule '/training/shutdown' (POST, OPTIONS) -> training.shutdown>,
 <Rule '/training/connect_test' (POST, GET, OPTIONS, HEAD) -> training.connected>,
 <Rule '/view/models/<super_round>' (GET, OPTIONS, HEAD) -> view.models>,
 <Rule '/view/current_round' (GET, OPTIONS, HEAD) -> view.current_round>,
 <Rule '/view/' (GET, OPTIONS, HEAD) -> view.home>])
2025-02-25 16:06:03,549 - server - /home/marcuswrrn/Projects/Federated-Learning/src/coordination/server/aggregation.py - check_database - 11 : Starting database check
2025-02-25 16:06:50,704 - server - /home/marcuswrrn/Projects/Federated-Learning/src/coordination/server/__init__.py - create_app - 25 : Starting up server
2025-02-25 16:06:50,704 - server - /home/marcuswrrn/Projects/Federated-Learning/src/coordination/server/__init__.py - create_app - 31 : Database path : /home/marcuswrrn/Projects/Federated-Learning/src/coordination/instance/db.sqlite
2025-02-25 16:06:50,706 - server - /home/marcuswrrn/Projects/Federated-Learning/src/coordination/server/__init__.py - create_app - 47 : Map([<Rule '/static/<filename>' (HEAD, OPTIONS, GET) -> static>,
 <Rule '/training/get_model/<model_id>' (HEAD, OPTIONS, GET) -> training.get_model>,
 <Rule '/training/upload-model' (POST, OPTIONS) -> training.upload_model>,
 <Rule '/training/display_models' (HEAD, OPTIONS, GET) -> training.display>,
 <Rule '/training/ping' (POST, OPTIONS) -> training.ping_server>,
 <Rule '/training/initialize' (POST, OPTIONS) -> training.init_training>,
 <Rule '/training/shutdown' (POST, OPTIONS) -> training.shutdown>,
 <Rule '/training/connect_test' (POST, HEAD, OPTIONS, GET) -> training.connected>,
 <Rule '/view/models/<super_round>' (HEAD, OPTIONS, GET) -> view.models>,
 <Rule '/view/current_round' (HEAD, OPTIONS, GET) -> view.current_round>,
 <Rule '/view/' (HEAD, OPTIONS, GET) -> view.home>])
2025-02-25 16:06:50,706 - server - /home/marcuswrrn/Projects/Federated-Learning/src/coordination/server/aggregation.py - check_database - 11 : Starting database check
2025-02-25 16:07:15,368 - server - /home/marcuswrrn/Projects/Federated-Learning/src/coordination/server/server.py - init_training - 106 : New Super round
2025-02-25 16:07:15,368 - server - /home/marcuswrrn/Projects/Federated-Learning/src/coordination/server/server.py - init_training - 107 : Start training
2025-02-25 16:07:34,204 - server - /home/marcuswrrn/Projects/Federated-Learning/src/coordination/server/server.py - init_training - 106 : New Super round
2025-02-25 16:07:34,204 - server - /home/marcuswrrn/Projects/Federated-Learning/src/coordination/server/server.py - init_training - 107 : Start training
2025-02-25 16:09:44,932 - server - /home/marcuswrrn/Projects/Federated-Learning/src/coordination/server/__init__.py - create_app - 25 : Starting up server
2025-02-25 16:09:44,932 - server - /home/marcuswrrn/Projects/Federated-Learning/src/coordination/server/__init__.py - create_app - 31 : Database path : /home/marcuswrrn/Projects/Federated-Learning/src/coordination/instance/db.sqlite
2025-02-25 16:09:44,935 - server - /home/marcuswrrn/Projects/Federated-Learning/src/coordination/server/__init__.py - create_app - 47 : Map([<Rule '/static/<filename>' (GET, OPTIONS, HEAD) -> static>,
 <Rule '/training/get_model/<model_id>' (GET, OPTIONS, HEAD) -> training.get_model>,
 <Rule '/training/upload-model' (OPTIONS, POST) -> training.upload_model>,
 <Rule '/training/display_models' (GET, OPTIONS, HEAD) -> training.display>,
 <Rule '/training/ping' (OPTIONS, POST) -> training.ping_server>,
 <Rule '/training/initialize' (OPTIONS, POST) -> training.init_training>,
 <Rule '/training/shutdown' (OPTIONS, POST) -> training.shutdown>,
 <Rule '/training/connect_test' (GET, HEAD, OPTIONS, POST) -> training.connected>,
 <Rule '/view/models/<super_round>' (GET, OPTIONS, HEAD) -> view.models>,
 <Rule '/view/current_round' (GET, OPTIONS, HEAD) -> view.current_round>,
 <Rule '/view/' (GET, OPTIONS, HEAD) -> view.home>])
2025-02-25 16:09:44,936 - server - /home/marcuswrrn/Projects/Federated-Learning/src/coordination/server/aggregation.py - check_database - 11 : Starting database check
2025-02-25 16:09:50,613 - server - /home/marcuswrrn/Projects/Federated-Learning/src/coordination/server/server.py - init_training - 106 : New Super round
2025-02-25 16:09:50,613 - server - /home/marcuswrrn/Projects/Federated-Learning/src/coordination/server/server.py - init_training - 107 : Start training
2025-02-25 16:10:30,673 - server - /home/marcuswrrn/Projects/Federated-Learning/src/coordination/server/__init__.py - create_app - 25 : Starting up server
2025-02-25 16:10:30,673 - server - /home/marcuswrrn/Projects/Federated-Learning/src/coordination/server/__init__.py - create_app - 31 : Database path : /home/marcuswrrn/Projects/Federated-Learning/src/coordination/instance/db.sqlite
2025-02-25 16:10:30,675 - server - /home/marcuswrrn/Projects/Federated-Learning/src/coordination/server/__init__.py - create_app - 47 : Map([<Rule '/static/<filename>' (GET, HEAD, OPTIONS) -> static>,
 <Rule '/training/get_model/<model_id>' (GET, HEAD, OPTIONS) -> training.get_model>,
 <Rule '/training/upload-model' (POST, OPTIONS) -> training.upload_model>,
 <Rule '/training/display_models' (GET, HEAD, OPTIONS) -> training.display>,
 <Rule '/training/ping' (POST, OPTIONS) -> training.ping_server>,
 <Rule '/training/initialize' (POST, OPTIONS) -> training.init_training>,
 <Rule '/training/shutdown' (POST, OPTIONS) -> training.shutdown>,
 <Rule '/training/connect_test' (GET, HEAD, POST, OPTIONS) -> training.connected>,
 <Rule '/view/models/<super_round>' (GET, HEAD, OPTIONS) -> view.models>,
 <Rule '/view/current_round' (GET, HEAD, OPTIONS) -> view.current_round>,
 <Rule '/view/' (GET, HEAD, OPTIONS) -> view.home>])
2025-02-25 16:10:30,676 - server - /home/marcuswrrn/Projects/Federated-Learning/src/coordination/server/aggregation.py - check_database - 11 : Starting database check
2025-02-25 16:10:35,780 - server - /home/marcuswrrn/Projects/Federated-Learning/src/coordination/server/server.py - init_training - 106 : New Super round
2025-02-25 16:10:35,780 - server - /home/marcuswrrn/Projects/Federated-Learning/src/coordination/server/server.py - init_training - 107 : Start training
2025-02-25 16:11:59,576 - server - /home/marcuswrrn/Projects/Federated-Learning/src/coordination/server/__init__.py - create_app - 25 : Starting up server
2025-02-25 16:11:59,576 - server - /home/marcuswrrn/Projects/Federated-Learning/src/coordination/server/__init__.py - create_app - 31 : Database path : /home/marcuswrrn/Projects/Federated-Learning/src/coordination/instance/db.sqlite
2025-02-25 16:11:59,578 - server - /home/marcuswrrn/Projects/Federated-Learning/src/coordination/server/__init__.py - create_app - 47 : Map([<Rule '/static/<filename>' (GET, HEAD, OPTIONS) -> static>,
 <Rule '/training/get_model/<model_id>' (GET, HEAD, OPTIONS) -> training.get_model>,
 <Rule '/training/upload-model' (POST, OPTIONS) -> training.upload_model>,
 <Rule '/training/display_models' (GET, HEAD, OPTIONS) -> training.display>,
 <Rule '/training/ping' (POST, OPTIONS) -> training.ping_server>,
 <Rule '/training/initialize' (POST, OPTIONS) -> training.init_training>,
 <Rule '/training/shutdown' (POST, OPTIONS) -> training.shutdown>,
 <Rule '/training/connect_test' (POST, HEAD, OPTIONS, GET) -> training.connected>,
 <Rule '/view/models/<super_round>' (GET, HEAD, OPTIONS) -> view.models>,
 <Rule '/view/current_round' (GET, HEAD, OPTIONS) -> view.current_round>,
 <Rule '/view/' (GET, HEAD, OPTIONS) -> view.home>])
2025-02-25 16:11:59,579 - server - /home/marcuswrrn/Projects/Federated-Learning/src/coordination/server/aggregation.py - check_database - 11 : Starting database check
2025-02-25 16:12:04,644 - server - /home/marcuswrrn/Projects/Federated-Learning/src/coordination/server/server.py - init_training - 106 : New Super round
2025-02-25 16:12:04,644 - server - /home/marcuswrrn/Projects/Federated-Learning/src/coordination/server/server.py - init_training - 107 : Start training
2025-02-25 16:12:04,656 - server - /home/marcuswrrn/Projects/Federated-Learning/src/coordination/server/server.py - init_training - 126 : Round initializer
2025-02-25 16:12:04,664 - server - /home/marcuswrrn/Projects/Federated-Learning/src/coordination/server/aggregation.py - check_database - 19 : Training round : 1
2025-02-25 16:16:24,502 - server - /home/marcuswrrn/Projects/Federated-Learning/src/coordination/server/__init__.py - create_app - 25 : Starting up server
2025-02-25 16:16:24,502 - server - /home/marcuswrrn/Projects/Federated-Learning/src/coordination/server/__init__.py - create_app - 31 : Database path : /home/marcuswrrn/Projects/Federated-Learning/src/coordination/instance/db.sqlite
2025-02-25 16:16:24,504 - server - /home/marcuswrrn/Projects/Federated-Learning/src/coordination/server/__init__.py - create_app - 47 : Map([<Rule '/static/<filename>' (OPTIONS, HEAD, GET) -> static>,
 <Rule '/training/get_model/<model_id>' (OPTIONS, HEAD, GET) -> training.get_model>,
 <Rule '/training/upload-model' (POST, OPTIONS) -> training.upload_model>,
 <Rule '/training/display_models' (OPTIONS, HEAD, GET) -> training.display>,
 <Rule '/training/ping' (POST, OPTIONS) -> training.ping_server>,
 <Rule '/training/initialize' (POST, OPTIONS) -> training.init_training>,
 <Rule '/training/shutdown' (POST, OPTIONS) -> training.shutdown>,
 <Rule '/training/connect_test' (POST, OPTIONS, HEAD, GET) -> training.connected>,
 <Rule '/view/models/<super_round>' (OPTIONS, HEAD, GET) -> view.models>,
 <Rule '/view/current_round' (OPTIONS, HEAD, GET) -> view.current_round>,
 <Rule '/view/' (OPTIONS, HEAD, GET) -> view.home>])
2025-02-25 16:16:24,505 - server - /home/marcuswrrn/Projects/Federated-Learning/src/coordination/server/aggregation.py - check_database - 11 : Starting database check
2025-02-25 16:16:24,507 - server - /home/marcuswrrn/Projects/Federated-Learning/src/coordination/server/aggregation.py - check_database - 19 : Training round : 1
2025-02-25 16:16:35,135 - server - /home/marcuswrrn/Projects/Federated-Learning/src/coordination/server/server.py - init_training - 106 : New Super round
2025-02-25 16:16:35,135 - server - /home/marcuswrrn/Projects/Federated-Learning/src/coordination/server/server.py - init_training - 107 : Start training
2025-02-25 16:16:35,147 - server - /home/marcuswrrn/Projects/Federated-Learning/src/coordination/server/server.py - init_training - 126 : Round initializer
2025-02-25 16:16:54,537 - server - /home/marcuswrrn/Projects/Federated-Learning/src/coordination/server/aggregation.py - check_database - 19 : Training round : 1
2025-02-25 16:17:24,568 - server - /home/marcuswrrn/Projects/Federated-Learning/src/coordination/server/aggregation.py - check_database - 19 : Training round : 1
2025-02-25 16:17:54,600 - server - /home/marcuswrrn/Projects/Federated-Learning/src/coordination/server/aggregation.py - check_database - 19 : Training round : 1
2025-02-25 16:18:24,625 - server - /home/marcuswrrn/Projects/Federated-Learning/src/coordination/server/aggregation.py - check_database - 19 : Training round : 1
2025-02-25 16:18:54,641 - server - /home/marcuswrrn/Projects/Federated-Learning/src/coordination/server/aggregation.py - check_database - 19 : Training round : 1
2025-02-25 16:19:24,672 - server - /home/marcuswrrn/Projects/Federated-Learning/src/coordination/server/aggregation.py - check_database - 19 : Training round : 1
2025-02-25 16:19:54,694 - server - /home/marcuswrrn/Projects/Federated-Learning/src/coordination/server/aggregation.py - check_database - 19 : Training round : 1
2025-02-25 16:20:24,725 - server - /home/marcuswrrn/Projects/Federated-Learning/src/coordination/server/aggregation.py - check_database - 19 : Training round : 1
2025-02-25 16:20:54,735 - server - /home/marcuswrrn/Projects/Federated-Learning/src/coordination/server/aggregation.py - check_database - 19 : Training round : 1
2025-02-25 16:21:24,765 - server - /home/marcuswrrn/Projects/Federated-Learning/src/coordination/server/aggregation.py - check_database - 19 : Training round : 1
2025-02-25 16:21:54,775 - server - /home/marcuswrrn/Projects/Federated-Learning/src/coordination/server/aggregation.py - check_database - 19 : Training round : 1
2025-02-25 16:22:24,801 - server - /home/marcuswrrn/Projects/Federated-Learning/src/coordination/server/aggregation.py - check_database - 19 : Training round : 1
2025-02-25 16:22:54,831 - server - /home/marcuswrrn/Projects/Federated-Learning/src/coordination/server/aggregation.py - check_database - 19 : Training round : 1
2025-02-25 16:23:24,862 - server - /home/marcuswrrn/Projects/Federated-Learning/src/coordination/server/aggregation.py - check_database - 19 : Training round : 1
2025-02-25 16:23:54,894 - server - /home/marcuswrrn/Projects/Federated-Learning/src/coordination/server/aggregation.py - check_database - 19 : Training round : 1
2025-02-25 16:24:24,924 - server - /home/marcuswrrn/Projects/Federated-Learning/src/coordination/server/aggregation.py - check_database - 19 : Training round : 1
2025-02-25 16:24:54,956 - server - /home/marcuswrrn/Projects/Federated-Learning/src/coordination/server/aggregation.py - check_database - 19 : Training round : 1
2025-02-25 16:25:24,966 - server - /home/marcuswrrn/Projects/Federated-Learning/src/coordination/server/aggregation.py - check_database - 19 : Training round : 1
2025-02-25 16:25:54,975 - server - /home/marcuswrrn/Projects/Federated-Learning/src/coordination/server/aggregation.py - check_database - 19 : Training round : 1
2025-02-25 16:26:24,984 - server - /home/marcuswrrn/Projects/Federated-Learning/src/coordination/server/aggregation.py - check_database - 19 : Training round : 1
2025-02-25 16:26:55,005 - server - /home/marcuswrrn/Projects/Federated-Learning/src/coordination/server/aggregation.py - check_database - 19 : Training round : 1
2025-02-25 16:27:25,035 - server - /home/marcuswrrn/Projects/Federated-Learning/src/coordination/server/aggregation.py - check_database - 19 : Training round : 1
2025-02-25 16:27:55,067 - server - /home/marcuswrrn/Projects/Federated-Learning/src/coordination/server/aggregation.py - check_database - 19 : Training round : 1
2025-02-25 16:28:25,081 - server - /home/marcuswrrn/Projects/Federated-Learning/src/coordination/server/aggregation.py - check_database - 19 : Training round : 1
2025-02-25 16:28:55,112 - server - /home/marcuswrrn/Projects/Federated-Learning/src/coordination/server/aggregation.py - check_database - 19 : Training round : 1
2025-02-25 16:29:25,136 - server - /home/marcuswrrn/Projects/Federated-Learning/src/coordination/server/aggregation.py - check_database - 19 : Training round : 1
2025-02-25 16:29:55,166 - server - /home/marcuswrrn/Projects/Federated-Learning/src/coordination/server/aggregation.py - check_database - 19 : Training round : 1
2025-02-25 16:30:25,197 - server - /home/marcuswrrn/Projects/Federated-Learning/src/coordination/server/aggregation.py - check_database - 19 : Training round : 1
2025-02-25 16:30:55,216 - server - /home/marcuswrrn/Projects/Federated-Learning/src/coordination/server/aggregation.py - check_database - 19 : Training round : 1
2025-02-25 16:31:25,247 - server - /home/marcuswrrn/Projects/Federated-Learning/src/coordination/server/aggregation.py - check_database - 19 : Training round : 1
2025-02-25 16:31:55,274 - server - /home/marcuswrrn/Projects/Federated-Learning/src/coordination/server/aggregation.py - check_database - 19 : Training round : 1
2025-02-25 16:32:25,305 - server - /home/marcuswrrn/Projects/Federated-Learning/src/coordination/server/aggregation.py - check_database - 19 : Training round : 1
2025-02-25 16:32:55,336 - server - /home/marcuswrrn/Projects/Federated-Learning/src/coordination/server/aggregation.py - check_database - 19 : Training round : 1
2025-02-25 16:33:25,365 - server - /home/marcuswrrn/Projects/Federated-Learning/src/coordination/server/aggregation.py - check_database - 19 : Training round : 1
2025-02-25 16:33:55,382 - server - /home/marcuswrrn/Projects/Federated-Learning/src/coordination/server/aggregation.py - check_database - 19 : Training round : 1
2025-02-25 16:34:25,392 - server - /home/marcuswrrn/Projects/Federated-Learning/src/coordination/server/aggregation.py - check_database - 19 : Training round : 1
2025-02-25 16:34:55,408 - server - /home/marcuswrrn/Projects/Federated-Learning/src/coordination/server/aggregation.py - check_database - 19 : Training round : 1
2025-02-25 16:35:25,416 - server - /home/marcuswrrn/Projects/Federated-Learning/src/coordination/server/aggregation.py - check_database - 19 : Training round : 1
2025-02-25 16:35:55,445 - server - /home/marcuswrrn/Projects/Federated-Learning/src/coordination/server/aggregation.py - check_database - 19 : Training round : 1
2025-02-25 16:38:34,276 - server - /home/marcuswrrn/Projects/Federated-Learning/src/coordination/server/__init__.py - create_app - 25 : Starting up server
2025-02-25 16:38:34,276 - server - /home/marcuswrrn/Projects/Federated-Learning/src/coordination/server/__init__.py - create_app - 31 : Database path : /home/marcuswrrn/Projects/Federated-Learning/src/coordination/instance/db.sqlite
2025-02-25 16:38:34,278 - server - /home/marcuswrrn/Projects/Federated-Learning/src/coordination/server/__init__.py - create_app - 47 : Map([<Rule '/static/<filename>' (GET, HEAD, OPTIONS) -> static>,
 <Rule '/training/get_model/<model_id>' (GET, HEAD, OPTIONS) -> training.get_model>,
 <Rule '/training/upload-model' (POST, OPTIONS) -> training.upload_model>,
 <Rule '/training/display_models' (GET, HEAD, OPTIONS) -> training.display>,
 <Rule '/training/ping' (POST, OPTIONS) -> training.ping_server>,
 <Rule '/training/initialize' (POST, OPTIONS) -> training.init_training>,
 <Rule '/training/shutdown' (POST, OPTIONS) -> training.shutdown>,
 <Rule '/training/connect_test' (GET, POST, HEAD, OPTIONS) -> training.connected>,
 <Rule '/view/models/<super_round>' (GET, HEAD, OPTIONS) -> view.models>,
 <Rule '/view/current_round' (GET, HEAD, OPTIONS) -> view.current_round>,
 <Rule '/view/' (GET, HEAD, OPTIONS) -> view.home>])
2025-02-25 16:38:34,279 - server - /home/marcuswrrn/Projects/Federated-Learning/src/coordination/server/aggregation.py - check_database - 11 : Starting database check
2025-02-25 16:38:34,280 - server - /home/marcuswrrn/Projects/Federated-Learning/src/coordination/server/aggregation.py - check_database - 19 : Training round : 1
2025-02-25 16:39:04,311 - server - /home/marcuswrrn/Projects/Federated-Learning/src/coordination/server/aggregation.py - check_database - 19 : Training round : 1
2025-02-25 16:39:34,342 - server - /home/marcuswrrn/Projects/Federated-Learning/src/coordination/server/aggregation.py - check_database - 19 : Training round : 1
2025-02-25 16:40:04,373 - server - /home/marcuswrrn/Projects/Federated-Learning/src/coordination/server/aggregation.py - check_database - 19 : Training round : 1
2025-02-25 16:40:34,404 - server - /home/marcuswrrn/Projects/Federated-Learning/src/coordination/server/aggregation.py - check_database - 19 : Training round : 1
2025-02-25 16:41:04,436 - server - /home/marcuswrrn/Projects/Federated-Learning/src/coordination/server/aggregation.py - check_database - 19 : Training round : 1
2025-02-25 16:41:34,467 - server - /home/marcuswrrn/Projects/Federated-Learning/src/coordination/server/aggregation.py - check_database - 19 : Training round : 1
2025-02-25 16:41:44,367 - server - /home/marcuswrrn/Projects/Federated-Learning/src/coordination/server/server.py - get_model - 18 : Getting model to /home/marcuswrrn/Projects/Federated-Learning/src/coordination/instance/super_round_4/training_round_1/3b5f2a05c29970dd35b5d339df11a8cc.pth
2025-02-25 16:41:56,823 - server - /home/marcuswrrn/Projects/Federated-Learning/src/coordination/server/server.py - upload_model - 35 : Received client model from : 3e650d3bda9f3da6546272b60f552360
2025-02-25 16:42:04,498 - server - /home/marcuswrrn/Projects/Federated-Learning/src/coordination/server/aggregation.py - check_database - 19 : Training round : 1
2025-02-25 16:42:34,530 - server - /home/marcuswrrn/Projects/Federated-Learning/src/coordination/server/aggregation.py - check_database - 19 : Training round : 1
2025-02-25 16:42:41,765 - server - /home/marcuswrrn/Projects/Federated-Learning/src/coordination/server/server.py - get_model - 18 : Getting model to /home/marcuswrrn/Projects/Federated-Learning/src/coordination/instance/super_round_4/training_round_1/3b5f2a05c29970dd35b5d339df11a8cc.pth
2025-02-25 16:42:53,746 - server - /home/marcuswrrn/Projects/Federated-Learning/src/coordination/server/server.py - get_model - 18 : Getting model to /home/marcuswrrn/Projects/Federated-Learning/src/coordination/instance/super_round_4/training_round_1/3b5f2a05c29970dd35b5d339df11a8cc.pth
2025-02-25 16:43:04,560 - server - /home/marcuswrrn/Projects/Federated-Learning/src/coordination/server/aggregation.py - check_database - 19 : Training round : 1
2025-02-25 16:43:06,428 - server - /home/marcuswrrn/Projects/Federated-Learning/src/coordination/server/server.py - upload_model - 35 : Received client model from : 5ff05c8410451f90560ba27c614d22f1
2025-02-25 16:43:14,536 - server - /home/marcuswrrn/Projects/Federated-Learning/src/coordination/server/server.py - get_model - 18 : Getting model to /home/marcuswrrn/Projects/Federated-Learning/src/coordination/instance/super_round_4/training_round_1/3b5f2a05c29970dd35b5d339df11a8cc.pth
2025-02-25 16:43:27,219 - server - /home/marcuswrrn/Projects/Federated-Learning/src/coordination/server/server.py - upload_model - 35 : Received client model from : e88b64033808ca1ab245e9e65a773fbb
2025-02-25 16:43:34,591 - server - /home/marcuswrrn/Projects/Federated-Learning/src/coordination/server/aggregation.py - check_database - 19 : Training round : 1
2025-02-25 16:43:34,592 - server - /home/marcuswrrn/Projects/Federated-Learning/src/coordination/server/aggregation.py - check_database - 30 : Aggregating
2025-02-25 16:43:34,665 - server - /home/marcuswrrn/Projects/Federated-Learning/src/coordination/server/aggregation.py - check_database - 44 : Loading Client ID : 3e650d3bda9f3da6546272b60f552360 . Loading file /home/marcuswrrn/Projects/Federated-Learning/src/coordination/instance/super_round_4/training_round_1/client_models/3e650d3bda9f3da6546272b60f552360.pth
2025-02-25 16:43:34,738 - server - /home/marcuswrrn/Projects/Federated-Learning/src/coordination/server/aggregation.py - check_database - 44 : Loading Client ID : 5ff05c8410451f90560ba27c614d22f1 . Loading file /home/marcuswrrn/Projects/Federated-Learning/src/coordination/instance/super_round_4/training_round_1/client_models/5ff05c8410451f90560ba27c614d22f1.pth
2025-02-25 16:43:34,796 - server - /home/marcuswrrn/Projects/Federated-Learning/src/coordination/server/aggregation.py - check_database - 44 : Loading Client ID : e88b64033808ca1ab245e9e65a773fbb . Loading file /home/marcuswrrn/Projects/Federated-Learning/src/coordination/instance/super_round_4/training_round_1/client_models/e88b64033808ca1ab245e9e65a773fbb.pth
2025-02-25 16:43:34,918 - server - /home/marcuswrrn/Projects/Federated-Learning/src/coordination/server/validation.py - validation - 41 : Running validation ...
2025-02-25 16:43:43,324 - server - /home/marcuswrrn/Projects/Federated-Learning/src/coordination/server/validation.py - validation - 97 : Accuracy: 0.3474720054292501,
2025-02-25 16:43:43,324 - server - /home/marcuswrrn/Projects/Federated-Learning/src/coordination/server/validation.py - validation - 108 : Micro Recall 0.3474720054292501, Macro Recall 0.1715897741371288, Weighted Recall 0.3477487000115695

2025-02-25 16:43:43,324 - server - /home/marcuswrrn/Projects/Federated-Learning/src/coordination/server/validation.py - validation - 116 : Micro Precision 0.3474720054292501, Macro Precision 0.33234180155072, Weighted Precision 0.977121178750402

2025-02-25 16:43:43,324 - server - /home/marcuswrrn/Projects/Federated-Learning/src/coordination/server/validation.py - validation - 123 : F1 Precision 0.3474720054292501, F1 Precision 0.17794463939101865, F1 Precision 0.6741762166318035

2025-02-25 16:43:43,324 - server - /home/marcuswrrn/Projects/Federated-Learning/src/coordination/server/validation.py - validation - 131 : AUC Precision 0.0, AUC Precision 0.0, AUC Precision 0.0

2025-02-25 16:43:43,339 - server - /home/marcuswrrn/Projects/Federated-Learning/src/coordination/server/aggregation.py - check_database - 79 : Checking if done training (max round hit)
2025-02-25 16:43:43,339 - server - /home/marcuswrrn/Projects/Federated-Learning/src/coordination/server/aggregation.py - check_database - 80 : current round: 1, current + 1 : 2. max : 10
2025-02-25 16:43:43,374 - server - /home/marcuswrrn/Projects/Federated-Learning/src/coordination/server/aggregation.py - check_database - 90 : Starting training round 2
2025-02-25 16:43:56,909 - server - /home/marcuswrrn/Projects/Federated-Learning/src/coordination/server/server.py - get_model - 18 : Getting model to /home/marcuswrrn/Projects/Federated-Learning/src/coordination/instance/super_round_4/training_round_2/1c6d049223982db58f8867366363f3c0.pth
2025-02-25 16:43:57,302 - server - /home/marcuswrrn/Projects/Federated-Learning/src/coordination/server/server.py - get_model - 18 : Getting model to /home/marcuswrrn/Projects/Federated-Learning/src/coordination/instance/super_round_4/training_round_2/1c6d049223982db58f8867366363f3c0.pth
2025-02-25 16:44:06,519 - server - /home/marcuswrrn/Projects/Federated-Learning/src/coordination/server/server.py - get_model - 18 : Getting model to /home/marcuswrrn/Projects/Federated-Learning/src/coordination/instance/super_round_4/training_round_2/1c6d049223982db58f8867366363f3c0.pth
2025-02-25 16:44:13,407 - server - /home/marcuswrrn/Projects/Federated-Learning/src/coordination/server/aggregation.py - check_database - 19 : Training round : 2
2025-02-25 16:44:43,440 - server - /home/marcuswrrn/Projects/Federated-Learning/src/coordination/server/aggregation.py - check_database - 19 : Training round : 2
2025-02-25 16:44:57,272 - server - /home/marcuswrrn/Projects/Federated-Learning/src/coordination/server/server.py - upload_model - 35 : Received client model from : 3e650d3bda9f3da6546272b60f552360
2025-02-25 16:45:02,422 - server - /home/marcuswrrn/Projects/Federated-Learning/src/coordination/server/server.py - upload_model - 35 : Received client model from : e88b64033808ca1ab245e9e65a773fbb
2025-02-25 16:45:05,695 - server - /home/marcuswrrn/Projects/Federated-Learning/src/coordination/server/server.py - upload_model - 35 : Received client model from : 5ff05c8410451f90560ba27c614d22f1
2025-02-25 16:45:13,461 - server - /home/marcuswrrn/Projects/Federated-Learning/src/coordination/server/aggregation.py - check_database - 19 : Training round : 2
2025-02-25 16:45:13,461 - server - /home/marcuswrrn/Projects/Federated-Learning/src/coordination/server/aggregation.py - check_database - 30 : Aggregating
2025-02-25 16:45:13,526 - server - /home/marcuswrrn/Projects/Federated-Learning/src/coordination/server/aggregation.py - check_database - 44 : Loading Client ID : 3e650d3bda9f3da6546272b60f552360 . Loading file /home/marcuswrrn/Projects/Federated-Learning/src/coordination/instance/super_round_4/training_round_2/client_models/3e650d3bda9f3da6546272b60f552360.pth
2025-02-25 16:45:13,582 - server - /home/marcuswrrn/Projects/Federated-Learning/src/coordination/server/aggregation.py - check_database - 44 : Loading Client ID : e88b64033808ca1ab245e9e65a773fbb . Loading file /home/marcuswrrn/Projects/Federated-Learning/src/coordination/instance/super_round_4/training_round_2/client_models/e88b64033808ca1ab245e9e65a773fbb.pth
2025-02-25 16:45:13,632 - server - /home/marcuswrrn/Projects/Federated-Learning/src/coordination/server/aggregation.py - check_database - 44 : Loading Client ID : 5ff05c8410451f90560ba27c614d22f1 . Loading file /home/marcuswrrn/Projects/Federated-Learning/src/coordination/instance/super_round_4/training_round_2/client_models/5ff05c8410451f90560ba27c614d22f1.pth
2025-02-25 16:45:13,759 - server - /home/marcuswrrn/Projects/Federated-Learning/src/coordination/server/validation.py - validation - 41 : Running validation ...
2025-02-25 16:45:22,417 - server - /home/marcuswrrn/Projects/Federated-Learning/src/coordination/server/validation.py - validation - 97 : Accuracy: 0.38954869358669836,
2025-02-25 16:45:22,417 - server - /home/marcuswrrn/Projects/Federated-Learning/src/coordination/server/validation.py - validation - 108 : Micro Recall 0.38954869358669836, Macro Recall 0.30792394910425863, Weighted Recall 0.40786591482563883

2025-02-25 16:45:22,417 - server - /home/marcuswrrn/Projects/Federated-Learning/src/coordination/server/validation.py - validation - 116 : Micro Precision 0.38954869358669836, Macro Precision 0.39382365081773935, Weighted Precision 0.8378063199059841

2025-02-25 16:45:22,417 - server - /home/marcuswrrn/Projects/Federated-Learning/src/coordination/server/validation.py - validation - 123 : F1 Precision 0.38954869358669836, F1 Precision 0.2763884324414176, F1 Precision 0.5148610490748301

2025-02-25 16:45:22,417 - server - /home/marcuswrrn/Projects/Federated-Learning/src/coordination/server/validation.py - validation - 131 : AUC Precision 0.0, AUC Precision 0.0, AUC Precision 0.0

2025-02-25 16:45:22,441 - server - /home/marcuswrrn/Projects/Federated-Learning/src/coordination/server/aggregation.py - check_database - 79 : Checking if done training (max round hit)
2025-02-25 16:45:22,441 - server - /home/marcuswrrn/Projects/Federated-Learning/src/coordination/server/aggregation.py - check_database - 80 : current round: 2, current + 1 : 3. max : 10
2025-02-25 16:45:22,483 - server - /home/marcuswrrn/Projects/Federated-Learning/src/coordination/server/aggregation.py - check_database - 90 : Starting training round 3
2025-02-25 16:45:27,403 - server - /home/marcuswrrn/Projects/Federated-Learning/src/coordination/server/server.py - get_model - 18 : Getting model to /home/marcuswrrn/Projects/Federated-Learning/src/coordination/instance/super_round_4/training_round_3/a09ecb38374c772b1b9c770191f0ff79.pth
2025-02-25 16:45:32,566 - server - /home/marcuswrrn/Projects/Federated-Learning/src/coordination/server/server.py - get_model - 18 : Getting model to /home/marcuswrrn/Projects/Federated-Learning/src/coordination/instance/super_round_4/training_round_3/a09ecb38374c772b1b9c770191f0ff79.pth
2025-02-25 16:45:35,789 - server - /home/marcuswrrn/Projects/Federated-Learning/src/coordination/server/server.py - get_model - 18 : Getting model to /home/marcuswrrn/Projects/Federated-Learning/src/coordination/instance/super_round_4/training_round_3/a09ecb38374c772b1b9c770191f0ff79.pth
2025-02-25 16:45:52,516 - server - /home/marcuswrrn/Projects/Federated-Learning/src/coordination/server/aggregation.py - check_database - 19 : Training round : 3
2025-02-25 16:45:57,698 - server - /home/marcuswrrn/Projects/Federated-Learning/.venv/lib/python3.10/site-packages/flask/app.py - log_exception - 875 : Exception on /view/current_round [GET]
Traceback (most recent call last):
  File "/home/marcuswrrn/Projects/Federated-Learning/.venv/lib/python3.10/site-packages/flask/app.py", line 1511, in wsgi_app
    response = self.full_dispatch_request()
  File "/home/marcuswrrn/Projects/Federated-Learning/.venv/lib/python3.10/site-packages/flask/app.py", line 919, in full_dispatch_request
    rv = self.handle_user_exception(e)
  File "/home/marcuswrrn/Projects/Federated-Learning/.venv/lib/python3.10/site-packages/flask/app.py", line 917, in full_dispatch_request
    rv = self.dispatch_request()
  File "/home/marcuswrrn/Projects/Federated-Learning/.venv/lib/python3.10/site-packages/flask/app.py", line 902, in dispatch_request
    return self.ensure_sync(self.view_functions[rule.endpoint])(**view_args)  # type: ignore[no-any-return]
  File "/home/marcuswrrn/Projects/Federated-Learning/src/coordination/server/views.py", line 18, in current_round
    return jsonify(asdict(round)), 200
  File "/usr/lib/python3.10/dataclasses.py", line 1237, in asdict
    raise TypeError("asdict() should be called on dataclass instances")
TypeError: asdict() should be called on dataclass instances
2025-02-25 16:45:57,700 - server - /home/marcuswrrn/Projects/Federated-Learning/.venv/lib/python3.10/site-packages/flask/app.py - log_exception - 875 : Exception on /view/current_round [GET]
Traceback (most recent call last):
  File "/home/marcuswrrn/Projects/Federated-Learning/.venv/lib/python3.10/site-packages/flask/app.py", line 1511, in wsgi_app
    response = self.full_dispatch_request()
  File "/home/marcuswrrn/Projects/Federated-Learning/.venv/lib/python3.10/site-packages/flask/app.py", line 919, in full_dispatch_request
    rv = self.handle_user_exception(e)
  File "/home/marcuswrrn/Projects/Federated-Learning/.venv/lib/python3.10/site-packages/flask/app.py", line 917, in full_dispatch_request
    rv = self.dispatch_request()
  File "/home/marcuswrrn/Projects/Federated-Learning/.venv/lib/python3.10/site-packages/flask/app.py", line 902, in dispatch_request
    return self.ensure_sync(self.view_functions[rule.endpoint])(**view_args)  # type: ignore[no-any-return]
  File "/home/marcuswrrn/Projects/Federated-Learning/src/coordination/server/views.py", line 18, in current_round
    return jsonify(asdict(round)), 200
  File "/usr/lib/python3.10/dataclasses.py", line 1237, in asdict
    raise TypeError("asdict() should be called on dataclass instances")
TypeError: asdict() should be called on dataclass instances
2025-02-25 16:46:02,689 - server - /home/marcuswrrn/Projects/Federated-Learning/.venv/lib/python3.10/site-packages/flask/app.py - log_exception - 875 : Exception on /view/current_round [GET]
Traceback (most recent call last):
  File "/home/marcuswrrn/Projects/Federated-Learning/.venv/lib/python3.10/site-packages/flask/app.py", line 1511, in wsgi_app
    response = self.full_dispatch_request()
  File "/home/marcuswrrn/Projects/Federated-Learning/.venv/lib/python3.10/site-packages/flask/app.py", line 919, in full_dispatch_request
    rv = self.handle_user_exception(e)
  File "/home/marcuswrrn/Projects/Federated-Learning/.venv/lib/python3.10/site-packages/flask/app.py", line 917, in full_dispatch_request
    rv = self.dispatch_request()
  File "/home/marcuswrrn/Projects/Federated-Learning/.venv/lib/python3.10/site-packages/flask/app.py", line 902, in dispatch_request
    return self.ensure_sync(self.view_functions[rule.endpoint])(**view_args)  # type: ignore[no-any-return]
  File "/home/marcuswrrn/Projects/Federated-Learning/src/coordination/server/views.py", line 18, in current_round
    return jsonify(asdict(round)), 200
  File "/usr/lib/python3.10/dataclasses.py", line 1237, in asdict
    raise TypeError("asdict() should be called on dataclass instances")
TypeError: asdict() should be called on dataclass instances
2025-02-25 16:46:07,689 - server - /home/marcuswrrn/Projects/Federated-Learning/.venv/lib/python3.10/site-packages/flask/app.py - log_exception - 875 : Exception on /view/current_round [GET]
Traceback (most recent call last):
  File "/home/marcuswrrn/Projects/Federated-Learning/.venv/lib/python3.10/site-packages/flask/app.py", line 1511, in wsgi_app
    response = self.full_dispatch_request()
  File "/home/marcuswrrn/Projects/Federated-Learning/.venv/lib/python3.10/site-packages/flask/app.py", line 919, in full_dispatch_request
    rv = self.handle_user_exception(e)
  File "/home/marcuswrrn/Projects/Federated-Learning/.venv/lib/python3.10/site-packages/flask/app.py", line 917, in full_dispatch_request
    rv = self.dispatch_request()
  File "/home/marcuswrrn/Projects/Federated-Learning/.venv/lib/python3.10/site-packages/flask/app.py", line 902, in dispatch_request
    return self.ensure_sync(self.view_functions[rule.endpoint])(**view_args)  # type: ignore[no-any-return]
  File "/home/marcuswrrn/Projects/Federated-Learning/src/coordination/server/views.py", line 18, in current_round
    return jsonify(asdict(round)), 200
  File "/usr/lib/python3.10/dataclasses.py", line 1237, in asdict
    raise TypeError("asdict() should be called on dataclass instances")
TypeError: asdict() should be called on dataclass instances
2025-02-25 16:46:10,722 - server - /home/marcuswrrn/Projects/Federated-Learning/src/coordination/server/server.py - upload_model - 35 : Received client model from : 3e650d3bda9f3da6546272b60f552360
2025-02-25 16:46:12,702 - server - /home/marcuswrrn/Projects/Federated-Learning/.venv/lib/python3.10/site-packages/flask/app.py - log_exception - 875 : Exception on /view/current_round [GET]
Traceback (most recent call last):
  File "/home/marcuswrrn/Projects/Federated-Learning/.venv/lib/python3.10/site-packages/flask/app.py", line 1511, in wsgi_app
    response = self.full_dispatch_request()
  File "/home/marcuswrrn/Projects/Federated-Learning/.venv/lib/python3.10/site-packages/flask/app.py", line 919, in full_dispatch_request
    rv = self.handle_user_exception(e)
  File "/home/marcuswrrn/Projects/Federated-Learning/.venv/lib/python3.10/site-packages/flask/app.py", line 917, in full_dispatch_request
    rv = self.dispatch_request()
  File "/home/marcuswrrn/Projects/Federated-Learning/.venv/lib/python3.10/site-packages/flask/app.py", line 902, in dispatch_request
    return self.ensure_sync(self.view_functions[rule.endpoint])(**view_args)  # type: ignore[no-any-return]
  File "/home/marcuswrrn/Projects/Federated-Learning/src/coordination/server/views.py", line 18, in current_round
    return jsonify(asdict(round)), 200
  File "/usr/lib/python3.10/dataclasses.py", line 1237, in asdict
    raise TypeError("asdict() should be called on dataclass instances")
TypeError: asdict() should be called on dataclass instances
2025-02-25 16:46:17,693 - server - /home/marcuswrrn/Projects/Federated-Learning/.venv/lib/python3.10/site-packages/flask/app.py - log_exception - 875 : Exception on /view/current_round [GET]
Traceback (most recent call last):
  File "/home/marcuswrrn/Projects/Federated-Learning/.venv/lib/python3.10/site-packages/flask/app.py", line 1511, in wsgi_app
    response = self.full_dispatch_request()
  File "/home/marcuswrrn/Projects/Federated-Learning/.venv/lib/python3.10/site-packages/flask/app.py", line 919, in full_dispatch_request
    rv = self.handle_user_exception(e)
  File "/home/marcuswrrn/Projects/Federated-Learning/.venv/lib/python3.10/site-packages/flask/app.py", line 917, in full_dispatch_request
    rv = self.dispatch_request()
  File "/home/marcuswrrn/Projects/Federated-Learning/.venv/lib/python3.10/site-packages/flask/app.py", line 902, in dispatch_request
    return self.ensure_sync(self.view_functions[rule.endpoint])(**view_args)  # type: ignore[no-any-return]
  File "/home/marcuswrrn/Projects/Federated-Learning/src/coordination/server/views.py", line 18, in current_round
    return jsonify(asdict(round)), 200
  File "/usr/lib/python3.10/dataclasses.py", line 1237, in asdict
    raise TypeError("asdict() should be called on dataclass instances")
TypeError: asdict() should be called on dataclass instances
2025-02-25 16:52:36,992 - server - /home/marcuswrrn/Projects/Federated-Learning/src/coordination/server/__init__.py - create_app - 25 : Starting up server
2025-02-25 16:52:36,992 - server - /home/marcuswrrn/Projects/Federated-Learning/src/coordination/server/__init__.py - create_app - 31 : Database path : /home/marcuswrrn/Projects/Federated-Learning/src/coordination/instance/db.sqlite
2025-02-25 16:52:36,994 - server - /home/marcuswrrn/Projects/Federated-Learning/src/coordination/server/__init__.py - create_app - 47 : Map([<Rule '/static/<filename>' (HEAD, OPTIONS, GET) -> static>,
 <Rule '/training/get_model/<model_id>' (HEAD, OPTIONS, GET) -> training.get_model>,
 <Rule '/training/upload-model' (POST, OPTIONS) -> training.upload_model>,
 <Rule '/training/display_models' (HEAD, OPTIONS, GET) -> training.display>,
 <Rule '/training/ping' (POST, OPTIONS) -> training.ping_server>,
 <Rule '/training/initialize' (POST, OPTIONS) -> training.init_training>,
 <Rule '/training/shutdown' (POST, OPTIONS) -> training.shutdown>,
 <Rule '/training/connect_test' (HEAD, POST, GET, OPTIONS) -> training.connected>,
 <Rule '/view/models/<super_round>' (HEAD, OPTIONS, GET) -> view.models>,
 <Rule '/view/current_round' (HEAD, OPTIONS, GET) -> view.current_round>,
 <Rule '/view/' (HEAD, OPTIONS, GET) -> view.home>])
2025-02-25 16:52:36,995 - server - /home/marcuswrrn/Projects/Federated-Learning/src/coordination/server/aggregation.py - check_database - 11 : Starting database check
2025-02-25 16:52:38,228 - server - /home/marcuswrrn/Projects/Federated-Learning/.venv/lib/python3.10/site-packages/flask/app.py - log_exception - 875 : Exception on /view/current_round [GET]
Traceback (most recent call last):
  File "/home/marcuswrrn/Projects/Federated-Learning/.venv/lib/python3.10/site-packages/flask/app.py", line 1511, in wsgi_app
    response = self.full_dispatch_request()
  File "/home/marcuswrrn/Projects/Federated-Learning/.venv/lib/python3.10/site-packages/flask/app.py", line 919, in full_dispatch_request
    rv = self.handle_user_exception(e)
  File "/home/marcuswrrn/Projects/Federated-Learning/.venv/lib/python3.10/site-packages/flask/app.py", line 917, in full_dispatch_request
    rv = self.dispatch_request()
  File "/home/marcuswrrn/Projects/Federated-Learning/.venv/lib/python3.10/site-packages/flask/app.py", line 902, in dispatch_request
    return self.ensure_sync(self.view_functions[rule.endpoint])(**view_args)  # type: ignore[no-any-return]
  File "/home/marcuswrrn/Projects/Federated-Learning/src/coordination/server/views.py", line 20, in current_round
    return jsonify(asdict({"round": False})), 200
  File "/usr/lib/python3.10/dataclasses.py", line 1237, in asdict
    raise TypeError("asdict() should be called on dataclass instances")
TypeError: asdict() should be called on dataclass instances
2025-02-25 16:52:40,389 - server - /home/marcuswrrn/Projects/Federated-Learning/.venv/lib/python3.10/site-packages/flask/app.py - log_exception - 875 : Exception on /view/current_round [GET]
Traceback (most recent call last):
  File "/home/marcuswrrn/Projects/Federated-Learning/.venv/lib/python3.10/site-packages/flask/app.py", line 1511, in wsgi_app
    response = self.full_dispatch_request()
  File "/home/marcuswrrn/Projects/Federated-Learning/.venv/lib/python3.10/site-packages/flask/app.py", line 919, in full_dispatch_request
    rv = self.handle_user_exception(e)
  File "/home/marcuswrrn/Projects/Federated-Learning/.venv/lib/python3.10/site-packages/flask/app.py", line 917, in full_dispatch_request
    rv = self.dispatch_request()
  File "/home/marcuswrrn/Projects/Federated-Learning/.venv/lib/python3.10/site-packages/flask/app.py", line 902, in dispatch_request
    return self.ensure_sync(self.view_functions[rule.endpoint])(**view_args)  # type: ignore[no-any-return]
  File "/home/marcuswrrn/Projects/Federated-Learning/src/coordination/server/views.py", line 20, in current_round
    return jsonify(asdict({"round": False})), 200
  File "/usr/lib/python3.10/dataclasses.py", line 1237, in asdict
    raise TypeError("asdict() should be called on dataclass instances")
TypeError: asdict() should be called on dataclass instances
2025-02-25 16:52:44,156 - server - /home/marcuswrrn/Projects/Federated-Learning/.venv/lib/python3.10/site-packages/flask/app.py - log_exception - 875 : Exception on /view/current_round [GET]
Traceback (most recent call last):
  File "/home/marcuswrrn/Projects/Federated-Learning/.venv/lib/python3.10/site-packages/flask/app.py", line 1511, in wsgi_app
    response = self.full_dispatch_request()
  File "/home/marcuswrrn/Projects/Federated-Learning/.venv/lib/python3.10/site-packages/flask/app.py", line 919, in full_dispatch_request
    rv = self.handle_user_exception(e)
  File "/home/marcuswrrn/Projects/Federated-Learning/.venv/lib/python3.10/site-packages/flask/app.py", line 917, in full_dispatch_request
    rv = self.dispatch_request()
  File "/home/marcuswrrn/Projects/Federated-Learning/.venv/lib/python3.10/site-packages/flask/app.py", line 902, in dispatch_request
    return self.ensure_sync(self.view_functions[rule.endpoint])(**view_args)  # type: ignore[no-any-return]
  File "/home/marcuswrrn/Projects/Federated-Learning/src/coordination/server/views.py", line 20, in current_round
    return jsonify(asdict({"round": False})), 200
  File "/usr/lib/python3.10/dataclasses.py", line 1237, in asdict
    raise TypeError("asdict() should be called on dataclass instances")
TypeError: asdict() should be called on dataclass instances
2025-02-25 16:53:46,619 - server - /home/marcuswrrn/Projects/Federated-Learning/src/coordination/server/__init__.py - create_app - 25 : Starting up server
2025-02-25 16:53:46,619 - server - /home/marcuswrrn/Projects/Federated-Learning/src/coordination/server/__init__.py - create_app - 31 : Database path : /home/marcuswrrn/Projects/Federated-Learning/src/coordination/instance/db.sqlite
2025-02-25 16:53:46,622 - server - /home/marcuswrrn/Projects/Federated-Learning/src/coordination/server/__init__.py - create_app - 47 : Map([<Rule '/static/<filename>' (OPTIONS, HEAD, GET) -> static>,
 <Rule '/training/get_model/<model_id>' (OPTIONS, HEAD, GET) -> training.get_model>,
 <Rule '/training/upload-model' (OPTIONS, POST) -> training.upload_model>,
 <Rule '/training/display_models' (OPTIONS, HEAD, GET) -> training.display>,
 <Rule '/training/ping' (OPTIONS, POST) -> training.ping_server>,
 <Rule '/training/initialize' (OPTIONS, POST) -> training.init_training>,
 <Rule '/training/shutdown' (OPTIONS, POST) -> training.shutdown>,
 <Rule '/training/connect_test' (OPTIONS, HEAD, GET, POST) -> training.connected>,
 <Rule '/view/models/<super_round>' (OPTIONS, HEAD, GET) -> view.models>,
 <Rule '/view/current_round' (OPTIONS, HEAD, GET) -> view.current_round>,
 <Rule '/view/' (OPTIONS, HEAD, GET) -> view.home>])
2025-02-25 16:53:46,622 - server - /home/marcuswrrn/Projects/Federated-Learning/src/coordination/server/aggregation.py - check_database - 11 : Starting database check
2025-02-25 16:53:48,572 - server - /home/marcuswrrn/Projects/Federated-Learning/.venv/lib/python3.10/site-packages/flask/app.py - log_exception - 875 : Exception on /view/current_round [GET]
Traceback (most recent call last):
  File "/home/marcuswrrn/Projects/Federated-Learning/.venv/lib/python3.10/site-packages/flask/app.py", line 1511, in wsgi_app
    response = self.full_dispatch_request()
  File "/home/marcuswrrn/Projects/Federated-Learning/.venv/lib/python3.10/site-packages/flask/app.py", line 919, in full_dispatch_request
    rv = self.handle_user_exception(e)
  File "/home/marcuswrrn/Projects/Federated-Learning/.venv/lib/python3.10/site-packages/flask/app.py", line 917, in full_dispatch_request
    rv = self.dispatch_request()
  File "/home/marcuswrrn/Projects/Federated-Learning/.venv/lib/python3.10/site-packages/flask/app.py", line 902, in dispatch_request
    return self.ensure_sync(self.view_functions[rule.endpoint])(**view_args)  # type: ignore[no-any-return]
  File "/home/marcuswrrn/Projects/Federated-Learning/src/coordination/server/views.py", line 20, in current_round
    return jsonify(asdict({"round": False})), 200
  File "/usr/lib/python3.10/dataclasses.py", line 1237, in asdict
    raise TypeError("asdict() should be called on dataclass instances")
TypeError: asdict() should be called on dataclass instances
2025-02-25 16:54:31,503 - server - /home/marcuswrrn/Projects/Federated-Learning/src/coordination/server/__init__.py - create_app - 25 : Starting up server
2025-02-25 16:54:31,503 - server - /home/marcuswrrn/Projects/Federated-Learning/src/coordination/server/__init__.py - create_app - 31 : Database path : /home/marcuswrrn/Projects/Federated-Learning/src/coordination/instance/db.sqlite
2025-02-25 16:54:31,505 - server - /home/marcuswrrn/Projects/Federated-Learning/src/coordination/server/__init__.py - create_app - 47 : Map([<Rule '/static/<filename>' (OPTIONS, GET, HEAD) -> static>,
 <Rule '/training/get_model/<model_id>' (OPTIONS, GET, HEAD) -> training.get_model>,
 <Rule '/training/upload-model' (OPTIONS, POST) -> training.upload_model>,
 <Rule '/training/display_models' (OPTIONS, GET, HEAD) -> training.display>,
 <Rule '/training/ping' (OPTIONS, POST) -> training.ping_server>,
 <Rule '/training/initialize' (OPTIONS, POST) -> training.init_training>,
 <Rule '/training/shutdown' (OPTIONS, POST) -> training.shutdown>,
 <Rule '/training/connect_test' (OPTIONS, GET, POST, HEAD) -> training.connected>,
 <Rule '/view/models/<super_round>' (OPTIONS, GET, HEAD) -> view.models>,
 <Rule '/view/current_round' (OPTIONS, GET, HEAD) -> view.current_round>,
 <Rule '/view/' (OPTIONS, GET, HEAD) -> view.home>])
2025-02-25 16:54:31,506 - server - /home/marcuswrrn/Projects/Federated-Learning/src/coordination/server/aggregation.py - check_database - 11 : Starting database check
2025-02-25 16:55:05,813 - server - /home/marcuswrrn/Projects/Federated-Learning/src/coordination/server/__init__.py - create_app - 25 : Starting up server
2025-02-25 16:55:05,813 - server - /home/marcuswrrn/Projects/Federated-Learning/src/coordination/server/__init__.py - create_app - 31 : Database path : /home/marcuswrrn/Projects/Federated-Learning/src/coordination/instance/db.sqlite
2025-02-25 16:55:05,815 - server - /home/marcuswrrn/Projects/Federated-Learning/src/coordination/server/__init__.py - create_app - 47 : Map([<Rule '/static/<filename>' (GET, HEAD, OPTIONS) -> static>,
 <Rule '/training/get_model/<model_id>' (GET, HEAD, OPTIONS) -> training.get_model>,
 <Rule '/training/upload-model' (POST, OPTIONS) -> training.upload_model>,
 <Rule '/training/display_models' (GET, HEAD, OPTIONS) -> training.display>,
 <Rule '/training/ping' (POST, OPTIONS) -> training.ping_server>,
 <Rule '/training/initialize' (POST, OPTIONS) -> training.init_training>,
 <Rule '/training/shutdown' (POST, OPTIONS) -> training.shutdown>,
 <Rule '/training/connect_test' (POST, OPTIONS, HEAD, GET) -> training.connected>,
 <Rule '/view/models/<super_round>' (GET, HEAD, OPTIONS) -> view.models>,
 <Rule '/view/current_round' (GET, HEAD, OPTIONS) -> view.current_round>,
 <Rule '/view/' (GET, HEAD, OPTIONS) -> view.home>])
2025-02-25 16:55:05,815 - server - /home/marcuswrrn/Projects/Federated-Learning/src/coordination/server/aggregation.py - check_database - 11 : Starting database check
2025-02-25 16:55:23,255 - server - /home/marcuswrrn/Projects/Federated-Learning/src/coordination/server/server.py - init_training - 106 : New Super round
2025-02-25 16:55:23,255 - server - /home/marcuswrrn/Projects/Federated-Learning/src/coordination/server/server.py - init_training - 107 : Start training
2025-02-25 16:55:23,267 - server - /home/marcuswrrn/Projects/Federated-Learning/src/coordination/server/server.py - init_training - 126 : Round initializer
2025-02-25 16:55:23,275 - server - /home/marcuswrrn/Projects/Federated-Learning/src/coordination/server/aggregation.py - check_database - 19 : Training round : 1
2025-02-25 16:55:34,317 - server - /home/marcuswrrn/Projects/Federated-Learning/src/coordination/server/server.py - get_model - 18 : Getting model to /home/marcuswrrn/Projects/Federated-Learning/src/coordination/instance/super_round_5/training_round_1/74184af23bd8f1cca5ef53fe7bf7f9ae.pth
2025-02-25 16:55:39,046 - server - /home/marcuswrrn/Projects/Federated-Learning/src/coordination/server/server.py - get_model - 18 : Getting model to /home/marcuswrrn/Projects/Federated-Learning/src/coordination/instance/super_round_5/training_round_1/74184af23bd8f1cca5ef53fe7bf7f9ae.pth
2025-02-25 16:55:44,088 - server - /home/marcuswrrn/Projects/Federated-Learning/src/coordination/server/server.py - get_model - 18 : Getting model to /home/marcuswrrn/Projects/Federated-Learning/src/coordination/instance/super_round_5/training_round_1/74184af23bd8f1cca5ef53fe7bf7f9ae.pth
2025-02-25 16:55:53,308 - server - /home/marcuswrrn/Projects/Federated-Learning/src/coordination/server/aggregation.py - check_database - 19 : Training round : 1
2025-02-25 16:56:23,341 - server - /home/marcuswrrn/Projects/Federated-Learning/src/coordination/server/aggregation.py - check_database - 19 : Training round : 1
2025-02-25 16:56:36,072 - server - /home/marcuswrrn/Projects/Federated-Learning/src/coordination/server/server.py - upload_model - 35 : Received client model from : e88b64033808ca1ab245e9e65a773fbb
2025-02-25 16:56:42,533 - server - /home/marcuswrrn/Projects/Federated-Learning/src/coordination/server/__init__.py - create_app - 25 : Starting up server
2025-02-25 16:56:42,534 - server - /home/marcuswrrn/Projects/Federated-Learning/src/coordination/server/__init__.py - create_app - 31 : Database path : /home/marcuswrrn/Projects/Federated-Learning/src/coordination/instance/db.sqlite
2025-02-25 16:56:42,540 - server - /home/marcuswrrn/Projects/Federated-Learning/src/coordination/server/__init__.py - create_app - 47 : Map([<Rule '/static/<filename>' (OPTIONS, HEAD, GET) -> static>,
 <Rule '/training/get_model/<model_id>' (OPTIONS, HEAD, GET) -> training.get_model>,
 <Rule '/training/upload-model' (OPTIONS, POST) -> training.upload_model>,
 <Rule '/training/display_models' (OPTIONS, HEAD, GET) -> training.display>,
 <Rule '/training/ping' (OPTIONS, POST) -> training.ping_server>,
 <Rule '/training/initialize' (OPTIONS, POST) -> training.init_training>,
 <Rule '/training/shutdown' (OPTIONS, POST) -> training.shutdown>,
 <Rule '/training/connect_test' (OPTIONS, HEAD, GET, POST) -> training.connected>,
 <Rule '/view/models/<super_round>' (OPTIONS, HEAD, GET) -> view.models>,
 <Rule '/view/current_round' (OPTIONS, HEAD, GET) -> view.current_round>,
 <Rule '/view/' (OPTIONS, HEAD, GET) -> view.home>])
2025-02-25 16:56:42,544 - server - /home/marcuswrrn/Projects/Federated-Learning/src/coordination/server/aggregation.py - check_database - 11 : Starting database check
2025-02-25 16:56:42,554 - server - /home/marcuswrrn/Projects/Federated-Learning/src/coordination/server/aggregation.py - check_database - 19 : Training round : 1
2025-02-25 16:56:46,692 - server - /home/marcuswrrn/Projects/Federated-Learning/src/coordination/server/server.py - upload_model - 35 : Received client model from : 5ff05c8410451f90560ba27c614d22f1
2025-02-25 16:56:49,281 - server - /home/marcuswrrn/Projects/Federated-Learning/src/coordination/server/server.py - upload_model - 35 : Received client model from : 3e650d3bda9f3da6546272b60f552360
2025-02-25 16:57:12,585 - server - /home/marcuswrrn/Projects/Federated-Learning/src/coordination/server/aggregation.py - check_database - 19 : Training round : 1
2025-02-25 16:57:12,585 - server - /home/marcuswrrn/Projects/Federated-Learning/src/coordination/server/aggregation.py - check_database - 30 : Aggregating
2025-02-25 16:57:12,667 - server - /home/marcuswrrn/Projects/Federated-Learning/src/coordination/server/aggregation.py - check_database - 44 : Loading Client ID : e88b64033808ca1ab245e9e65a773fbb . Loading file /home/marcuswrrn/Projects/Federated-Learning/src/coordination/instance/super_round_5/training_round_1/client_models/e88b64033808ca1ab245e9e65a773fbb.pth
2025-02-25 16:57:12,751 - server - /home/marcuswrrn/Projects/Federated-Learning/src/coordination/server/aggregation.py - check_database - 44 : Loading Client ID : 5ff05c8410451f90560ba27c614d22f1 . Loading file /home/marcuswrrn/Projects/Federated-Learning/src/coordination/instance/super_round_5/training_round_1/client_models/5ff05c8410451f90560ba27c614d22f1.pth
2025-02-25 16:57:12,816 - server - /home/marcuswrrn/Projects/Federated-Learning/src/coordination/server/aggregation.py - check_database - 44 : Loading Client ID : 3e650d3bda9f3da6546272b60f552360 . Loading file /home/marcuswrrn/Projects/Federated-Learning/src/coordination/instance/super_round_5/training_round_1/client_models/3e650d3bda9f3da6546272b60f552360.pth
2025-02-25 16:57:12,956 - server - /home/marcuswrrn/Projects/Federated-Learning/src/coordination/server/validation.py - validation - 41 : Running validation ...
2025-02-25 16:57:21,726 - server - /home/marcuswrrn/Projects/Federated-Learning/src/coordination/server/validation.py - validation - 97 : Accuracy: 0.3532405836443841,
2025-02-25 16:57:21,726 - server - /home/marcuswrrn/Projects/Federated-Learning/src/coordination/server/validation.py - validation - 108 : Micro Recall 0.3532405836443841, Macro Recall 0.2672914369888116, Weighted Recall 0.35629586777141586

2025-02-25 16:57:21,726 - server - /home/marcuswrrn/Projects/Federated-Learning/src/coordination/server/validation.py - validation - 116 : Micro Precision 0.3532405836443841, Macro Precision 0.3361820252037531, Weighted Precision 0.99056099005891

2025-02-25 16:57:21,726 - server - /home/marcuswrrn/Projects/Federated-Learning/src/coordination/server/validation.py - validation - 123 : F1 Precision 0.3532405836443841, F1 Precision 0.17969738364161625, F1 Precision 0.449085838850574

2025-02-25 16:57:21,727 - server - /home/marcuswrrn/Projects/Federated-Learning/src/coordination/server/validation.py - validation - 131 : AUC Precision 0.0, AUC Precision 0.0, AUC Precision 0.0

2025-02-25 16:57:21,748 - server - /home/marcuswrrn/Projects/Federated-Learning/src/coordination/server/aggregation.py - check_database - 79 : Checking if done training (max round hit)
2025-02-25 16:57:21,748 - server - /home/marcuswrrn/Projects/Federated-Learning/src/coordination/server/aggregation.py - check_database - 80 : current round: 1, current + 1 : 2. max : 20
2025-02-25 16:57:21,790 - server - /home/marcuswrrn/Projects/Federated-Learning/src/coordination/server/aggregation.py - check_database - 90 : Starting training round 2
2025-02-25 16:57:36,191 - server - /home/marcuswrrn/Projects/Federated-Learning/src/coordination/server/server.py - get_model - 18 : Getting model to /home/marcuswrrn/Projects/Federated-Learning/src/coordination/instance/super_round_5/training_round_2/9c0a413793a014dc1d1dff730c5043b7.pth
2025-02-25 16:57:46,830 - server - /home/marcuswrrn/Projects/Federated-Learning/src/coordination/server/server.py - get_model - 18 : Getting model to /home/marcuswrrn/Projects/Federated-Learning/src/coordination/instance/super_round_5/training_round_2/9c0a413793a014dc1d1dff730c5043b7.pth
2025-02-25 16:57:48,211 - server - /home/marcuswrrn/Projects/Federated-Learning/src/coordination/server/server.py - upload_model - 35 : Received client model from : e88b64033808ca1ab245e9e65a773fbb
2025-02-25 16:57:49,370 - server - /home/marcuswrrn/Projects/Federated-Learning/src/coordination/server/server.py - get_model - 18 : Getting model to /home/marcuswrrn/Projects/Federated-Learning/src/coordination/instance/super_round_5/training_round_2/9c0a413793a014dc1d1dff730c5043b7.pth
2025-02-25 16:57:51,821 - server - /home/marcuswrrn/Projects/Federated-Learning/src/coordination/server/aggregation.py - check_database - 19 : Training round : 2
2025-02-25 16:58:04,577 - server - /home/marcuswrrn/Projects/Federated-Learning/src/coordination/server/server.py - upload_model - 35 : Received client model from : 5ff05c8410451f90560ba27c614d22f1
2025-02-25 16:58:09,074 - server - /home/marcuswrrn/Projects/Federated-Learning/src/coordination/server/server.py - upload_model - 35 : Received client model from : 3e650d3bda9f3da6546272b60f552360
2025-02-25 16:58:21,827 - server - /home/marcuswrrn/Projects/Federated-Learning/src/coordination/server/aggregation.py - check_database - 19 : Training round : 2
2025-02-25 16:58:21,827 - server - /home/marcuswrrn/Projects/Federated-Learning/src/coordination/server/aggregation.py - check_database - 30 : Aggregating
2025-02-25 16:58:21,879 - server - /home/marcuswrrn/Projects/Federated-Learning/src/coordination/server/aggregation.py - check_database - 44 : Loading Client ID : e88b64033808ca1ab245e9e65a773fbb . Loading file /home/marcuswrrn/Projects/Federated-Learning/src/coordination/instance/super_round_5/training_round_2/client_models/e88b64033808ca1ab245e9e65a773fbb.pth
2025-02-25 16:58:21,939 - server - /home/marcuswrrn/Projects/Federated-Learning/src/coordination/server/aggregation.py - check_database - 44 : Loading Client ID : 5ff05c8410451f90560ba27c614d22f1 . Loading file /home/marcuswrrn/Projects/Federated-Learning/src/coordination/instance/super_round_5/training_round_2/client_models/5ff05c8410451f90560ba27c614d22f1.pth
2025-02-25 16:58:21,990 - server - /home/marcuswrrn/Projects/Federated-Learning/src/coordination/server/aggregation.py - check_database - 44 : Loading Client ID : 3e650d3bda9f3da6546272b60f552360 . Loading file /home/marcuswrrn/Projects/Federated-Learning/src/coordination/instance/super_round_5/training_round_2/client_models/3e650d3bda9f3da6546272b60f552360.pth
2025-02-25 16:58:22,116 - server - /home/marcuswrrn/Projects/Federated-Learning/src/coordination/server/validation.py - validation - 41 : Running validation ...
2025-02-25 16:58:29,519 - server - /home/marcuswrrn/Projects/Federated-Learning/src/coordination/server/validation.py - validation - 97 : Accuracy: 0.48897183576518494,
2025-02-25 16:58:29,519 - server - /home/marcuswrrn/Projects/Federated-Learning/src/coordination/server/validation.py - validation - 108 : Micro Recall 0.48897183576518494, Macro Recall 0.3717581910475311, Weighted Recall 0.5699744091943049

2025-02-25 16:58:29,519 - server - /home/marcuswrrn/Projects/Federated-Learning/src/coordination/server/validation.py - validation - 116 : Micro Precision 0.48897183576518494, Macro Precision 0.49734915772039584, Weighted Precision 0.7956851906703266

2025-02-25 16:58:29,519 - server - /home/marcuswrrn/Projects/Federated-Learning/src/coordination/server/validation.py - validation - 123 : F1 Precision 0.48897183576518494, F1 Precision 0.40032682769515765, F1 Precision 0.7442331030963882

2025-02-25 16:58:29,519 - server - /home/marcuswrrn/Projects/Federated-Learning/src/coordination/server/validation.py - validation - 131 : AUC Precision 0.0, AUC Precision 0.0, AUC Precision 0.0

2025-02-25 16:58:29,542 - server - /home/marcuswrrn/Projects/Federated-Learning/src/coordination/server/aggregation.py - check_database - 79 : Checking if done training (max round hit)
2025-02-25 16:58:29,542 - server - /home/marcuswrrn/Projects/Federated-Learning/src/coordination/server/aggregation.py - check_database - 80 : current round: 2, current + 1 : 3. max : 20
2025-02-25 16:58:29,580 - server - /home/marcuswrrn/Projects/Federated-Learning/src/coordination/server/aggregation.py - check_database - 90 : Starting training round 3
2025-02-25 16:58:34,689 - server - /home/marcuswrrn/Projects/Federated-Learning/src/coordination/server/server.py - get_model - 18 : Getting model to /home/marcuswrrn/Projects/Federated-Learning/src/coordination/instance/super_round_5/training_round_3/ec17af83ab42c690c32c0851ccef638a.pth
2025-02-25 16:58:39,173 - server - /home/marcuswrrn/Projects/Federated-Learning/src/coordination/server/server.py - get_model - 18 : Getting model to /home/marcuswrrn/Projects/Federated-Learning/src/coordination/instance/super_round_5/training_round_3/ec17af83ab42c690c32c0851ccef638a.pth
2025-02-25 16:58:48,357 - server - /home/marcuswrrn/Projects/Federated-Learning/src/coordination/server/server.py - get_model - 18 : Getting model to /home/marcuswrrn/Projects/Federated-Learning/src/coordination/instance/super_round_5/training_round_3/ec17af83ab42c690c32c0851ccef638a.pth
2025-02-25 16:58:59,615 - server - /home/marcuswrrn/Projects/Federated-Learning/src/coordination/server/aggregation.py - check_database - 19 : Training round : 3
2025-02-25 16:59:02,811 - server - /home/marcuswrrn/Projects/Federated-Learning/src/coordination/server/server.py - upload_model - 35 : Received client model from : 5ff05c8410451f90560ba27c614d22f1
2025-02-25 16:59:14,828 - server - /home/marcuswrrn/Projects/Federated-Learning/src/coordination/server/server.py - upload_model - 35 : Received client model from : e88b64033808ca1ab245e9e65a773fbb
2025-02-25 16:59:15,198 - server - /home/marcuswrrn/Projects/Federated-Learning/src/coordination/server/server.py - upload_model - 35 : Received client model from : 3e650d3bda9f3da6546272b60f552360
2025-02-25 16:59:29,626 - server - /home/marcuswrrn/Projects/Federated-Learning/src/coordination/server/aggregation.py - check_database - 19 : Training round : 3
2025-02-25 16:59:29,626 - server - /home/marcuswrrn/Projects/Federated-Learning/src/coordination/server/aggregation.py - check_database - 30 : Aggregating
2025-02-25 16:59:29,674 - server - /home/marcuswrrn/Projects/Federated-Learning/src/coordination/server/aggregation.py - check_database - 44 : Loading Client ID : 5ff05c8410451f90560ba27c614d22f1 . Loading file /home/marcuswrrn/Projects/Federated-Learning/src/coordination/instance/super_round_5/training_round_3/client_models/5ff05c8410451f90560ba27c614d22f1.pth
2025-02-25 16:59:29,728 - server - /home/marcuswrrn/Projects/Federated-Learning/src/coordination/server/aggregation.py - check_database - 44 : Loading Client ID : e88b64033808ca1ab245e9e65a773fbb . Loading file /home/marcuswrrn/Projects/Federated-Learning/src/coordination/instance/super_round_5/training_round_3/client_models/e88b64033808ca1ab245e9e65a773fbb.pth
2025-02-25 16:59:29,774 - server - /home/marcuswrrn/Projects/Federated-Learning/src/coordination/server/aggregation.py - check_database - 44 : Loading Client ID : 3e650d3bda9f3da6546272b60f552360 . Loading file /home/marcuswrrn/Projects/Federated-Learning/src/coordination/instance/super_round_5/training_round_3/client_models/3e650d3bda9f3da6546272b60f552360.pth
2025-02-25 16:59:29,892 - server - /home/marcuswrrn/Projects/Federated-Learning/src/coordination/server/validation.py - validation - 41 : Running validation ...
2025-02-25 16:59:37,220 - server - /home/marcuswrrn/Projects/Federated-Learning/src/coordination/server/validation.py - validation - 97 : Accuracy: 0.4604682728198168,
2025-02-25 16:59:37,220 - server - /home/marcuswrrn/Projects/Federated-Learning/src/coordination/server/validation.py - validation - 108 : Micro Recall 0.4604682728198168, Macro Recall 0.5649430580149679, Weighted Recall 0.5819842924516916

2025-02-25 16:59:37,220 - server - /home/marcuswrrn/Projects/Federated-Learning/src/coordination/server/validation.py - validation - 116 : Micro Precision 0.4604682728198168, Macro Precision 0.4376558758618391, Weighted Precision 0.769820636859259

2025-02-25 16:59:37,220 - server - /home/marcuswrrn/Projects/Federated-Learning/src/coordination/server/validation.py - validation - 123 : F1 Precision 0.4604682728198168, F1 Precision 0.3819941834829554, F1 Precision 0.4456565974677319

2025-02-25 16:59:37,221 - server - /home/marcuswrrn/Projects/Federated-Learning/src/coordination/server/validation.py - validation - 131 : AUC Precision 0.0, AUC Precision 0.0, AUC Precision 0.0

2025-02-25 16:59:37,243 - server - /home/marcuswrrn/Projects/Federated-Learning/src/coordination/server/aggregation.py - check_database - 79 : Checking if done training (max round hit)
2025-02-25 16:59:37,243 - server - /home/marcuswrrn/Projects/Federated-Learning/src/coordination/server/aggregation.py - check_database - 80 : current round: 3, current + 1 : 4. max : 20
2025-02-25 16:59:37,285 - server - /home/marcuswrrn/Projects/Federated-Learning/src/coordination/server/aggregation.py - check_database - 90 : Starting training round 4
2025-02-25 16:59:44,961 - server - /home/marcuswrrn/Projects/Federated-Learning/src/coordination/server/server.py - get_model - 18 : Getting model to /home/marcuswrrn/Projects/Federated-Learning/src/coordination/instance/super_round_5/training_round_4/7e5b7ab84cdb7955dfff0236cf6c5996.pth
2025-02-25 16:59:45,274 - server - /home/marcuswrrn/Projects/Federated-Learning/src/coordination/server/server.py - get_model - 18 : Getting model to /home/marcuswrrn/Projects/Federated-Learning/src/coordination/instance/super_round_5/training_round_4/7e5b7ab84cdb7955dfff0236cf6c5996.pth
2025-02-25 17:00:02,992 - server - /home/marcuswrrn/Projects/Federated-Learning/src/coordination/server/server.py - get_model - 18 : Getting model to /home/marcuswrrn/Projects/Federated-Learning/src/coordination/instance/super_round_5/training_round_4/7e5b7ab84cdb7955dfff0236cf6c5996.pth
2025-02-25 17:00:07,318 - server - /home/marcuswrrn/Projects/Federated-Learning/src/coordination/server/aggregation.py - check_database - 19 : Training round : 4
2025-02-25 17:00:19,293 - server - /home/marcuswrrn/Projects/Federated-Learning/src/coordination/server/server.py - upload_model - 35 : Received client model from : 3e650d3bda9f3da6546272b60f552360
2025-02-25 17:00:19,334 - server - /home/marcuswrrn/Projects/Federated-Learning/src/coordination/server/server.py - upload_model - 35 : Received client model from : e88b64033808ca1ab245e9e65a773fbb
2025-02-25 17:00:28,188 - server - /home/marcuswrrn/Projects/Federated-Learning/src/coordination/server/server.py - upload_model - 35 : Received client model from : 5ff05c8410451f90560ba27c614d22f1
2025-02-25 17:00:37,348 - server - /home/marcuswrrn/Projects/Federated-Learning/src/coordination/server/aggregation.py - check_database - 19 : Training round : 4
2025-02-25 17:00:37,348 - server - /home/marcuswrrn/Projects/Federated-Learning/src/coordination/server/aggregation.py - check_database - 30 : Aggregating
2025-02-25 17:00:37,400 - server - /home/marcuswrrn/Projects/Federated-Learning/src/coordination/server/aggregation.py - check_database - 44 : Loading Client ID : 3e650d3bda9f3da6546272b60f552360 . Loading file /home/marcuswrrn/Projects/Federated-Learning/src/coordination/instance/super_round_5/training_round_4/client_models/3e650d3bda9f3da6546272b60f552360.pth
2025-02-25 17:00:37,455 - server - /home/marcuswrrn/Projects/Federated-Learning/src/coordination/server/aggregation.py - check_database - 44 : Loading Client ID : e88b64033808ca1ab245e9e65a773fbb . Loading file /home/marcuswrrn/Projects/Federated-Learning/src/coordination/instance/super_round_5/training_round_4/client_models/e88b64033808ca1ab245e9e65a773fbb.pth
2025-02-25 17:00:37,501 - server - /home/marcuswrrn/Projects/Federated-Learning/src/coordination/server/aggregation.py - check_database - 44 : Loading Client ID : 5ff05c8410451f90560ba27c614d22f1 . Loading file /home/marcuswrrn/Projects/Federated-Learning/src/coordination/instance/super_round_5/training_round_4/client_models/5ff05c8410451f90560ba27c614d22f1.pth
2025-02-25 17:00:37,620 - server - /home/marcuswrrn/Projects/Federated-Learning/src/coordination/server/validation.py - validation - 41 : Running validation ...
2025-02-25 17:00:45,275 - server - /home/marcuswrrn/Projects/Federated-Learning/src/coordination/server/validation.py - validation - 97 : Accuracy: 0.3138785205293519,
2025-02-25 17:00:45,275 - server - /home/marcuswrrn/Projects/Federated-Learning/src/coordination/server/validation.py - validation - 108 : Micro Recall 0.3138785205293519, Macro Recall 0.15201900675994187, Weighted Recall 0.3383090325587947

2025-02-25 17:00:45,275 - server - /home/marcuswrrn/Projects/Federated-Learning/src/coordination/server/validation.py - validation - 116 : Micro Precision 0.3138785205293519, Macro Precision 0.3257323233688632, Weighted Precision 0.8457839584704129

2025-02-25 17:00:45,275 - server - /home/marcuswrrn/Projects/Federated-Learning/src/coordination/server/validation.py - validation - 123 : F1 Precision 0.3138785205293519, F1 Precision 0.196744857291781, F1 Precision 0.7359851192318735

2025-02-25 17:00:45,275 - server - /home/marcuswrrn/Projects/Federated-Learning/src/coordination/server/validation.py - validation - 131 : AUC Precision 0.0, AUC Precision 0.0, AUC Precision 0.0

2025-02-25 17:00:45,298 - server - /home/marcuswrrn/Projects/Federated-Learning/src/coordination/server/aggregation.py - check_database - 79 : Checking if done training (max round hit)
2025-02-25 17:00:45,298 - server - /home/marcuswrrn/Projects/Federated-Learning/src/coordination/server/aggregation.py - check_database - 80 : current round: 4, current + 1 : 5. max : 20
2025-02-25 17:00:45,345 - server - /home/marcuswrrn/Projects/Federated-Learning/src/coordination/server/aggregation.py - check_database - 90 : Starting training round 5
2025-02-25 17:00:49,454 - server - /home/marcuswrrn/Projects/Federated-Learning/src/coordination/server/server.py - get_model - 18 : Getting model to /home/marcuswrrn/Projects/Federated-Learning/src/coordination/instance/super_round_5/training_round_5/9399e9c6e3b13e4822e5acb5a0bab7e0.pth
2025-02-25 17:00:49,464 - server - /home/marcuswrrn/Projects/Federated-Learning/src/coordination/server/server.py - get_model - 18 : Getting model to /home/marcuswrrn/Projects/Federated-Learning/src/coordination/instance/super_round_5/training_round_5/9399e9c6e3b13e4822e5acb5a0bab7e0.pth
2025-02-25 17:00:58,285 - server - /home/marcuswrrn/Projects/Federated-Learning/src/coordination/server/server.py - get_model - 18 : Getting model to /home/marcuswrrn/Projects/Federated-Learning/src/coordination/instance/super_round_5/training_round_5/9399e9c6e3b13e4822e5acb5a0bab7e0.pth
2025-02-25 17:01:15,376 - server - /home/marcuswrrn/Projects/Federated-Learning/src/coordination/server/aggregation.py - check_database - 19 : Training round : 5
2025-02-25 17:01:45,408 - server - /home/marcuswrrn/Projects/Federated-Learning/src/coordination/server/aggregation.py - check_database - 19 : Training round : 5
2025-02-25 17:01:49,312 - server - /home/marcuswrrn/Projects/Federated-Learning/src/coordination/server/server.py - upload_model - 35 : Received client model from : 3e650d3bda9f3da6546272b60f552360
2025-02-25 17:01:52,833 - server - /home/marcuswrrn/Projects/Federated-Learning/src/coordination/server/server.py - upload_model - 35 : Received client model from : e88b64033808ca1ab245e9e65a773fbb
2025-02-25 17:01:56,312 - server - /home/marcuswrrn/Projects/Federated-Learning/src/coordination/server/server.py - upload_model - 35 : Received client model from : 5ff05c8410451f90560ba27c614d22f1
2025-02-25 17:02:15,414 - server - /home/marcuswrrn/Projects/Federated-Learning/src/coordination/server/aggregation.py - check_database - 19 : Training round : 5
2025-02-25 17:02:15,414 - server - /home/marcuswrrn/Projects/Federated-Learning/src/coordination/server/aggregation.py - check_database - 30 : Aggregating
2025-02-25 17:02:15,464 - server - /home/marcuswrrn/Projects/Federated-Learning/src/coordination/server/aggregation.py - check_database - 44 : Loading Client ID : 3e650d3bda9f3da6546272b60f552360 . Loading file /home/marcuswrrn/Projects/Federated-Learning/src/coordination/instance/super_round_5/training_round_5/client_models/3e650d3bda9f3da6546272b60f552360.pth
2025-02-25 17:02:15,520 - server - /home/marcuswrrn/Projects/Federated-Learning/src/coordination/server/aggregation.py - check_database - 44 : Loading Client ID : e88b64033808ca1ab245e9e65a773fbb . Loading file /home/marcuswrrn/Projects/Federated-Learning/src/coordination/instance/super_round_5/training_round_5/client_models/e88b64033808ca1ab245e9e65a773fbb.pth
2025-02-25 17:02:15,568 - server - /home/marcuswrrn/Projects/Federated-Learning/src/coordination/server/aggregation.py - check_database - 44 : Loading Client ID : 5ff05c8410451f90560ba27c614d22f1 . Loading file /home/marcuswrrn/Projects/Federated-Learning/src/coordination/instance/super_round_5/training_round_5/client_models/5ff05c8410451f90560ba27c614d22f1.pth
2025-02-25 17:02:15,688 - server - /home/marcuswrrn/Projects/Federated-Learning/src/coordination/server/validation.py - validation - 41 : Running validation ...
2025-02-25 17:02:22,384 - server - /home/marcuswrrn/Projects/Federated-Learning/src/coordination/server/validation.py - validation - 97 : Accuracy: 0.5924669155072956,
2025-02-25 17:02:22,384 - server - /home/marcuswrrn/Projects/Federated-Learning/src/coordination/server/validation.py - validation - 108 : Micro Recall 0.5924669155072956, Macro Recall 0.5987858948322669, Weighted Recall 0.6832568121513728

2025-02-25 17:02:22,384 - server - /home/marcuswrrn/Projects/Federated-Learning/src/coordination/server/validation.py - validation - 116 : Micro Precision 0.5924669155072956, Macro Precision 0.593283327091921, Weighted Precision 0.8896210919237392

2025-02-25 17:02:22,384 - server - /home/marcuswrrn/Projects/Federated-Learning/src/coordination/server/validation.py - validation - 123 : F1 Precision 0.5924669155072956, F1 Precision 0.5062330703277658, F1 Precision 0.6766421098928657

2025-02-25 17:02:22,384 - server - /home/marcuswrrn/Projects/Federated-Learning/src/coordination/server/validation.py - validation - 131 : AUC Precision 0.0, AUC Precision 0.0, AUC Precision 0.0

2025-02-25 17:02:22,409 - server - /home/marcuswrrn/Projects/Federated-Learning/src/coordination/server/aggregation.py - check_database - 79 : Checking if done training (max round hit)
2025-02-25 17:02:22,409 - server - /home/marcuswrrn/Projects/Federated-Learning/src/coordination/server/aggregation.py - check_database - 80 : current round: 5, current + 1 : 6. max : 20
2025-02-25 17:02:22,449 - server - /home/marcuswrrn/Projects/Federated-Learning/src/coordination/server/aggregation.py - check_database - 90 : Starting training round 6
2025-02-25 17:02:22,951 - server - /home/marcuswrrn/Projects/Federated-Learning/src/coordination/server/server.py - get_model - 18 : Getting model to /home/marcuswrrn/Projects/Federated-Learning/src/coordination/instance/super_round_5/training_round_6/a51ba15306819d2f658104623847268b.pth
2025-02-25 17:02:26,407 - server - /home/marcuswrrn/Projects/Federated-Learning/src/coordination/server/server.py - get_model - 18 : Getting model to /home/marcuswrrn/Projects/Federated-Learning/src/coordination/instance/super_round_5/training_round_6/a51ba15306819d2f658104623847268b.pth
2025-02-25 17:02:41,643 - server - /home/marcuswrrn/Projects/Federated-Learning/src/coordination/server/server.py - upload_model - 35 : Received client model from : e88b64033808ca1ab245e9e65a773fbb
2025-02-25 17:02:44,493 - server - /home/marcuswrrn/Projects/Federated-Learning/src/coordination/server/server.py - upload_model - 35 : Received client model from : 5ff05c8410451f90560ba27c614d22f1
2025-02-25 17:02:49,456 - server - /home/marcuswrrn/Projects/Federated-Learning/src/coordination/server/server.py - get_model - 18 : Getting model to /home/marcuswrrn/Projects/Federated-Learning/src/coordination/instance/super_round_5/training_round_6/a51ba15306819d2f658104623847268b.pth
2025-02-25 17:02:52,467 - server - /home/marcuswrrn/Projects/Federated-Learning/src/coordination/server/aggregation.py - check_database - 19 : Training round : 6
2025-02-25 17:03:01,185 - server - /home/marcuswrrn/Projects/Federated-Learning/src/coordination/server/server.py - upload_model - 35 : Received client model from : 3e650d3bda9f3da6546272b60f552360
2025-02-25 17:03:22,488 - server - /home/marcuswrrn/Projects/Federated-Learning/src/coordination/server/aggregation.py - check_database - 19 : Training round : 6
2025-02-25 17:03:22,488 - server - /home/marcuswrrn/Projects/Federated-Learning/src/coordination/server/aggregation.py - check_database - 30 : Aggregating
2025-02-25 17:03:22,536 - server - /home/marcuswrrn/Projects/Federated-Learning/src/coordination/server/aggregation.py - check_database - 44 : Loading Client ID : e88b64033808ca1ab245e9e65a773fbb . Loading file /home/marcuswrrn/Projects/Federated-Learning/src/coordination/instance/super_round_5/training_round_6/client_models/e88b64033808ca1ab245e9e65a773fbb.pth
2025-02-25 17:03:22,591 - server - /home/marcuswrrn/Projects/Federated-Learning/src/coordination/server/aggregation.py - check_database - 44 : Loading Client ID : 5ff05c8410451f90560ba27c614d22f1 . Loading file /home/marcuswrrn/Projects/Federated-Learning/src/coordination/instance/super_round_5/training_round_6/client_models/5ff05c8410451f90560ba27c614d22f1.pth
2025-02-25 17:03:22,640 - server - /home/marcuswrrn/Projects/Federated-Learning/src/coordination/server/aggregation.py - check_database - 44 : Loading Client ID : 3e650d3bda9f3da6546272b60f552360 . Loading file /home/marcuswrrn/Projects/Federated-Learning/src/coordination/instance/super_round_5/training_round_6/client_models/3e650d3bda9f3da6546272b60f552360.pth
2025-02-25 17:03:22,760 - server - /home/marcuswrrn/Projects/Federated-Learning/src/coordination/server/validation.py - validation - 41 : Running validation ...
2025-02-25 17:03:31,108 - server - /home/marcuswrrn/Projects/Federated-Learning/src/coordination/server/validation.py - validation - 97 : Accuracy: 0.47879199185612487,
2025-02-25 17:03:31,108 - server - /home/marcuswrrn/Projects/Federated-Learning/src/coordination/server/validation.py - validation - 108 : Micro Recall 0.47879199185612487, Macro Recall 0.5937491224213017, Weighted Recall 0.6058910349577824

2025-02-25 17:03:31,108 - server - /home/marcuswrrn/Projects/Federated-Learning/src/coordination/server/validation.py - validation - 116 : Micro Precision 0.47879199185612487, Macro Precision 0.4729082846193449, Weighted Precision 0.7181856502682924

2025-02-25 17:03:31,108 - server - /home/marcuswrrn/Projects/Federated-Learning/src/coordination/server/validation.py - validation - 123 : F1 Precision 0.47879199185612487, F1 Precision 0.44774758749197385, F1 Precision 0.49186997491272505

2025-02-25 17:03:31,108 - server - /home/marcuswrrn/Projects/Federated-Learning/src/coordination/server/validation.py - validation - 131 : AUC Precision 0.0, AUC Precision 0.0, AUC Precision 0.0

2025-02-25 17:03:31,133 - server - /home/marcuswrrn/Projects/Federated-Learning/src/coordination/server/aggregation.py - check_database - 79 : Checking if done training (max round hit)
2025-02-25 17:03:31,133 - server - /home/marcuswrrn/Projects/Federated-Learning/src/coordination/server/aggregation.py - check_database - 80 : current round: 6, current + 1 : 7. max : 20
2025-02-25 17:03:31,173 - server - /home/marcuswrrn/Projects/Federated-Learning/src/coordination/server/aggregation.py - check_database - 90 : Starting training round 7
2025-02-25 17:03:31,254 - server - /home/marcuswrrn/Projects/Federated-Learning/src/coordination/server/server.py - get_model - 18 : Getting model to /home/marcuswrrn/Projects/Federated-Learning/src/coordination/instance/super_round_5/training_round_7/f8b0c391e7676e8fbf6d3db772246d81.pth
2025-02-25 17:03:41,793 - server - /home/marcuswrrn/Projects/Federated-Learning/src/coordination/server/server.py - get_model - 18 : Getting model to /home/marcuswrrn/Projects/Federated-Learning/src/coordination/instance/super_round_5/training_round_7/f8b0c391e7676e8fbf6d3db772246d81.pth
2025-02-25 17:03:43,398 - server - /home/marcuswrrn/Projects/Federated-Learning/src/coordination/server/server.py - upload_model - 35 : Received client model from : 3e650d3bda9f3da6546272b60f552360
2025-02-25 17:03:44,582 - server - /home/marcuswrrn/Projects/Federated-Learning/src/coordination/server/server.py - get_model - 18 : Getting model to /home/marcuswrrn/Projects/Federated-Learning/src/coordination/instance/super_round_5/training_round_7/f8b0c391e7676e8fbf6d3db772246d81.pth
2025-02-25 17:04:01,208 - server - /home/marcuswrrn/Projects/Federated-Learning/src/coordination/server/aggregation.py - check_database - 19 : Training round : 7
2025-02-25 17:04:02,944 - server - /home/marcuswrrn/Projects/Federated-Learning/src/coordination/server/server.py - upload_model - 35 : Received client model from : e88b64033808ca1ab245e9e65a773fbb
2025-02-25 17:04:03,199 - server - /home/marcuswrrn/Projects/Federated-Learning/src/coordination/server/server.py - upload_model - 35 : Received client model from : 5ff05c8410451f90560ba27c614d22f1
2025-02-25 17:04:31,227 - server - /home/marcuswrrn/Projects/Federated-Learning/src/coordination/server/aggregation.py - check_database - 19 : Training round : 7
2025-02-25 17:04:31,227 - server - /home/marcuswrrn/Projects/Federated-Learning/src/coordination/server/aggregation.py - check_database - 30 : Aggregating
2025-02-25 17:04:31,277 - server - /home/marcuswrrn/Projects/Federated-Learning/src/coordination/server/aggregation.py - check_database - 44 : Loading Client ID : 3e650d3bda9f3da6546272b60f552360 . Loading file /home/marcuswrrn/Projects/Federated-Learning/src/coordination/instance/super_round_5/training_round_7/client_models/3e650d3bda9f3da6546272b60f552360.pth
2025-02-25 17:04:31,330 - server - /home/marcuswrrn/Projects/Federated-Learning/src/coordination/server/aggregation.py - check_database - 44 : Loading Client ID : e88b64033808ca1ab245e9e65a773fbb . Loading file /home/marcuswrrn/Projects/Federated-Learning/src/coordination/instance/super_round_5/training_round_7/client_models/e88b64033808ca1ab245e9e65a773fbb.pth
2025-02-25 17:04:31,375 - server - /home/marcuswrrn/Projects/Federated-Learning/src/coordination/server/aggregation.py - check_database - 44 : Loading Client ID : 5ff05c8410451f90560ba27c614d22f1 . Loading file /home/marcuswrrn/Projects/Federated-Learning/src/coordination/instance/super_round_5/training_round_7/client_models/5ff05c8410451f90560ba27c614d22f1.pth
2025-02-25 17:04:31,497 - server - /home/marcuswrrn/Projects/Federated-Learning/src/coordination/server/validation.py - validation - 41 : Running validation ...
2025-02-25 17:04:38,767 - server - /home/marcuswrrn/Projects/Federated-Learning/src/coordination/server/validation.py - validation - 97 : Accuracy: 0.6107906345436037,
2025-02-25 17:04:38,767 - server - /home/marcuswrrn/Projects/Federated-Learning/src/coordination/server/validation.py - validation - 108 : Micro Recall 0.6107906345436037, Macro Recall 0.8082098791092985, Weighted Recall 0.7128052065862571

2025-02-25 17:04:38,767 - server - /home/marcuswrrn/Projects/Federated-Learning/src/coordination/server/validation.py - validation - 116 : Micro Precision 0.6107906345436037, Macro Precision 0.5816775674454753, Weighted Precision 0.8941987138952643

2025-02-25 17:04:38,767 - server - /home/marcuswrrn/Projects/Federated-Learning/src/coordination/server/validation.py - validation - 123 : F1 Precision 0.6107906345436037, F1 Precision 0.5146938082946587, F1 Precision 0.509636064077948

2025-02-25 17:04:38,767 - server - /home/marcuswrrn/Projects/Federated-Learning/src/coordination/server/validation.py - validation - 131 : AUC Precision 0.0, AUC Precision 0.0, AUC Precision 0.0

2025-02-25 17:04:38,791 - server - /home/marcuswrrn/Projects/Federated-Learning/src/coordination/server/aggregation.py - check_database - 79 : Checking if done training (max round hit)
2025-02-25 17:04:38,791 - server - /home/marcuswrrn/Projects/Federated-Learning/src/coordination/server/aggregation.py - check_database - 80 : current round: 7, current + 1 : 8. max : 20
2025-02-25 17:04:38,830 - server - /home/marcuswrrn/Projects/Federated-Learning/src/coordination/server/aggregation.py - check_database - 90 : Starting training round 8
2025-02-25 17:04:43,515 - server - /home/marcuswrrn/Projects/Federated-Learning/src/coordination/server/server.py - get_model - 18 : Getting model to /home/marcuswrrn/Projects/Federated-Learning/src/coordination/instance/super_round_5/training_round_8/5bf7ad1f500ab5e3e87814c9773e9e06.pth
2025-02-25 17:04:55,037 - server - /home/marcuswrrn/Projects/Federated-Learning/src/coordination/server/server.py - upload_model - 35 : Received client model from : 3e650d3bda9f3da6546272b60f552360
2025-02-25 17:05:03,098 - server - /home/marcuswrrn/Projects/Federated-Learning/src/coordination/server/server.py - get_model - 18 : Getting model to /home/marcuswrrn/Projects/Federated-Learning/src/coordination/instance/super_round_5/training_round_8/5bf7ad1f500ab5e3e87814c9773e9e06.pth
2025-02-25 17:05:03,265 - server - /home/marcuswrrn/Projects/Federated-Learning/src/coordination/server/server.py - get_model - 18 : Getting model to /home/marcuswrrn/Projects/Federated-Learning/src/coordination/instance/super_round_5/training_round_8/5bf7ad1f500ab5e3e87814c9773e9e06.pth
2025-02-25 17:05:08,863 - server - /home/marcuswrrn/Projects/Federated-Learning/src/coordination/server/aggregation.py - check_database - 19 : Training round : 8
2025-02-25 17:05:21,245 - server - /home/marcuswrrn/Projects/Federated-Learning/src/coordination/server/server.py - upload_model - 35 : Received client model from : 5ff05c8410451f90560ba27c614d22f1
2025-02-25 17:05:23,235 - server - /home/marcuswrrn/Projects/Federated-Learning/src/coordination/server/server.py - upload_model - 35 : Received client model from : e88b64033808ca1ab245e9e65a773fbb
2025-02-25 17:05:38,866 - server - /home/marcuswrrn/Projects/Federated-Learning/src/coordination/server/aggregation.py - check_database - 19 : Training round : 8
2025-02-25 17:05:38,866 - server - /home/marcuswrrn/Projects/Federated-Learning/src/coordination/server/aggregation.py - check_database - 30 : Aggregating
2025-02-25 17:05:38,916 - server - /home/marcuswrrn/Projects/Federated-Learning/src/coordination/server/aggregation.py - check_database - 44 : Loading Client ID : 3e650d3bda9f3da6546272b60f552360 . Loading file /home/marcuswrrn/Projects/Federated-Learning/src/coordination/instance/super_round_5/training_round_8/client_models/3e650d3bda9f3da6546272b60f552360.pth
2025-02-25 17:05:38,968 - server - /home/marcuswrrn/Projects/Federated-Learning/src/coordination/server/aggregation.py - check_database - 44 : Loading Client ID : 5ff05c8410451f90560ba27c614d22f1 . Loading file /home/marcuswrrn/Projects/Federated-Learning/src/coordination/instance/super_round_5/training_round_8/client_models/5ff05c8410451f90560ba27c614d22f1.pth
2025-02-25 17:05:39,014 - server - /home/marcuswrrn/Projects/Federated-Learning/src/coordination/server/aggregation.py - check_database - 44 : Loading Client ID : e88b64033808ca1ab245e9e65a773fbb . Loading file /home/marcuswrrn/Projects/Federated-Learning/src/coordination/instance/super_round_5/training_round_8/client_models/e88b64033808ca1ab245e9e65a773fbb.pth
2025-02-25 17:05:39,135 - server - /home/marcuswrrn/Projects/Federated-Learning/src/coordination/server/validation.py - validation - 41 : Running validation ...
2025-02-25 17:05:48,500 - server - /home/marcuswrrn/Projects/Federated-Learning/src/coordination/server/validation.py - validation - 97 : Accuracy: 0.6851034950797421,
2025-02-25 17:05:48,500 - server - /home/marcuswrrn/Projects/Federated-Learning/src/coordination/server/validation.py - validation - 108 : Micro Recall 0.6851034950797421, Macro Recall 0.6895781568991671, Weighted Recall 0.747911693512163

2025-02-25 17:05:48,500 - server - /home/marcuswrrn/Projects/Federated-Learning/src/coordination/server/validation.py - validation - 116 : Micro Precision 0.6851034950797421, Macro Precision 0.6780628904318643, Weighted Precision 0.8717190706001516

2025-02-25 17:05:48,500 - server - /home/marcuswrrn/Projects/Federated-Learning/src/coordination/server/validation.py - validation - 123 : F1 Precision 0.6851034950797421, F1 Precision 0.6302009767149122, F1 Precision 0.7397131245738923

2025-02-25 17:05:48,500 - server - /home/marcuswrrn/Projects/Federated-Learning/src/coordination/server/validation.py - validation - 131 : AUC Precision 0.0, AUC Precision 0.0, AUC Precision 0.0

2025-02-25 17:05:48,528 - server - /home/marcuswrrn/Projects/Federated-Learning/src/coordination/server/aggregation.py - check_database - 79 : Checking if done training (max round hit)
2025-02-25 17:05:48,528 - server - /home/marcuswrrn/Projects/Federated-Learning/src/coordination/server/aggregation.py - check_database - 80 : current round: 8, current + 1 : 9. max : 20
2025-02-25 17:05:48,572 - server - /home/marcuswrrn/Projects/Federated-Learning/src/coordination/server/aggregation.py - check_database - 90 : Starting training round 9
2025-02-25 17:05:51,406 - server - /home/marcuswrrn/Projects/Federated-Learning/src/coordination/server/server.py - get_model - 18 : Getting model to /home/marcuswrrn/Projects/Federated-Learning/src/coordination/instance/super_round_5/training_round_9/37553e26c1c7f5e5b6ee5cd55a39742f.pth
2025-02-25 17:05:53,318 - server - /home/marcuswrrn/Projects/Federated-Learning/src/coordination/server/server.py - get_model - 18 : Getting model to /home/marcuswrrn/Projects/Federated-Learning/src/coordination/instance/super_round_5/training_round_9/37553e26c1c7f5e5b6ee5cd55a39742f.pth
2025-02-25 17:05:55,124 - server - /home/marcuswrrn/Projects/Federated-Learning/src/coordination/server/server.py - get_model - 18 : Getting model to /home/marcuswrrn/Projects/Federated-Learning/src/coordination/instance/super_round_5/training_round_9/37553e26c1c7f5e5b6ee5cd55a39742f.pth
2025-02-25 20:41:31,078 - server - /home/marcuswrrn/Projects/Federated-Learning/src/coordination/server/__init__.py - create_app - 25 : Starting up server
2025-02-25 20:41:31,078 - server - /home/marcuswrrn/Projects/Federated-Learning/src/coordination/server/__init__.py - create_app - 31 : Database path : /home/marcuswrrn/Projects/Federated-Learning/src/coordination/instance/db.sqlite
2025-02-25 20:41:31,080 - server - /home/marcuswrrn/Projects/Federated-Learning/src/coordination/server/__init__.py - create_app - 47 : Map([<Rule '/static/<filename>' (GET, HEAD, OPTIONS) -> static>,
 <Rule '/training/get_model/<model_id>' (GET, HEAD, OPTIONS) -> training.get_model>,
 <Rule '/training/upload-model' (POST, OPTIONS) -> training.upload_model>,
 <Rule '/training/display_models' (GET, HEAD, OPTIONS) -> training.display>,
 <Rule '/training/ping' (POST, OPTIONS) -> training.ping_server>,
 <Rule '/training/initialize' (POST, OPTIONS) -> training.init_training>,
 <Rule '/training/shutdown' (POST, OPTIONS) -> training.shutdown>,
 <Rule '/training/connect_test' (GET, POST, HEAD, OPTIONS) -> training.connected>,
 <Rule '/view/models/<super_round>' (GET, HEAD, OPTIONS) -> view.models>,
 <Rule '/view/current_round' (GET, HEAD, OPTIONS) -> view.current_round>,
 <Rule '/view/' (GET, HEAD, OPTIONS) -> view.home>])
2025-02-25 20:41:31,080 - server - /home/marcuswrrn/Projects/Federated-Learning/src/coordination/server/aggregation.py - check_database - 11 : Starting database check
2025-02-25 20:41:31,082 - server - /home/marcuswrrn/Projects/Federated-Learning/src/coordination/server/aggregation.py - check_database - 19 : Training round : 9
2025-02-25 20:45:51,351 - server - /home/marcuswrrn/Projects/Federated-Learning/src/coordination/server/__init__.py - create_app - 25 : Starting up server
2025-02-25 20:45:51,351 - server - /home/marcuswrrn/Projects/Federated-Learning/src/coordination/server/__init__.py - create_app - 31 : Database path : /home/marcuswrrn/Projects/Federated-Learning/src/coordination/instance/db.sqlite
2025-02-25 20:45:51,353 - server - /home/marcuswrrn/Projects/Federated-Learning/src/coordination/server/__init__.py - create_app - 47 : Map([<Rule '/static/<filename>' (OPTIONS, HEAD, GET) -> static>,
 <Rule '/training/get_model/<model_id>' (OPTIONS, HEAD, GET) -> training.get_model>,
 <Rule '/training/upload-model' (OPTIONS, POST) -> training.upload_model>,
 <Rule '/training/display_models' (OPTIONS, HEAD, GET) -> training.display>,
 <Rule '/training/ping' (OPTIONS, POST) -> training.ping_server>,
 <Rule '/training/initialize' (OPTIONS, POST) -> training.init_training>,
 <Rule '/training/shutdown' (OPTIONS, POST) -> training.shutdown>,
 <Rule '/training/connect_test' (OPTIONS, POST, HEAD, GET) -> training.connected>,
 <Rule '/view/models/<super_round>' (OPTIONS, HEAD, GET) -> view.models>,
 <Rule '/view/current_round' (OPTIONS, HEAD, GET) -> view.current_round>,
 <Rule '/view/' (OPTIONS, HEAD, GET) -> view.home>])
2025-02-25 20:45:51,354 - server - /home/marcuswrrn/Projects/Federated-Learning/src/coordination/server/aggregation.py - check_database - 11 : Starting database check
2025-02-25 20:45:51,355 - server - /home/marcuswrrn/Projects/Federated-Learning/src/coordination/server/aggregation.py - check_database - 19 : Training round : 9
2025-02-25 20:46:00,675 - server - /home/marcuswrrn/Projects/Federated-Learning/src/coordination/server/server.py - get_model - 18 : Getting model to /home/marcuswrrn/Projects/Federated-Learning/src/coordination/instance/super_round_5/training_round_9/37553e26c1c7f5e5b6ee5cd55a39742f.pth
2025-02-25 20:46:09,421 - server - /home/marcuswrrn/Projects/Federated-Learning/src/coordination/server/server.py - get_model - 18 : Getting model to /home/marcuswrrn/Projects/Federated-Learning/src/coordination/instance/super_round_5/training_round_9/37553e26c1c7f5e5b6ee5cd55a39742f.pth
2025-02-25 20:46:15,638 - server - /home/marcuswrrn/Projects/Federated-Learning/src/coordination/server/server.py - upload_model - 35 : Received client model from : e88b64033808ca1ab245e9e65a773fbb
2025-02-25 20:46:21,386 - server - /home/marcuswrrn/Projects/Federated-Learning/src/coordination/server/aggregation.py - check_database - 19 : Training round : 9
2025-02-25 20:46:25,387 - server - /home/marcuswrrn/Projects/Federated-Learning/src/coordination/server/server.py - upload_model - 35 : Received client model from : 5ff05c8410451f90560ba27c614d22f1
2025-02-25 20:46:39,500 - server - /home/marcuswrrn/Projects/Federated-Learning/src/coordination/server/server.py - get_model - 18 : Getting model to /home/marcuswrrn/Projects/Federated-Learning/src/coordination/instance/super_round_5/training_round_9/37553e26c1c7f5e5b6ee5cd55a39742f.pth
2025-02-25 20:46:51,418 - server - /home/marcuswrrn/Projects/Federated-Learning/src/coordination/server/aggregation.py - check_database - 19 : Training round : 9
2025-02-25 20:46:52,016 - server - /home/marcuswrrn/Projects/Federated-Learning/src/coordination/server/server.py - upload_model - 35 : Received client model from : 3e650d3bda9f3da6546272b60f552360
2025-02-25 20:47:21,449 - server - /home/marcuswrrn/Projects/Federated-Learning/src/coordination/server/aggregation.py - check_database - 19 : Training round : 9
2025-02-25 20:47:21,449 - server - /home/marcuswrrn/Projects/Federated-Learning/src/coordination/server/aggregation.py - check_database - 30 : Aggregating
2025-02-25 20:47:21,534 - server - /home/marcuswrrn/Projects/Federated-Learning/src/coordination/server/aggregation.py - check_database - 44 : Loading Client ID : e88b64033808ca1ab245e9e65a773fbb . Loading file /home/marcuswrrn/Projects/Federated-Learning/src/coordination/instance/super_round_5/training_round_9/client_models/e88b64033808ca1ab245e9e65a773fbb.pth
2025-02-25 20:47:21,612 - server - /home/marcuswrrn/Projects/Federated-Learning/src/coordination/server/aggregation.py - check_database - 44 : Loading Client ID : 5ff05c8410451f90560ba27c614d22f1 . Loading file /home/marcuswrrn/Projects/Federated-Learning/src/coordination/instance/super_round_5/training_round_9/client_models/5ff05c8410451f90560ba27c614d22f1.pth
2025-02-25 20:47:21,676 - server - /home/marcuswrrn/Projects/Federated-Learning/src/coordination/server/aggregation.py - check_database - 44 : Loading Client ID : 3e650d3bda9f3da6546272b60f552360 . Loading file /home/marcuswrrn/Projects/Federated-Learning/src/coordination/instance/super_round_5/training_round_9/client_models/3e650d3bda9f3da6546272b60f552360.pth
2025-02-25 20:47:21,814 - server - /home/marcuswrrn/Projects/Federated-Learning/src/coordination/server/validation.py - validation - 41 : Running validation ...
2025-02-25 20:47:31,193 - server - /home/marcuswrrn/Projects/Federated-Learning/src/coordination/server/validation.py - validation - 97 : Accuracy: 0.8452663725822871,
2025-02-25 20:47:31,194 - server - /home/marcuswrrn/Projects/Federated-Learning/src/coordination/server/validation.py - validation - 108 : Micro Recall 0.8452663725822871, Macro Recall 0.8575014300687811, Weighted Recall 0.8594465046345623

2025-02-25 20:47:31,194 - server - /home/marcuswrrn/Projects/Federated-Learning/src/coordination/server/validation.py - validation - 116 : Micro Precision 0.8452663725822871, Macro Precision 0.8443349558766973, Weighted Precision 0.8574677592891449

2025-02-25 20:47:31,194 - server - /home/marcuswrrn/Projects/Federated-Learning/src/coordination/server/validation.py - validation - 123 : F1 Precision 0.8452663725822871, F1 Precision 0.8453315859892832, F1 Precision 0.8459609559202779

2025-02-25 20:47:31,194 - server - /home/marcuswrrn/Projects/Federated-Learning/src/coordination/server/validation.py - validation - 131 : AUC Precision 0.0, AUC Precision 0.0, AUC Precision 0.0

2025-02-25 20:47:31,218 - server - /home/marcuswrrn/Projects/Federated-Learning/src/coordination/server/aggregation.py - check_database - 79 : Checking if done training (max round hit)
2025-02-25 20:47:31,218 - server - /home/marcuswrrn/Projects/Federated-Learning/src/coordination/server/aggregation.py - check_database - 80 : current round: 9, current + 1 : 10. max : 20
2025-02-25 20:47:31,256 - server - /home/marcuswrrn/Projects/Federated-Learning/src/coordination/server/aggregation.py - check_database - 90 : Starting training round 10
2025-02-25 20:47:45,780 - server - /home/marcuswrrn/Projects/Federated-Learning/src/coordination/server/server.py - get_model - 18 : Getting model to /home/marcuswrrn/Projects/Federated-Learning/src/coordination/instance/super_round_5/training_round_10/5cb80a4c029bf6767f77c7019b31a230.pth
2025-02-25 20:47:52,104 - server - /home/marcuswrrn/Projects/Federated-Learning/src/coordination/server/server.py - get_model - 18 : Getting model to /home/marcuswrrn/Projects/Federated-Learning/src/coordination/instance/super_round_5/training_round_10/5cb80a4c029bf6767f77c7019b31a230.pth
2025-02-25 20:47:55,484 - server - /home/marcuswrrn/Projects/Federated-Learning/src/coordination/server/server.py - get_model - 18 : Getting model to /home/marcuswrrn/Projects/Federated-Learning/src/coordination/instance/super_round_5/training_round_10/5cb80a4c029bf6767f77c7019b31a230.pth
2025-02-25 20:48:01,289 - server - /home/marcuswrrn/Projects/Federated-Learning/src/coordination/server/aggregation.py - check_database - 19 : Training round : 10
2025-02-25 20:48:31,319 - server - /home/marcuswrrn/Projects/Federated-Learning/src/coordination/server/aggregation.py - check_database - 19 : Training round : 10
2025-02-25 20:48:36,597 - server - /home/marcuswrrn/Projects/Federated-Learning/src/coordination/server/server.py - upload_model - 35 : Received client model from : e88b64033808ca1ab245e9e65a773fbb
2025-02-25 20:48:44,396 - server - /home/marcuswrrn/Projects/Federated-Learning/src/coordination/server/server.py - upload_model - 35 : Received client model from : 3e650d3bda9f3da6546272b60f552360
2025-02-25 20:48:51,975 - server - /home/marcuswrrn/Projects/Federated-Learning/src/coordination/server/server.py - upload_model - 35 : Received client model from : 5ff05c8410451f90560ba27c614d22f1
2025-02-25 20:49:01,351 - server - /home/marcuswrrn/Projects/Federated-Learning/src/coordination/server/aggregation.py - check_database - 19 : Training round : 10
2025-02-25 20:49:01,352 - server - /home/marcuswrrn/Projects/Federated-Learning/src/coordination/server/aggregation.py - check_database - 30 : Aggregating
2025-02-25 20:49:01,401 - server - /home/marcuswrrn/Projects/Federated-Learning/src/coordination/server/aggregation.py - check_database - 44 : Loading Client ID : e88b64033808ca1ab245e9e65a773fbb . Loading file /home/marcuswrrn/Projects/Federated-Learning/src/coordination/instance/super_round_5/training_round_10/client_models/e88b64033808ca1ab245e9e65a773fbb.pth
2025-02-25 20:49:01,456 - server - /home/marcuswrrn/Projects/Federated-Learning/src/coordination/server/aggregation.py - check_database - 44 : Loading Client ID : 3e650d3bda9f3da6546272b60f552360 . Loading file /home/marcuswrrn/Projects/Federated-Learning/src/coordination/instance/super_round_5/training_round_10/client_models/3e650d3bda9f3da6546272b60f552360.pth
2025-02-25 20:49:01,511 - server - /home/marcuswrrn/Projects/Federated-Learning/src/coordination/server/aggregation.py - check_database - 44 : Loading Client ID : 5ff05c8410451f90560ba27c614d22f1 . Loading file /home/marcuswrrn/Projects/Federated-Learning/src/coordination/instance/super_round_5/training_round_10/client_models/5ff05c8410451f90560ba27c614d22f1.pth
2025-02-25 20:49:01,647 - server - /home/marcuswrrn/Projects/Federated-Learning/src/coordination/server/validation.py - validation - 41 : Running validation ...
2025-02-25 20:49:08,825 - server - /home/marcuswrrn/Projects/Federated-Learning/src/coordination/server/validation.py - validation - 97 : Accuracy: 0.7991177468612148,
2025-02-25 20:49:08,825 - server - /home/marcuswrrn/Projects/Federated-Learning/src/coordination/server/validation.py - validation - 108 : Micro Recall 0.7991177468612148, Macro Recall 0.8455029864225656, Weighted Recall 0.8245575851254685

2025-02-25 20:49:08,825 - server - /home/marcuswrrn/Projects/Federated-Learning/src/coordination/server/validation.py - validation - 116 : Micro Precision 0.7991177468612148, Macro Precision 0.789120017052701, Weighted Precision 0.8770590970266239

2025-02-25 20:49:08,825 - server - /home/marcuswrrn/Projects/Federated-Learning/src/coordination/server/validation.py - validation - 123 : F1 Precision 0.7991177468612147, F1 Precision 0.7772798091937793, F1 Precision 0.7724142712976921

2025-02-25 20:49:08,825 - server - /home/marcuswrrn/Projects/Federated-Learning/src/coordination/server/validation.py - validation - 131 : AUC Precision 0.0, AUC Precision 0.0, AUC Precision 0.0

2025-02-25 20:49:08,847 - server - /home/marcuswrrn/Projects/Federated-Learning/src/coordination/server/aggregation.py - check_database - 79 : Checking if done training (max round hit)
2025-02-25 20:49:08,847 - server - /home/marcuswrrn/Projects/Federated-Learning/src/coordination/server/aggregation.py - check_database - 80 : current round: 10, current + 1 : 11. max : 20
2025-02-25 20:49:08,889 - server - /home/marcuswrrn/Projects/Federated-Learning/src/coordination/server/aggregation.py - check_database - 90 : Starting training round 11
2025-02-25 20:49:14,519 - server - /home/marcuswrrn/Projects/Federated-Learning/src/coordination/server/server.py - get_model - 18 : Getting model to /home/marcuswrrn/Projects/Federated-Learning/src/coordination/instance/super_round_5/training_round_11/f88097325f7e0974f024ab4f14d281d2.pth
2025-02-25 20:49:22,062 - server - /home/marcuswrrn/Projects/Federated-Learning/src/coordination/server/server.py - get_model - 18 : Getting model to /home/marcuswrrn/Projects/Federated-Learning/src/coordination/instance/super_round_5/training_round_11/f88097325f7e0974f024ab4f14d281d2.pth
2025-02-25 20:49:30,356 - server - /home/marcuswrrn/Projects/Federated-Learning/src/coordination/server/server.py - upload_model - 35 : Received client model from : 3e650d3bda9f3da6546272b60f552360
2025-02-25 20:49:36,754 - server - /home/marcuswrrn/Projects/Federated-Learning/src/coordination/server/server.py - get_model - 18 : Getting model to /home/marcuswrrn/Projects/Federated-Learning/src/coordination/instance/super_round_5/training_round_11/f88097325f7e0974f024ab4f14d281d2.pth
2025-02-25 20:49:38,442 - server - /home/marcuswrrn/Projects/Federated-Learning/src/coordination/server/server.py - upload_model - 35 : Received client model from : 5ff05c8410451f90560ba27c614d22f1
2025-02-25 20:49:38,920 - server - /home/marcuswrrn/Projects/Federated-Learning/src/coordination/server/aggregation.py - check_database - 19 : Training round : 11
2025-02-25 20:49:49,391 - server - /home/marcuswrrn/Projects/Federated-Learning/src/coordination/server/server.py - upload_model - 35 : Received client model from : e88b64033808ca1ab245e9e65a773fbb
2025-02-25 20:50:08,939 - server - /home/marcuswrrn/Projects/Federated-Learning/src/coordination/server/aggregation.py - check_database - 19 : Training round : 11
2025-02-25 20:50:08,939 - server - /home/marcuswrrn/Projects/Federated-Learning/src/coordination/server/aggregation.py - check_database - 30 : Aggregating
2025-02-25 20:50:08,996 - server - /home/marcuswrrn/Projects/Federated-Learning/src/coordination/server/aggregation.py - check_database - 44 : Loading Client ID : 3e650d3bda9f3da6546272b60f552360 . Loading file /home/marcuswrrn/Projects/Federated-Learning/src/coordination/instance/super_round_5/training_round_11/client_models/3e650d3bda9f3da6546272b60f552360.pth
2025-02-25 20:50:09,047 - server - /home/marcuswrrn/Projects/Federated-Learning/src/coordination/server/aggregation.py - check_database - 44 : Loading Client ID : 5ff05c8410451f90560ba27c614d22f1 . Loading file /home/marcuswrrn/Projects/Federated-Learning/src/coordination/instance/super_round_5/training_round_11/client_models/5ff05c8410451f90560ba27c614d22f1.pth
2025-02-25 20:50:09,092 - server - /home/marcuswrrn/Projects/Federated-Learning/src/coordination/server/aggregation.py - check_database - 44 : Loading Client ID : e88b64033808ca1ab245e9e65a773fbb . Loading file /home/marcuswrrn/Projects/Federated-Learning/src/coordination/instance/super_round_5/training_round_11/client_models/e88b64033808ca1ab245e9e65a773fbb.pth
2025-02-25 20:50:09,210 - server - /home/marcuswrrn/Projects/Federated-Learning/src/coordination/server/validation.py - validation - 41 : Running validation ...
2025-02-25 20:50:16,707 - server - /home/marcuswrrn/Projects/Federated-Learning/src/coordination/server/validation.py - validation - 97 : Accuracy: 0.7777400746521886,
2025-02-25 20:50:16,707 - server - /home/marcuswrrn/Projects/Federated-Learning/src/coordination/server/validation.py - validation - 108 : Micro Recall 0.7777400746521886, Macro Recall 0.8235968628983992, Weighted Recall 0.8172448703783799

2025-02-25 20:50:16,707 - server - /home/marcuswrrn/Projects/Federated-Learning/src/coordination/server/validation.py - validation - 116 : Micro Precision 0.7777400746521886, Macro Precision 0.7706191764250309, Weighted Precision 0.9049343309944131

2025-02-25 20:50:16,707 - server - /home/marcuswrrn/Projects/Federated-Learning/src/coordination/server/validation.py - validation - 123 : F1 Precision 0.7777400746521886, F1 Precision 0.7393424117194995, F1 Precision 0.7686151037349735

2025-02-25 20:50:16,707 - server - /home/marcuswrrn/Projects/Federated-Learning/src/coordination/server/validation.py - validation - 131 : AUC Precision 0.0, AUC Precision 0.0, AUC Precision 0.0

2025-02-25 20:50:16,730 - server - /home/marcuswrrn/Projects/Federated-Learning/src/coordination/server/aggregation.py - check_database - 79 : Checking if done training (max round hit)
2025-02-25 20:50:16,730 - server - /home/marcuswrrn/Projects/Federated-Learning/src/coordination/server/aggregation.py - check_database - 80 : current round: 11, current + 1 : 12. max : 20
2025-02-25 20:50:16,769 - server - /home/marcuswrrn/Projects/Federated-Learning/src/coordination/server/aggregation.py - check_database - 90 : Starting training round 12
2025-02-25 20:50:19,464 - server - /home/marcuswrrn/Projects/Federated-Learning/src/coordination/server/server.py - get_model - 18 : Getting model to /home/marcuswrrn/Projects/Federated-Learning/src/coordination/instance/super_round_5/training_round_12/4e29132a17cc3408cec05e1ddf6dc4af.pth
2025-02-25 20:50:30,512 - server - /home/marcuswrrn/Projects/Federated-Learning/src/coordination/server/server.py - get_model - 18 : Getting model to /home/marcuswrrn/Projects/Federated-Learning/src/coordination/instance/super_round_5/training_round_12/4e29132a17cc3408cec05e1ddf6dc4af.pth
2025-02-25 20:50:31,916 - server - /home/marcuswrrn/Projects/Federated-Learning/src/coordination/server/server.py - upload_model - 35 : Received client model from : e88b64033808ca1ab245e9e65a773fbb
2025-02-25 20:50:38,599 - server - /home/marcuswrrn/Projects/Federated-Learning/src/coordination/server/server.py - get_model - 18 : Getting model to /home/marcuswrrn/Projects/Federated-Learning/src/coordination/instance/super_round_5/training_round_12/4e29132a17cc3408cec05e1ddf6dc4af.pth
2025-02-25 20:50:43,581 - server - /home/marcuswrrn/Projects/Federated-Learning/src/coordination/server/server.py - upload_model - 35 : Received client model from : 3e650d3bda9f3da6546272b60f552360
2025-02-25 20:50:46,800 - server - /home/marcuswrrn/Projects/Federated-Learning/src/coordination/server/aggregation.py - check_database - 19 : Training round : 12
2025-02-25 20:50:53,930 - server - /home/marcuswrrn/Projects/Federated-Learning/src/coordination/server/server.py - upload_model - 35 : Received client model from : 5ff05c8410451f90560ba27c614d22f1
2025-02-25 20:51:16,832 - server - /home/marcuswrrn/Projects/Federated-Learning/src/coordination/server/aggregation.py - check_database - 19 : Training round : 12
2025-02-25 20:51:16,833 - server - /home/marcuswrrn/Projects/Federated-Learning/src/coordination/server/aggregation.py - check_database - 30 : Aggregating
2025-02-25 20:51:16,879 - server - /home/marcuswrrn/Projects/Federated-Learning/src/coordination/server/aggregation.py - check_database - 44 : Loading Client ID : e88b64033808ca1ab245e9e65a773fbb . Loading file /home/marcuswrrn/Projects/Federated-Learning/src/coordination/instance/super_round_5/training_round_12/client_models/e88b64033808ca1ab245e9e65a773fbb.pth
2025-02-25 20:51:16,930 - server - /home/marcuswrrn/Projects/Federated-Learning/src/coordination/server/aggregation.py - check_database - 44 : Loading Client ID : 3e650d3bda9f3da6546272b60f552360 . Loading file /home/marcuswrrn/Projects/Federated-Learning/src/coordination/instance/super_round_5/training_round_12/client_models/3e650d3bda9f3da6546272b60f552360.pth
2025-02-25 20:51:16,975 - server - /home/marcuswrrn/Projects/Federated-Learning/src/coordination/server/aggregation.py - check_database - 44 : Loading Client ID : 5ff05c8410451f90560ba27c614d22f1 . Loading file /home/marcuswrrn/Projects/Federated-Learning/src/coordination/instance/super_round_5/training_round_12/client_models/5ff05c8410451f90560ba27c614d22f1.pth
2025-02-25 20:51:17,103 - server - /home/marcuswrrn/Projects/Federated-Learning/src/coordination/server/validation.py - validation - 41 : Running validation ...
2025-02-25 20:51:27,437 - server - /home/marcuswrrn/Projects/Federated-Learning/src/coordination/server/validation.py - validation - 97 : Accuracy: 0.8696979979640312,
2025-02-25 20:51:27,437 - server - /home/marcuswrrn/Projects/Federated-Learning/src/coordination/server/validation.py - validation - 108 : Micro Recall 0.8696979979640312, Macro Recall 0.889156410001592, Weighted Recall 0.8859551997394658

2025-02-25 20:51:27,437 - server - /home/marcuswrrn/Projects/Federated-Learning/src/coordination/server/validation.py - validation - 116 : Micro Precision 0.8696979979640312, Macro Precision 0.871671073186175, Weighted Precision 0.896540455459553

2025-02-25 20:51:27,437 - server - /home/marcuswrrn/Projects/Federated-Learning/src/coordination/server/validation.py - validation - 123 : F1 Precision 0.8696979979640312, F1 Precision 0.8674778171780585, F1 Precision 0.8678422532204588

2025-02-25 20:51:27,438 - server - /home/marcuswrrn/Projects/Federated-Learning/src/coordination/server/validation.py - validation - 131 : AUC Precision 0.0, AUC Precision 0.0, AUC Precision 0.0

2025-02-25 20:51:27,461 - server - /home/marcuswrrn/Projects/Federated-Learning/src/coordination/server/aggregation.py - check_database - 79 : Checking if done training (max round hit)
2025-02-25 20:51:27,461 - server - /home/marcuswrrn/Projects/Federated-Learning/src/coordination/server/aggregation.py - check_database - 80 : current round: 12, current + 1 : 13. max : 20
2025-02-25 20:51:27,499 - server - /home/marcuswrrn/Projects/Federated-Learning/src/coordination/server/aggregation.py - check_database - 90 : Starting training round 13
2025-02-25 20:51:32,058 - server - /home/marcuswrrn/Projects/Federated-Learning/src/coordination/server/server.py - get_model - 18 : Getting model to /home/marcuswrrn/Projects/Federated-Learning/src/coordination/instance/super_round_5/training_round_13/72d9581709bc68ee024128be602ae089.pth
2025-02-25 20:51:42,839 - server - /home/marcuswrrn/Projects/Federated-Learning/src/coordination/server/server.py - upload_model - 35 : Received client model from : e88b64033808ca1ab245e9e65a773fbb
2025-02-25 20:51:43,712 - server - /home/marcuswrrn/Projects/Federated-Learning/src/coordination/server/server.py - get_model - 18 : Getting model to /home/marcuswrrn/Projects/Federated-Learning/src/coordination/instance/super_round_5/training_round_13/72d9581709bc68ee024128be602ae089.pth
2025-02-25 20:51:54,025 - server - /home/marcuswrrn/Projects/Federated-Learning/src/coordination/server/server.py - get_model - 18 : Getting model to /home/marcuswrrn/Projects/Federated-Learning/src/coordination/instance/super_round_5/training_round_13/72d9581709bc68ee024128be602ae089.pth
2025-02-25 20:51:57,530 - server - /home/marcuswrrn/Projects/Federated-Learning/src/coordination/server/aggregation.py - check_database - 19 : Training round : 13
2025-02-25 20:52:03,133 - server - /home/marcuswrrn/Projects/Federated-Learning/src/coordination/server/server.py - upload_model - 35 : Received client model from : 3e650d3bda9f3da6546272b60f552360
2025-02-25 20:52:09,826 - server - /home/marcuswrrn/Projects/Federated-Learning/src/coordination/server/server.py - upload_model - 35 : Received client model from : 5ff05c8410451f90560ba27c614d22f1
2025-02-25 20:52:27,561 - server - /home/marcuswrrn/Projects/Federated-Learning/src/coordination/server/aggregation.py - check_database - 19 : Training round : 13
2025-02-25 20:52:27,561 - server - /home/marcuswrrn/Projects/Federated-Learning/src/coordination/server/aggregation.py - check_database - 30 : Aggregating
2025-02-25 20:52:27,605 - server - /home/marcuswrrn/Projects/Federated-Learning/src/coordination/server/aggregation.py - check_database - 44 : Loading Client ID : e88b64033808ca1ab245e9e65a773fbb . Loading file /home/marcuswrrn/Projects/Federated-Learning/src/coordination/instance/super_round_5/training_round_13/client_models/e88b64033808ca1ab245e9e65a773fbb.pth
2025-02-25 20:52:27,658 - server - /home/marcuswrrn/Projects/Federated-Learning/src/coordination/server/aggregation.py - check_database - 44 : Loading Client ID : 3e650d3bda9f3da6546272b60f552360 . Loading file /home/marcuswrrn/Projects/Federated-Learning/src/coordination/instance/super_round_5/training_round_13/client_models/3e650d3bda9f3da6546272b60f552360.pth
2025-02-25 20:52:27,705 - server - /home/marcuswrrn/Projects/Federated-Learning/src/coordination/server/aggregation.py - check_database - 44 : Loading Client ID : 5ff05c8410451f90560ba27c614d22f1 . Loading file /home/marcuswrrn/Projects/Federated-Learning/src/coordination/instance/super_round_5/training_round_13/client_models/5ff05c8410451f90560ba27c614d22f1.pth
2025-02-25 20:52:27,825 - server - /home/marcuswrrn/Projects/Federated-Learning/src/coordination/server/validation.py - validation - 41 : Running validation ...
2025-02-25 20:52:37,433 - server - /home/marcuswrrn/Projects/Federated-Learning/src/coordination/server/validation.py - validation - 97 : Accuracy: 0.8014930437733289,
2025-02-25 20:52:37,433 - server - /home/marcuswrrn/Projects/Federated-Learning/src/coordination/server/validation.py - validation - 108 : Micro Recall 0.8014930437733289, Macro Recall 0.8716606908329477, Weighted Recall 0.8412750055598014

2025-02-25 20:52:37,433 - server - /home/marcuswrrn/Projects/Federated-Learning/src/coordination/server/validation.py - validation - 116 : Micro Precision 0.8014930437733289, Macro Precision 0.7981934264914544, Weighted Precision 0.9182212773908406

2025-02-25 20:52:37,433 - server - /home/marcuswrrn/Projects/Federated-Learning/src/coordination/server/validation.py - validation - 123 : F1 Precision 0.801493043773329, F1 Precision 0.7676792610535105, F1 Precision 0.7743737844224269

2025-02-25 20:52:37,433 - server - /home/marcuswrrn/Projects/Federated-Learning/src/coordination/server/validation.py - validation - 131 : AUC Precision 0.0, AUC Precision 0.0, AUC Precision 0.0

2025-02-25 20:52:37,448 - server - /home/marcuswrrn/Projects/Federated-Learning/src/coordination/server/aggregation.py - check_database - 79 : Checking if done training (max round hit)
2025-02-25 20:52:37,448 - server - /home/marcuswrrn/Projects/Federated-Learning/src/coordination/server/aggregation.py - check_database - 80 : current round: 13, current + 1 : 14. max : 20
2025-02-25 20:52:37,490 - server - /home/marcuswrrn/Projects/Federated-Learning/src/coordination/server/aggregation.py - check_database - 90 : Starting training round 14
2025-02-25 20:52:39,901 - server - /home/marcuswrrn/Projects/Federated-Learning/src/coordination/server/server.py - get_model - 18 : Getting model to /home/marcuswrrn/Projects/Federated-Learning/src/coordination/instance/super_round_5/training_round_14/03ef14d58467851c4f51601f9c26ef37.pth
2025-02-25 20:52:42,921 - server - /home/marcuswrrn/Projects/Federated-Learning/src/coordination/server/server.py - get_model - 18 : Getting model to /home/marcuswrrn/Projects/Federated-Learning/src/coordination/instance/super_round_5/training_round_14/03ef14d58467851c4f51601f9c26ef37.pth
2025-02-25 20:52:59,642 - server - /home/marcuswrrn/Projects/Federated-Learning/src/coordination/server/__init__.py - create_app - 25 : Starting up server
2025-02-25 20:52:59,642 - server - /home/marcuswrrn/Projects/Federated-Learning/src/coordination/server/__init__.py - create_app - 31 : Database path : /home/marcuswrrn/Projects/Federated-Learning/src/coordination/instance/db.sqlite
2025-02-25 20:52:59,645 - server - /home/marcuswrrn/Projects/Federated-Learning/src/coordination/server/__init__.py - create_app - 47 : Map([<Rule '/static/<filename>' (HEAD, GET, OPTIONS) -> static>,
 <Rule '/training/get_model/<model_id>' (HEAD, GET, OPTIONS) -> training.get_model>,
 <Rule '/training/upload-model' (POST, OPTIONS) -> training.upload_model>,
 <Rule '/training/display_models' (HEAD, GET, OPTIONS) -> training.display>,
 <Rule '/training/ping' (POST, OPTIONS) -> training.ping_server>,
 <Rule '/training/initialize' (POST, OPTIONS) -> training.init_training>,
 <Rule '/training/shutdown' (POST, OPTIONS) -> training.shutdown>,
 <Rule '/training/connect_test' (HEAD, POST, GET, OPTIONS) -> training.connected>,
 <Rule '/view/models/<super_round>' (HEAD, GET, OPTIONS) -> view.models>,
 <Rule '/view/current_round' (HEAD, GET, OPTIONS) -> view.current_round>,
 <Rule '/view/' (HEAD, GET, OPTIONS) -> view.home>])
2025-02-25 20:52:59,646 - server - /home/marcuswrrn/Projects/Federated-Learning/src/coordination/server/aggregation.py - check_database - 11 : Starting database check
2025-02-25 20:52:59,648 - server - /home/marcuswrrn/Projects/Federated-Learning/src/coordination/server/aggregation.py - check_database - 19 : Training round : 14
2025-02-25 20:53:00,791 - server - /home/marcuswrrn/Projects/Federated-Learning/src/coordination/server/server.py - upload_model - 35 : Received client model from : e88b64033808ca1ab245e9e65a773fbb
2025-02-25 20:53:01,973 - server - /home/marcuswrrn/Projects/Federated-Learning/.venv/lib/python3.10/site-packages/flask/app.py - log_exception - 875 : Exception on /view/current_round [GET]
Traceback (most recent call last):
  File "/home/marcuswrrn/Projects/Federated-Learning/.venv/lib/python3.10/site-packages/flask/app.py", line 1511, in wsgi_app
    response = self.full_dispatch_request()
  File "/home/marcuswrrn/Projects/Federated-Learning/.venv/lib/python3.10/site-packages/flask/app.py", line 919, in full_dispatch_request
    rv = self.handle_user_exception(e)
  File "/home/marcuswrrn/Projects/Federated-Learning/.venv/lib/python3.10/site-packages/flask/app.py", line 917, in full_dispatch_request
    rv = self.dispatch_request()
  File "/home/marcuswrrn/Projects/Federated-Learning/.venv/lib/python3.10/site-packages/flask/app.py", line 902, in dispatch_request
    return self.ensure_sync(self.view_functions[rule.endpoint])(**view_args)  # type: ignore[no-any-return]
  File "/home/marcuswrrn/Projects/Federated-Learning/src/coordination/server/views.py", line 22, in current_round
    model_accs = db.get_model_accuracies_by_super_round(round.super_round_id)
  File "/home/marcuswrrn/Projects/Federated-Learning/src/coordination/server/database_orm.py", line 364, in get_model_accuracies_by_super_round
    self.cursor.execute("""
ValueError: parameters are of unsupported type
2025-02-25 20:53:03,293 - server - /home/marcuswrrn/Projects/Federated-Learning/src/coordination/server/server.py - get_model - 18 : Getting model to /home/marcuswrrn/Projects/Federated-Learning/src/coordination/instance/super_round_5/training_round_14/03ef14d58467851c4f51601f9c26ef37.pth
2025-02-25 20:53:06,358 - server - /home/marcuswrrn/Projects/Federated-Learning/.venv/lib/python3.10/site-packages/flask/app.py - log_exception - 875 : Exception on /view/current_round [GET]
Traceback (most recent call last):
  File "/home/marcuswrrn/Projects/Federated-Learning/.venv/lib/python3.10/site-packages/flask/app.py", line 1511, in wsgi_app
    response = self.full_dispatch_request()
  File "/home/marcuswrrn/Projects/Federated-Learning/.venv/lib/python3.10/site-packages/flask/app.py", line 919, in full_dispatch_request
    rv = self.handle_user_exception(e)
  File "/home/marcuswrrn/Projects/Federated-Learning/.venv/lib/python3.10/site-packages/flask/app.py", line 917, in full_dispatch_request
    rv = self.dispatch_request()
  File "/home/marcuswrrn/Projects/Federated-Learning/.venv/lib/python3.10/site-packages/flask/app.py", line 902, in dispatch_request
    return self.ensure_sync(self.view_functions[rule.endpoint])(**view_args)  # type: ignore[no-any-return]
  File "/home/marcuswrrn/Projects/Federated-Learning/src/coordination/server/views.py", line 22, in current_round
    model_accs = db.get_model_accuracies_by_super_round(round.super_round_id)
  File "/home/marcuswrrn/Projects/Federated-Learning/src/coordination/server/database_orm.py", line 364, in get_model_accuracies_by_super_round
    self.cursor.execute("""
ValueError: parameters are of unsupported type
2025-02-25 20:53:06,683 - server - /home/marcuswrrn/Projects/Federated-Learning/src/coordination/server/server.py - upload_model - 35 : Received client model from : 5ff05c8410451f90560ba27c614d22f1
2025-02-25 20:53:06,975 - server - /home/marcuswrrn/Projects/Federated-Learning/.venv/lib/python3.10/site-packages/flask/app.py - log_exception - 875 : Exception on /view/current_round [GET]
Traceback (most recent call last):
  File "/home/marcuswrrn/Projects/Federated-Learning/.venv/lib/python3.10/site-packages/flask/app.py", line 1511, in wsgi_app
    response = self.full_dispatch_request()
  File "/home/marcuswrrn/Projects/Federated-Learning/.venv/lib/python3.10/site-packages/flask/app.py", line 919, in full_dispatch_request
    rv = self.handle_user_exception(e)
  File "/home/marcuswrrn/Projects/Federated-Learning/.venv/lib/python3.10/site-packages/flask/app.py", line 917, in full_dispatch_request
    rv = self.dispatch_request()
  File "/home/marcuswrrn/Projects/Federated-Learning/.venv/lib/python3.10/site-packages/flask/app.py", line 902, in dispatch_request
    return self.ensure_sync(self.view_functions[rule.endpoint])(**view_args)  # type: ignore[no-any-return]
  File "/home/marcuswrrn/Projects/Federated-Learning/src/coordination/server/views.py", line 22, in current_round
    model_accs = db.get_model_accuracies_by_super_round(round.super_round_id)
  File "/home/marcuswrrn/Projects/Federated-Learning/src/coordination/server/database_orm.py", line 364, in get_model_accuracies_by_super_round
    self.cursor.execute("""
ValueError: parameters are of unsupported type
2025-02-25 20:53:11,971 - server - /home/marcuswrrn/Projects/Federated-Learning/.venv/lib/python3.10/site-packages/flask/app.py - log_exception - 875 : Exception on /view/current_round [GET]
Traceback (most recent call last):
  File "/home/marcuswrrn/Projects/Federated-Learning/.venv/lib/python3.10/site-packages/flask/app.py", line 1511, in wsgi_app
    response = self.full_dispatch_request()
  File "/home/marcuswrrn/Projects/Federated-Learning/.venv/lib/python3.10/site-packages/flask/app.py", line 919, in full_dispatch_request
    rv = self.handle_user_exception(e)
  File "/home/marcuswrrn/Projects/Federated-Learning/.venv/lib/python3.10/site-packages/flask/app.py", line 917, in full_dispatch_request
    rv = self.dispatch_request()
  File "/home/marcuswrrn/Projects/Federated-Learning/.venv/lib/python3.10/site-packages/flask/app.py", line 902, in dispatch_request
    return self.ensure_sync(self.view_functions[rule.endpoint])(**view_args)  # type: ignore[no-any-return]
  File "/home/marcuswrrn/Projects/Federated-Learning/src/coordination/server/views.py", line 22, in current_round
    model_accs = db.get_model_accuracies_by_super_round(round.super_round_id)
  File "/home/marcuswrrn/Projects/Federated-Learning/src/coordination/server/database_orm.py", line 364, in get_model_accuracies_by_super_round
    self.cursor.execute("""
ValueError: parameters are of unsupported type
2025-02-25 20:53:16,986 - server - /home/marcuswrrn/Projects/Federated-Learning/.venv/lib/python3.10/site-packages/flask/app.py - log_exception - 875 : Exception on /view/current_round [GET]
Traceback (most recent call last):
  File "/home/marcuswrrn/Projects/Federated-Learning/.venv/lib/python3.10/site-packages/flask/app.py", line 1511, in wsgi_app
    response = self.full_dispatch_request()
  File "/home/marcuswrrn/Projects/Federated-Learning/.venv/lib/python3.10/site-packages/flask/app.py", line 919, in full_dispatch_request
    rv = self.handle_user_exception(e)
  File "/home/marcuswrrn/Projects/Federated-Learning/.venv/lib/python3.10/site-packages/flask/app.py", line 917, in full_dispatch_request
    rv = self.dispatch_request()
  File "/home/marcuswrrn/Projects/Federated-Learning/.venv/lib/python3.10/site-packages/flask/app.py", line 902, in dispatch_request
    return self.ensure_sync(self.view_functions[rule.endpoint])(**view_args)  # type: ignore[no-any-return]
  File "/home/marcuswrrn/Projects/Federated-Learning/src/coordination/server/views.py", line 22, in current_round
    model_accs = db.get_model_accuracies_by_super_round(round.super_round_id)
  File "/home/marcuswrrn/Projects/Federated-Learning/src/coordination/server/database_orm.py", line 364, in get_model_accuracies_by_super_round
    self.cursor.execute("""
ValueError: parameters are of unsupported type
2025-02-25 20:53:18,491 - server - /home/marcuswrrn/Projects/Federated-Learning/src/coordination/server/server.py - upload_model - 35 : Received client model from : 3e650d3bda9f3da6546272b60f552360
2025-02-25 20:53:21,973 - server - /home/marcuswrrn/Projects/Federated-Learning/.venv/lib/python3.10/site-packages/flask/app.py - log_exception - 875 : Exception on /view/current_round [GET]
Traceback (most recent call last):
  File "/home/marcuswrrn/Projects/Federated-Learning/.venv/lib/python3.10/site-packages/flask/app.py", line 1511, in wsgi_app
    response = self.full_dispatch_request()
  File "/home/marcuswrrn/Projects/Federated-Learning/.venv/lib/python3.10/site-packages/flask/app.py", line 919, in full_dispatch_request
    rv = self.handle_user_exception(e)
  File "/home/marcuswrrn/Projects/Federated-Learning/.venv/lib/python3.10/site-packages/flask/app.py", line 917, in full_dispatch_request
    rv = self.dispatch_request()
  File "/home/marcuswrrn/Projects/Federated-Learning/.venv/lib/python3.10/site-packages/flask/app.py", line 902, in dispatch_request
    return self.ensure_sync(self.view_functions[rule.endpoint])(**view_args)  # type: ignore[no-any-return]
  File "/home/marcuswrrn/Projects/Federated-Learning/src/coordination/server/views.py", line 22, in current_round
    model_accs = db.get_model_accuracies_by_super_round(round.super_round_id)
  File "/home/marcuswrrn/Projects/Federated-Learning/src/coordination/server/database_orm.py", line 364, in get_model_accuracies_by_super_round
    self.cursor.execute("""
ValueError: parameters are of unsupported type
2025-02-25 20:53:27,016 - server - /home/marcuswrrn/Projects/Federated-Learning/.venv/lib/python3.10/site-packages/flask/app.py - log_exception - 875 : Exception on /view/current_round [GET]
Traceback (most recent call last):
  File "/home/marcuswrrn/Projects/Federated-Learning/.venv/lib/python3.10/site-packages/flask/app.py", line 1511, in wsgi_app
    response = self.full_dispatch_request()
  File "/home/marcuswrrn/Projects/Federated-Learning/.venv/lib/python3.10/site-packages/flask/app.py", line 919, in full_dispatch_request
    rv = self.handle_user_exception(e)
  File "/home/marcuswrrn/Projects/Federated-Learning/.venv/lib/python3.10/site-packages/flask/app.py", line 917, in full_dispatch_request
    rv = self.dispatch_request()
  File "/home/marcuswrrn/Projects/Federated-Learning/.venv/lib/python3.10/site-packages/flask/app.py", line 902, in dispatch_request
    return self.ensure_sync(self.view_functions[rule.endpoint])(**view_args)  # type: ignore[no-any-return]
  File "/home/marcuswrrn/Projects/Federated-Learning/src/coordination/server/views.py", line 22, in current_round
    model_accs = db.get_model_accuracies_by_super_round(round.super_round_id)
  File "/home/marcuswrrn/Projects/Federated-Learning/src/coordination/server/database_orm.py", line 364, in get_model_accuracies_by_super_round
    self.cursor.execute("""
ValueError: parameters are of unsupported type
2025-02-25 20:53:29,660 - server - /home/marcuswrrn/Projects/Federated-Learning/src/coordination/server/aggregation.py - check_database - 19 : Training round : 14
2025-02-25 20:53:29,660 - server - /home/marcuswrrn/Projects/Federated-Learning/src/coordination/server/aggregation.py - check_database - 30 : Aggregating
2025-02-25 20:53:29,740 - server - /home/marcuswrrn/Projects/Federated-Learning/src/coordination/server/aggregation.py - check_database - 44 : Loading Client ID : e88b64033808ca1ab245e9e65a773fbb . Loading file /home/marcuswrrn/Projects/Federated-Learning/src/coordination/instance/super_round_5/training_round_14/client_models/e88b64033808ca1ab245e9e65a773fbb.pth
2025-02-25 20:53:29,819 - server - /home/marcuswrrn/Projects/Federated-Learning/src/coordination/server/aggregation.py - check_database - 44 : Loading Client ID : 5ff05c8410451f90560ba27c614d22f1 . Loading file /home/marcuswrrn/Projects/Federated-Learning/src/coordination/instance/super_round_5/training_round_14/client_models/5ff05c8410451f90560ba27c614d22f1.pth
2025-02-25 20:53:29,883 - server - /home/marcuswrrn/Projects/Federated-Learning/src/coordination/server/aggregation.py - check_database - 44 : Loading Client ID : 3e650d3bda9f3da6546272b60f552360 . Loading file /home/marcuswrrn/Projects/Federated-Learning/src/coordination/instance/super_round_5/training_round_14/client_models/3e650d3bda9f3da6546272b60f552360.pth
2025-02-25 20:53:30,013 - server - /home/marcuswrrn/Projects/Federated-Learning/src/coordination/server/validation.py - validation - 41 : Running validation ...
2025-02-25 20:53:32,017 - server - /home/marcuswrrn/Projects/Federated-Learning/.venv/lib/python3.10/site-packages/flask/app.py - log_exception - 875 : Exception on /view/current_round [GET]
Traceback (most recent call last):
  File "/home/marcuswrrn/Projects/Federated-Learning/.venv/lib/python3.10/site-packages/flask/app.py", line 1511, in wsgi_app
    response = self.full_dispatch_request()
  File "/home/marcuswrrn/Projects/Federated-Learning/.venv/lib/python3.10/site-packages/flask/app.py", line 919, in full_dispatch_request
    rv = self.handle_user_exception(e)
  File "/home/marcuswrrn/Projects/Federated-Learning/.venv/lib/python3.10/site-packages/flask/app.py", line 917, in full_dispatch_request
    rv = self.dispatch_request()
  File "/home/marcuswrrn/Projects/Federated-Learning/.venv/lib/python3.10/site-packages/flask/app.py", line 902, in dispatch_request
    return self.ensure_sync(self.view_functions[rule.endpoint])(**view_args)  # type: ignore[no-any-return]
  File "/home/marcuswrrn/Projects/Federated-Learning/src/coordination/server/views.py", line 22, in current_round
    model_accs = db.get_model_accuracies_by_super_round(round.super_round_id)
  File "/home/marcuswrrn/Projects/Federated-Learning/src/coordination/server/database_orm.py", line 364, in get_model_accuracies_by_super_round
    self.cursor.execute("""
ValueError: parameters are of unsupported type
2025-02-25 20:53:37,018 - server - /home/marcuswrrn/Projects/Federated-Learning/.venv/lib/python3.10/site-packages/flask/app.py - log_exception - 875 : Exception on /view/current_round [GET]
Traceback (most recent call last):
  File "/home/marcuswrrn/Projects/Federated-Learning/.venv/lib/python3.10/site-packages/flask/app.py", line 1511, in wsgi_app
    response = self.full_dispatch_request()
  File "/home/marcuswrrn/Projects/Federated-Learning/.venv/lib/python3.10/site-packages/flask/app.py", line 919, in full_dispatch_request
    rv = self.handle_user_exception(e)
  File "/home/marcuswrrn/Projects/Federated-Learning/.venv/lib/python3.10/site-packages/flask/app.py", line 917, in full_dispatch_request
    rv = self.dispatch_request()
  File "/home/marcuswrrn/Projects/Federated-Learning/.venv/lib/python3.10/site-packages/flask/app.py", line 902, in dispatch_request
    return self.ensure_sync(self.view_functions[rule.endpoint])(**view_args)  # type: ignore[no-any-return]
  File "/home/marcuswrrn/Projects/Federated-Learning/src/coordination/server/views.py", line 22, in current_round
    model_accs = db.get_model_accuracies_by_super_round(round.super_round_id)
  File "/home/marcuswrrn/Projects/Federated-Learning/src/coordination/server/database_orm.py", line 364, in get_model_accuracies_by_super_round
    self.cursor.execute("""
ValueError: parameters are of unsupported type
2025-02-25 20:53:40,533 - server - /home/marcuswrrn/Projects/Federated-Learning/src/coordination/server/validation.py - validation - 97 : Accuracy: 0.8703766542246352,
2025-02-25 20:53:40,533 - server - /home/marcuswrrn/Projects/Federated-Learning/src/coordination/server/validation.py - validation - 108 : Micro Recall 0.8703766542246352, Macro Recall 0.8807195998527008, Weighted Recall 0.8789576010946695

2025-02-25 20:53:40,533 - server - /home/marcuswrrn/Projects/Federated-Learning/src/coordination/server/validation.py - validation - 116 : Micro Precision 0.8703766542246352, Macro Precision 0.8671463549970255, Weighted Precision 0.8791565210360043

2025-02-25 20:53:40,533 - server - /home/marcuswrrn/Projects/Federated-Learning/src/coordination/server/validation.py - validation - 123 : F1 Precision 0.8703766542246351, F1 Precision 0.8693699521047286, F1 Precision 0.8663504905145483

2025-02-25 20:53:40,533 - server - /home/marcuswrrn/Projects/Federated-Learning/src/coordination/server/validation.py - validation - 131 : AUC Precision 0.0, AUC Precision 0.0, AUC Precision 0.0

2025-02-25 20:53:40,556 - server - /home/marcuswrrn/Projects/Federated-Learning/src/coordination/server/aggregation.py - check_database - 79 : Checking if done training (max round hit)
2025-02-25 20:53:40,557 - server - /home/marcuswrrn/Projects/Federated-Learning/src/coordination/server/aggregation.py - check_database - 80 : current round: 14, current + 1 : 15. max : 20
2025-02-25 20:53:40,604 - server - /home/marcuswrrn/Projects/Federated-Learning/src/coordination/server/aggregation.py - check_database - 90 : Starting training round 15
2025-02-25 20:53:42,018 - server - /home/marcuswrrn/Projects/Federated-Learning/.venv/lib/python3.10/site-packages/flask/app.py - log_exception - 875 : Exception on /view/current_round [GET]
Traceback (most recent call last):
  File "/home/marcuswrrn/Projects/Federated-Learning/.venv/lib/python3.10/site-packages/flask/app.py", line 1511, in wsgi_app
    response = self.full_dispatch_request()
  File "/home/marcuswrrn/Projects/Federated-Learning/.venv/lib/python3.10/site-packages/flask/app.py", line 919, in full_dispatch_request
    rv = self.handle_user_exception(e)
  File "/home/marcuswrrn/Projects/Federated-Learning/.venv/lib/python3.10/site-packages/flask/app.py", line 917, in full_dispatch_request
    rv = self.dispatch_request()
  File "/home/marcuswrrn/Projects/Federated-Learning/.venv/lib/python3.10/site-packages/flask/app.py", line 902, in dispatch_request
    return self.ensure_sync(self.view_functions[rule.endpoint])(**view_args)  # type: ignore[no-any-return]
  File "/home/marcuswrrn/Projects/Federated-Learning/src/coordination/server/views.py", line 22, in current_round
    model_accs = db.get_model_accuracies_by_super_round(round.super_round_id)
  File "/home/marcuswrrn/Projects/Federated-Learning/src/coordination/server/database_orm.py", line 364, in get_model_accuracies_by_super_round
    self.cursor.execute("""
ValueError: parameters are of unsupported type
2025-02-25 20:53:47,018 - server - /home/marcuswrrn/Projects/Federated-Learning/.venv/lib/python3.10/site-packages/flask/app.py - log_exception - 875 : Exception on /view/current_round [GET]
Traceback (most recent call last):
  File "/home/marcuswrrn/Projects/Federated-Learning/.venv/lib/python3.10/site-packages/flask/app.py", line 1511, in wsgi_app
    response = self.full_dispatch_request()
  File "/home/marcuswrrn/Projects/Federated-Learning/.venv/lib/python3.10/site-packages/flask/app.py", line 919, in full_dispatch_request
    rv = self.handle_user_exception(e)
  File "/home/marcuswrrn/Projects/Federated-Learning/.venv/lib/python3.10/site-packages/flask/app.py", line 917, in full_dispatch_request
    rv = self.dispatch_request()
  File "/home/marcuswrrn/Projects/Federated-Learning/.venv/lib/python3.10/site-packages/flask/app.py", line 902, in dispatch_request
    return self.ensure_sync(self.view_functions[rule.endpoint])(**view_args)  # type: ignore[no-any-return]
  File "/home/marcuswrrn/Projects/Federated-Learning/src/coordination/server/views.py", line 22, in current_round
    model_accs = db.get_model_accuracies_by_super_round(round.super_round_id)
  File "/home/marcuswrrn/Projects/Federated-Learning/src/coordination/server/database_orm.py", line 364, in get_model_accuracies_by_super_round
    self.cursor.execute("""
ValueError: parameters are of unsupported type
2025-02-25 20:53:48,561 - server - /home/marcuswrrn/Projects/Federated-Learning/src/coordination/server/server.py - get_model - 18 : Getting model to /home/marcuswrrn/Projects/Federated-Learning/src/coordination/instance/super_round_5/training_round_15/53662f33a11ce894130d53d852aedfb5.pth
2025-02-25 20:53:52,028 - server - /home/marcuswrrn/Projects/Federated-Learning/.venv/lib/python3.10/site-packages/flask/app.py - log_exception - 875 : Exception on /view/current_round [GET]
Traceback (most recent call last):
  File "/home/marcuswrrn/Projects/Federated-Learning/.venv/lib/python3.10/site-packages/flask/app.py", line 1511, in wsgi_app
    response = self.full_dispatch_request()
  File "/home/marcuswrrn/Projects/Federated-Learning/.venv/lib/python3.10/site-packages/flask/app.py", line 919, in full_dispatch_request
    rv = self.handle_user_exception(e)
  File "/home/marcuswrrn/Projects/Federated-Learning/.venv/lib/python3.10/site-packages/flask/app.py", line 917, in full_dispatch_request
    rv = self.dispatch_request()
  File "/home/marcuswrrn/Projects/Federated-Learning/.venv/lib/python3.10/site-packages/flask/app.py", line 902, in dispatch_request
    return self.ensure_sync(self.view_functions[rule.endpoint])(**view_args)  # type: ignore[no-any-return]
  File "/home/marcuswrrn/Projects/Federated-Learning/src/coordination/server/views.py", line 22, in current_round
    model_accs = db.get_model_accuracies_by_super_round(round.super_round_id)
  File "/home/marcuswrrn/Projects/Federated-Learning/src/coordination/server/database_orm.py", line 364, in get_model_accuracies_by_super_round
    self.cursor.execute("""
ValueError: parameters are of unsupported type
2025-02-25 20:53:57,042 - server - /home/marcuswrrn/Projects/Federated-Learning/.venv/lib/python3.10/site-packages/flask/app.py - log_exception - 875 : Exception on /view/current_round [GET]
Traceback (most recent call last):
  File "/home/marcuswrrn/Projects/Federated-Learning/.venv/lib/python3.10/site-packages/flask/app.py", line 1511, in wsgi_app
    response = self.full_dispatch_request()
  File "/home/marcuswrrn/Projects/Federated-Learning/.venv/lib/python3.10/site-packages/flask/app.py", line 919, in full_dispatch_request
    rv = self.handle_user_exception(e)
  File "/home/marcuswrrn/Projects/Federated-Learning/.venv/lib/python3.10/site-packages/flask/app.py", line 917, in full_dispatch_request
    rv = self.dispatch_request()
  File "/home/marcuswrrn/Projects/Federated-Learning/.venv/lib/python3.10/site-packages/flask/app.py", line 902, in dispatch_request
    return self.ensure_sync(self.view_functions[rule.endpoint])(**view_args)  # type: ignore[no-any-return]
  File "/home/marcuswrrn/Projects/Federated-Learning/src/coordination/server/views.py", line 22, in current_round
    model_accs = db.get_model_accuracies_by_super_round(round.super_round_id)
  File "/home/marcuswrrn/Projects/Federated-Learning/src/coordination/server/database_orm.py", line 364, in get_model_accuracies_by_super_round
    self.cursor.execute("""
ValueError: parameters are of unsupported type
2025-02-25 20:54:02,096 - server - /home/marcuswrrn/Projects/Federated-Learning/src/coordination/server/__init__.py - create_app - 25 : Starting up server
2025-02-25 20:54:02,096 - server - /home/marcuswrrn/Projects/Federated-Learning/src/coordination/server/__init__.py - create_app - 31 : Database path : /home/marcuswrrn/Projects/Federated-Learning/src/coordination/instance/db.sqlite
2025-02-25 20:54:02,099 - server - /home/marcuswrrn/Projects/Federated-Learning/src/coordination/server/__init__.py - create_app - 47 : Map([<Rule '/static/<filename>' (HEAD, OPTIONS, GET) -> static>,
 <Rule '/training/get_model/<model_id>' (HEAD, OPTIONS, GET) -> training.get_model>,
 <Rule '/training/upload-model' (OPTIONS, POST) -> training.upload_model>,
 <Rule '/training/display_models' (HEAD, OPTIONS, GET) -> training.display>,
 <Rule '/training/ping' (OPTIONS, POST) -> training.ping_server>,
 <Rule '/training/initialize' (OPTIONS, POST) -> training.init_training>,
 <Rule '/training/shutdown' (OPTIONS, POST) -> training.shutdown>,
 <Rule '/training/connect_test' (HEAD, OPTIONS, GET, POST) -> training.connected>,
 <Rule '/view/models/<super_round>' (HEAD, OPTIONS, GET) -> view.models>,
 <Rule '/view/current_round' (HEAD, OPTIONS, GET) -> view.current_round>,
 <Rule '/view/' (HEAD, OPTIONS, GET) -> view.home>])
2025-02-25 20:54:02,100 - server - /home/marcuswrrn/Projects/Federated-Learning/src/coordination/server/aggregation.py - check_database - 11 : Starting database check
2025-02-25 20:54:02,102 - server - /home/marcuswrrn/Projects/Federated-Learning/src/coordination/server/aggregation.py - check_database - 19 : Training round : 15
2025-02-25 20:54:06,799 - server - /home/marcuswrrn/Projects/Federated-Learning/src/coordination/server/server.py - get_model - 18 : Getting model to /home/marcuswrrn/Projects/Federated-Learning/src/coordination/instance/super_round_5/training_round_15/53662f33a11ce894130d53d852aedfb5.pth
2025-02-25 20:54:07,044 - server - /home/marcuswrrn/Projects/Federated-Learning/.venv/lib/python3.10/site-packages/flask/app.py - log_exception - 875 : Exception on /view/current_round [GET]
Traceback (most recent call last):
  File "/home/marcuswrrn/Projects/Federated-Learning/.venv/lib/python3.10/site-packages/flask/app.py", line 1511, in wsgi_app
    response = self.full_dispatch_request()
  File "/home/marcuswrrn/Projects/Federated-Learning/.venv/lib/python3.10/site-packages/flask/app.py", line 919, in full_dispatch_request
    rv = self.handle_user_exception(e)
  File "/home/marcuswrrn/Projects/Federated-Learning/.venv/lib/python3.10/site-packages/flask/app.py", line 917, in full_dispatch_request
    rv = self.dispatch_request()
  File "/home/marcuswrrn/Projects/Federated-Learning/.venv/lib/python3.10/site-packages/flask/app.py", line 902, in dispatch_request
    return self.ensure_sync(self.view_functions[rule.endpoint])(**view_args)  # type: ignore[no-any-return]
  File "/home/marcuswrrn/Projects/Federated-Learning/src/coordination/server/views.py", line 22, in current_round
    model_accs = db.get_model_accuracies_by_super_round(round.super_round_id)
  File "/home/marcuswrrn/Projects/Federated-Learning/src/coordination/server/database_orm.py", line 364, in get_model_accuracies_by_super_round
    self.cursor.execute("""
ValueError: parameters are of unsupported type
2025-02-25 20:54:08,647 - server - /home/marcuswrrn/Projects/Federated-Learning/.venv/lib/python3.10/site-packages/flask/app.py - log_exception - 875 : Exception on /view/current_round [GET]
Traceback (most recent call last):
  File "/home/marcuswrrn/Projects/Federated-Learning/.venv/lib/python3.10/site-packages/flask/app.py", line 1511, in wsgi_app
    response = self.full_dispatch_request()
  File "/home/marcuswrrn/Projects/Federated-Learning/.venv/lib/python3.10/site-packages/flask/app.py", line 919, in full_dispatch_request
    rv = self.handle_user_exception(e)
  File "/home/marcuswrrn/Projects/Federated-Learning/.venv/lib/python3.10/site-packages/flask/app.py", line 917, in full_dispatch_request
    rv = self.dispatch_request()
  File "/home/marcuswrrn/Projects/Federated-Learning/.venv/lib/python3.10/site-packages/flask/app.py", line 902, in dispatch_request
    return self.ensure_sync(self.view_functions[rule.endpoint])(**view_args)  # type: ignore[no-any-return]
  File "/home/marcuswrrn/Projects/Federated-Learning/src/coordination/server/views.py", line 22, in current_round
    model_accs = db.get_model_accuracies_by_super_round(round.super_round_id)
  File "/home/marcuswrrn/Projects/Federated-Learning/src/coordination/server/database_orm.py", line 364, in get_model_accuracies_by_super_round
    self.cursor.execute("""
ValueError: parameters are of unsupported type
2025-02-25 20:54:12,054 - server - /home/marcuswrrn/Projects/Federated-Learning/.venv/lib/python3.10/site-packages/flask/app.py - log_exception - 875 : Exception on /view/current_round [GET]
Traceback (most recent call last):
  File "/home/marcuswrrn/Projects/Federated-Learning/.venv/lib/python3.10/site-packages/flask/app.py", line 1511, in wsgi_app
    response = self.full_dispatch_request()
  File "/home/marcuswrrn/Projects/Federated-Learning/.venv/lib/python3.10/site-packages/flask/app.py", line 919, in full_dispatch_request
    rv = self.handle_user_exception(e)
  File "/home/marcuswrrn/Projects/Federated-Learning/.venv/lib/python3.10/site-packages/flask/app.py", line 917, in full_dispatch_request
    rv = self.dispatch_request()
  File "/home/marcuswrrn/Projects/Federated-Learning/.venv/lib/python3.10/site-packages/flask/app.py", line 902, in dispatch_request
    return self.ensure_sync(self.view_functions[rule.endpoint])(**view_args)  # type: ignore[no-any-return]
  File "/home/marcuswrrn/Projects/Federated-Learning/src/coordination/server/views.py", line 22, in current_round
    model_accs = db.get_model_accuracies_by_super_round(round.super_round_id)
  File "/home/marcuswrrn/Projects/Federated-Learning/src/coordination/server/database_orm.py", line 364, in get_model_accuracies_by_super_round
    self.cursor.execute("""
ValueError: parameters are of unsupported type
2025-02-25 20:54:17,043 - server - /home/marcuswrrn/Projects/Federated-Learning/.venv/lib/python3.10/site-packages/flask/app.py - log_exception - 875 : Exception on /view/current_round [GET]
Traceback (most recent call last):
  File "/home/marcuswrrn/Projects/Federated-Learning/.venv/lib/python3.10/site-packages/flask/app.py", line 1511, in wsgi_app
    response = self.full_dispatch_request()
  File "/home/marcuswrrn/Projects/Federated-Learning/.venv/lib/python3.10/site-packages/flask/app.py", line 919, in full_dispatch_request
    rv = self.handle_user_exception(e)
  File "/home/marcuswrrn/Projects/Federated-Learning/.venv/lib/python3.10/site-packages/flask/app.py", line 917, in full_dispatch_request
    rv = self.dispatch_request()
  File "/home/marcuswrrn/Projects/Federated-Learning/.venv/lib/python3.10/site-packages/flask/app.py", line 902, in dispatch_request
    return self.ensure_sync(self.view_functions[rule.endpoint])(**view_args)  # type: ignore[no-any-return]
  File "/home/marcuswrrn/Projects/Federated-Learning/src/coordination/server/views.py", line 22, in current_round
    model_accs = db.get_model_accuracies_by_super_round(round.super_round_id)
  File "/home/marcuswrrn/Projects/Federated-Learning/src/coordination/server/database_orm.py", line 364, in get_model_accuracies_by_super_round
    self.cursor.execute("""
ValueError: parameters are of unsupported type
2025-02-25 20:54:22,040 - server - /home/marcuswrrn/Projects/Federated-Learning/.venv/lib/python3.10/site-packages/flask/app.py - log_exception - 875 : Exception on /view/current_round [GET]
Traceback (most recent call last):
  File "/home/marcuswrrn/Projects/Federated-Learning/.venv/lib/python3.10/site-packages/flask/app.py", line 1511, in wsgi_app
    response = self.full_dispatch_request()
  File "/home/marcuswrrn/Projects/Federated-Learning/.venv/lib/python3.10/site-packages/flask/app.py", line 919, in full_dispatch_request
    rv = self.handle_user_exception(e)
  File "/home/marcuswrrn/Projects/Federated-Learning/.venv/lib/python3.10/site-packages/flask/app.py", line 917, in full_dispatch_request
    rv = self.dispatch_request()
  File "/home/marcuswrrn/Projects/Federated-Learning/.venv/lib/python3.10/site-packages/flask/app.py", line 902, in dispatch_request
    return self.ensure_sync(self.view_functions[rule.endpoint])(**view_args)  # type: ignore[no-any-return]
  File "/home/marcuswrrn/Projects/Federated-Learning/src/coordination/server/views.py", line 22, in current_round
    model_accs = db.get_model_accuracies_by_super_round(round.super_round_id)
  File "/home/marcuswrrn/Projects/Federated-Learning/src/coordination/server/database_orm.py", line 364, in get_model_accuracies_by_super_round
    self.cursor.execute("""
ValueError: parameters are of unsupported type
2025-02-25 20:54:27,062 - server - /home/marcuswrrn/Projects/Federated-Learning/.venv/lib/python3.10/site-packages/flask/app.py - log_exception - 875 : Exception on /view/current_round [GET]
Traceback (most recent call last):
  File "/home/marcuswrrn/Projects/Federated-Learning/.venv/lib/python3.10/site-packages/flask/app.py", line 1511, in wsgi_app
    response = self.full_dispatch_request()
  File "/home/marcuswrrn/Projects/Federated-Learning/.venv/lib/python3.10/site-packages/flask/app.py", line 919, in full_dispatch_request
    rv = self.handle_user_exception(e)
  File "/home/marcuswrrn/Projects/Federated-Learning/.venv/lib/python3.10/site-packages/flask/app.py", line 917, in full_dispatch_request
    rv = self.dispatch_request()
  File "/home/marcuswrrn/Projects/Federated-Learning/.venv/lib/python3.10/site-packages/flask/app.py", line 902, in dispatch_request
    return self.ensure_sync(self.view_functions[rule.endpoint])(**view_args)  # type: ignore[no-any-return]
  File "/home/marcuswrrn/Projects/Federated-Learning/src/coordination/server/views.py", line 22, in current_round
    model_accs = db.get_model_accuracies_by_super_round(round.super_round_id)
  File "/home/marcuswrrn/Projects/Federated-Learning/src/coordination/server/database_orm.py", line 364, in get_model_accuracies_by_super_round
    self.cursor.execute("""
ValueError: parameters are of unsupported type
2025-02-25 20:54:32,034 - server - /home/marcuswrrn/Projects/Federated-Learning/.venv/lib/python3.10/site-packages/flask/app.py - log_exception - 875 : Exception on /view/current_round [GET]
Traceback (most recent call last):
  File "/home/marcuswrrn/Projects/Federated-Learning/.venv/lib/python3.10/site-packages/flask/app.py", line 1511, in wsgi_app
    response = self.full_dispatch_request()
  File "/home/marcuswrrn/Projects/Federated-Learning/.venv/lib/python3.10/site-packages/flask/app.py", line 919, in full_dispatch_request
    rv = self.handle_user_exception(e)
  File "/home/marcuswrrn/Projects/Federated-Learning/.venv/lib/python3.10/site-packages/flask/app.py", line 917, in full_dispatch_request
    rv = self.dispatch_request()
  File "/home/marcuswrrn/Projects/Federated-Learning/.venv/lib/python3.10/site-packages/flask/app.py", line 902, in dispatch_request
    return self.ensure_sync(self.view_functions[rule.endpoint])(**view_args)  # type: ignore[no-any-return]
  File "/home/marcuswrrn/Projects/Federated-Learning/src/coordination/server/views.py", line 22, in current_round
    model_accs = db.get_model_accuracies_by_super_round(round.super_round_id)
  File "/home/marcuswrrn/Projects/Federated-Learning/src/coordination/server/database_orm.py", line 364, in get_model_accuracies_by_super_round
    self.cursor.execute("""
ValueError: parameters are of unsupported type
2025-02-25 20:54:32,042 - server - /home/marcuswrrn/Projects/Federated-Learning/.venv/lib/python3.10/site-packages/flask/app.py - log_exception - 875 : Exception on /view/current_round [GET]
Traceback (most recent call last):
  File "/home/marcuswrrn/Projects/Federated-Learning/.venv/lib/python3.10/site-packages/flask/app.py", line 1511, in wsgi_app
    response = self.full_dispatch_request()
  File "/home/marcuswrrn/Projects/Federated-Learning/.venv/lib/python3.10/site-packages/flask/app.py", line 919, in full_dispatch_request
    rv = self.handle_user_exception(e)
  File "/home/marcuswrrn/Projects/Federated-Learning/.venv/lib/python3.10/site-packages/flask/app.py", line 917, in full_dispatch_request
    rv = self.dispatch_request()
  File "/home/marcuswrrn/Projects/Federated-Learning/.venv/lib/python3.10/site-packages/flask/app.py", line 902, in dispatch_request
    return self.ensure_sync(self.view_functions[rule.endpoint])(**view_args)  # type: ignore[no-any-return]
  File "/home/marcuswrrn/Projects/Federated-Learning/src/coordination/server/views.py", line 22, in current_round
    model_accs = db.get_model_accuracies_by_super_round(round.super_round_id)
  File "/home/marcuswrrn/Projects/Federated-Learning/src/coordination/server/database_orm.py", line 364, in get_model_accuracies_by_super_round
    self.cursor.execute("""
ValueError: parameters are of unsupported type
2025-02-25 20:54:32,118 - server - /home/marcuswrrn/Projects/Federated-Learning/src/coordination/server/aggregation.py - check_database - 19 : Training round : 15
2025-02-25 20:54:37,055 - server - /home/marcuswrrn/Projects/Federated-Learning/.venv/lib/python3.10/site-packages/flask/app.py - log_exception - 875 : Exception on /view/current_round [GET]
Traceback (most recent call last):
  File "/home/marcuswrrn/Projects/Federated-Learning/.venv/lib/python3.10/site-packages/flask/app.py", line 1511, in wsgi_app
    response = self.full_dispatch_request()
  File "/home/marcuswrrn/Projects/Federated-Learning/.venv/lib/python3.10/site-packages/flask/app.py", line 919, in full_dispatch_request
    rv = self.handle_user_exception(e)
  File "/home/marcuswrrn/Projects/Federated-Learning/.venv/lib/python3.10/site-packages/flask/app.py", line 917, in full_dispatch_request
    rv = self.dispatch_request()
  File "/home/marcuswrrn/Projects/Federated-Learning/.venv/lib/python3.10/site-packages/flask/app.py", line 902, in dispatch_request
    return self.ensure_sync(self.view_functions[rule.endpoint])(**view_args)  # type: ignore[no-any-return]
  File "/home/marcuswrrn/Projects/Federated-Learning/src/coordination/server/views.py", line 22, in current_round
    model_accs = db.get_model_accuracies_by_super_round(round.super_round_id)
  File "/home/marcuswrrn/Projects/Federated-Learning/src/coordination/server/database_orm.py", line 364, in get_model_accuracies_by_super_round
    self.cursor.execute("""
ValueError: parameters are of unsupported type
2025-02-25 20:54:42,291 - server - /home/marcuswrrn/Projects/Federated-Learning/.venv/lib/python3.10/site-packages/flask/app.py - log_exception - 875 : Exception on /view/current_round [GET]
Traceback (most recent call last):
  File "/home/marcuswrrn/Projects/Federated-Learning/.venv/lib/python3.10/site-packages/flask/app.py", line 1511, in wsgi_app
    response = self.full_dispatch_request()
  File "/home/marcuswrrn/Projects/Federated-Learning/.venv/lib/python3.10/site-packages/flask/app.py", line 919, in full_dispatch_request
    rv = self.handle_user_exception(e)
  File "/home/marcuswrrn/Projects/Federated-Learning/.venv/lib/python3.10/site-packages/flask/app.py", line 917, in full_dispatch_request
    rv = self.dispatch_request()
  File "/home/marcuswrrn/Projects/Federated-Learning/.venv/lib/python3.10/site-packages/flask/app.py", line 902, in dispatch_request
    return self.ensure_sync(self.view_functions[rule.endpoint])(**view_args)  # type: ignore[no-any-return]
  File "/home/marcuswrrn/Projects/Federated-Learning/src/coordination/server/views.py", line 22, in current_round
    model_accs = db.get_model_accuracies_by_super_round(round.super_round_id)
  File "/home/marcuswrrn/Projects/Federated-Learning/src/coordination/server/database_orm.py", line 364, in get_model_accuracies_by_super_round
    self.cursor.execute("""
ValueError: parameters are of unsupported type
2025-02-25 20:54:47,044 - server - /home/marcuswrrn/Projects/Federated-Learning/.venv/lib/python3.10/site-packages/flask/app.py - log_exception - 875 : Exception on /view/current_round [GET]
Traceback (most recent call last):
  File "/home/marcuswrrn/Projects/Federated-Learning/.venv/lib/python3.10/site-packages/flask/app.py", line 1511, in wsgi_app
    response = self.full_dispatch_request()
  File "/home/marcuswrrn/Projects/Federated-Learning/.venv/lib/python3.10/site-packages/flask/app.py", line 919, in full_dispatch_request
    rv = self.handle_user_exception(e)
  File "/home/marcuswrrn/Projects/Federated-Learning/.venv/lib/python3.10/site-packages/flask/app.py", line 917, in full_dispatch_request
    rv = self.dispatch_request()
  File "/home/marcuswrrn/Projects/Federated-Learning/.venv/lib/python3.10/site-packages/flask/app.py", line 902, in dispatch_request
    return self.ensure_sync(self.view_functions[rule.endpoint])(**view_args)  # type: ignore[no-any-return]
  File "/home/marcuswrrn/Projects/Federated-Learning/src/coordination/server/views.py", line 22, in current_round
    model_accs = db.get_model_accuracies_by_super_round(round.super_round_id)
  File "/home/marcuswrrn/Projects/Federated-Learning/src/coordination/server/database_orm.py", line 364, in get_model_accuracies_by_super_round
    self.cursor.execute("""
ValueError: parameters are of unsupported type
2025-02-25 20:54:52,046 - server - /home/marcuswrrn/Projects/Federated-Learning/.venv/lib/python3.10/site-packages/flask/app.py - log_exception - 875 : Exception on /view/current_round [GET]
Traceback (most recent call last):
  File "/home/marcuswrrn/Projects/Federated-Learning/.venv/lib/python3.10/site-packages/flask/app.py", line 1511, in wsgi_app
    response = self.full_dispatch_request()
  File "/home/marcuswrrn/Projects/Federated-Learning/.venv/lib/python3.10/site-packages/flask/app.py", line 919, in full_dispatch_request
    rv = self.handle_user_exception(e)
  File "/home/marcuswrrn/Projects/Federated-Learning/.venv/lib/python3.10/site-packages/flask/app.py", line 917, in full_dispatch_request
    rv = self.dispatch_request()
  File "/home/marcuswrrn/Projects/Federated-Learning/.venv/lib/python3.10/site-packages/flask/app.py", line 902, in dispatch_request
    return self.ensure_sync(self.view_functions[rule.endpoint])(**view_args)  # type: ignore[no-any-return]
  File "/home/marcuswrrn/Projects/Federated-Learning/src/coordination/server/views.py", line 22, in current_round
    model_accs = db.get_model_accuracies_by_super_round(round.super_round_id)
  File "/home/marcuswrrn/Projects/Federated-Learning/src/coordination/server/database_orm.py", line 364, in get_model_accuracies_by_super_round
    self.cursor.execute("""
ValueError: parameters are of unsupported type
2025-02-25 20:54:57,067 - server - /home/marcuswrrn/Projects/Federated-Learning/.venv/lib/python3.10/site-packages/flask/app.py - log_exception - 875 : Exception on /view/current_round [GET]
Traceback (most recent call last):
  File "/home/marcuswrrn/Projects/Federated-Learning/.venv/lib/python3.10/site-packages/flask/app.py", line 1511, in wsgi_app
    response = self.full_dispatch_request()
  File "/home/marcuswrrn/Projects/Federated-Learning/.venv/lib/python3.10/site-packages/flask/app.py", line 919, in full_dispatch_request
    rv = self.handle_user_exception(e)
  File "/home/marcuswrrn/Projects/Federated-Learning/.venv/lib/python3.10/site-packages/flask/app.py", line 917, in full_dispatch_request
    rv = self.dispatch_request()
  File "/home/marcuswrrn/Projects/Federated-Learning/.venv/lib/python3.10/site-packages/flask/app.py", line 902, in dispatch_request
    return self.ensure_sync(self.view_functions[rule.endpoint])(**view_args)  # type: ignore[no-any-return]
  File "/home/marcuswrrn/Projects/Federated-Learning/src/coordination/server/views.py", line 22, in current_round
    model_accs = db.get_model_accuracies_by_super_round(round.super_round_id)
  File "/home/marcuswrrn/Projects/Federated-Learning/src/coordination/server/database_orm.py", line 364, in get_model_accuracies_by_super_round
    self.cursor.execute("""
ValueError: parameters are of unsupported type
2025-02-25 20:55:02,058 - server - /home/marcuswrrn/Projects/Federated-Learning/.venv/lib/python3.10/site-packages/flask/app.py - log_exception - 875 : Exception on /view/current_round [GET]
Traceback (most recent call last):
  File "/home/marcuswrrn/Projects/Federated-Learning/.venv/lib/python3.10/site-packages/flask/app.py", line 1511, in wsgi_app
    response = self.full_dispatch_request()
  File "/home/marcuswrrn/Projects/Federated-Learning/.venv/lib/python3.10/site-packages/flask/app.py", line 919, in full_dispatch_request
    rv = self.handle_user_exception(e)
  File "/home/marcuswrrn/Projects/Federated-Learning/.venv/lib/python3.10/site-packages/flask/app.py", line 917, in full_dispatch_request
    rv = self.dispatch_request()
  File "/home/marcuswrrn/Projects/Federated-Learning/.venv/lib/python3.10/site-packages/flask/app.py", line 902, in dispatch_request
    return self.ensure_sync(self.view_functions[rule.endpoint])(**view_args)  # type: ignore[no-any-return]
  File "/home/marcuswrrn/Projects/Federated-Learning/src/coordination/server/views.py", line 22, in current_round
    model_accs = db.get_model_accuracies_by_super_round(round.super_round_id)
  File "/home/marcuswrrn/Projects/Federated-Learning/src/coordination/server/database_orm.py", line 364, in get_model_accuracies_by_super_round
    self.cursor.execute("""
ValueError: parameters are of unsupported type
2025-02-25 20:55:02,150 - server - /home/marcuswrrn/Projects/Federated-Learning/src/coordination/server/aggregation.py - check_database - 19 : Training round : 15
2025-02-25 20:55:07,059 - server - /home/marcuswrrn/Projects/Federated-Learning/.venv/lib/python3.10/site-packages/flask/app.py - log_exception - 875 : Exception on /view/current_round [GET]
Traceback (most recent call last):
  File "/home/marcuswrrn/Projects/Federated-Learning/.venv/lib/python3.10/site-packages/flask/app.py", line 1511, in wsgi_app
    response = self.full_dispatch_request()
  File "/home/marcuswrrn/Projects/Federated-Learning/.venv/lib/python3.10/site-packages/flask/app.py", line 919, in full_dispatch_request
    rv = self.handle_user_exception(e)
  File "/home/marcuswrrn/Projects/Federated-Learning/.venv/lib/python3.10/site-packages/flask/app.py", line 917, in full_dispatch_request
    rv = self.dispatch_request()
  File "/home/marcuswrrn/Projects/Federated-Learning/.venv/lib/python3.10/site-packages/flask/app.py", line 902, in dispatch_request
    return self.ensure_sync(self.view_functions[rule.endpoint])(**view_args)  # type: ignore[no-any-return]
  File "/home/marcuswrrn/Projects/Federated-Learning/src/coordination/server/views.py", line 22, in current_round
    model_accs = db.get_model_accuracies_by_super_round(round.super_round_id)
  File "/home/marcuswrrn/Projects/Federated-Learning/src/coordination/server/database_orm.py", line 364, in get_model_accuracies_by_super_round
    self.cursor.execute("""
ValueError: parameters are of unsupported type
2025-02-25 20:55:12,059 - server - /home/marcuswrrn/Projects/Federated-Learning/.venv/lib/python3.10/site-packages/flask/app.py - log_exception - 875 : Exception on /view/current_round [GET]
Traceback (most recent call last):
  File "/home/marcuswrrn/Projects/Federated-Learning/.venv/lib/python3.10/site-packages/flask/app.py", line 1511, in wsgi_app
    response = self.full_dispatch_request()
  File "/home/marcuswrrn/Projects/Federated-Learning/.venv/lib/python3.10/site-packages/flask/app.py", line 919, in full_dispatch_request
    rv = self.handle_user_exception(e)
  File "/home/marcuswrrn/Projects/Federated-Learning/.venv/lib/python3.10/site-packages/flask/app.py", line 917, in full_dispatch_request
    rv = self.dispatch_request()
  File "/home/marcuswrrn/Projects/Federated-Learning/.venv/lib/python3.10/site-packages/flask/app.py", line 902, in dispatch_request
    return self.ensure_sync(self.view_functions[rule.endpoint])(**view_args)  # type: ignore[no-any-return]
  File "/home/marcuswrrn/Projects/Federated-Learning/src/coordination/server/views.py", line 22, in current_round
    model_accs = db.get_model_accuracies_by_super_round(round.super_round_id)
  File "/home/marcuswrrn/Projects/Federated-Learning/src/coordination/server/database_orm.py", line 364, in get_model_accuracies_by_super_round
    self.cursor.execute("""
ValueError: parameters are of unsupported type
2025-02-25 20:55:17,072 - server - /home/marcuswrrn/Projects/Federated-Learning/.venv/lib/python3.10/site-packages/flask/app.py - log_exception - 875 : Exception on /view/current_round [GET]
Traceback (most recent call last):
  File "/home/marcuswrrn/Projects/Federated-Learning/.venv/lib/python3.10/site-packages/flask/app.py", line 1511, in wsgi_app
    response = self.full_dispatch_request()
  File "/home/marcuswrrn/Projects/Federated-Learning/.venv/lib/python3.10/site-packages/flask/app.py", line 919, in full_dispatch_request
    rv = self.handle_user_exception(e)
  File "/home/marcuswrrn/Projects/Federated-Learning/.venv/lib/python3.10/site-packages/flask/app.py", line 917, in full_dispatch_request
    rv = self.dispatch_request()
  File "/home/marcuswrrn/Projects/Federated-Learning/.venv/lib/python3.10/site-packages/flask/app.py", line 902, in dispatch_request
    return self.ensure_sync(self.view_functions[rule.endpoint])(**view_args)  # type: ignore[no-any-return]
  File "/home/marcuswrrn/Projects/Federated-Learning/src/coordination/server/views.py", line 22, in current_round
    model_accs = db.get_model_accuracies_by_super_round(round.super_round_id)
  File "/home/marcuswrrn/Projects/Federated-Learning/src/coordination/server/database_orm.py", line 364, in get_model_accuracies_by_super_round
    self.cursor.execute("""
ValueError: parameters are of unsupported type
2025-02-25 20:55:28,304 - server - /home/marcuswrrn/Projects/Federated-Learning/src/coordination/server/__init__.py - create_app - 25 : Starting up server
2025-02-25 20:55:28,305 - server - /home/marcuswrrn/Projects/Federated-Learning/src/coordination/server/__init__.py - create_app - 31 : Database path : /home/marcuswrrn/Projects/Federated-Learning/src/coordination/instance/db.sqlite
2025-02-25 20:55:28,307 - server - /home/marcuswrrn/Projects/Federated-Learning/src/coordination/server/__init__.py - create_app - 47 : Map([<Rule '/static/<filename>' (GET, OPTIONS, HEAD) -> static>,
 <Rule '/training/get_model/<model_id>' (GET, OPTIONS, HEAD) -> training.get_model>,
 <Rule '/training/upload-model' (POST, OPTIONS) -> training.upload_model>,
 <Rule '/training/display_models' (GET, OPTIONS, HEAD) -> training.display>,
 <Rule '/training/ping' (POST, OPTIONS) -> training.ping_server>,
 <Rule '/training/initialize' (POST, OPTIONS) -> training.init_training>,
 <Rule '/training/shutdown' (POST, OPTIONS) -> training.shutdown>,
 <Rule '/training/connect_test' (GET, POST, OPTIONS, HEAD) -> training.connected>,
 <Rule '/view/models/<super_round>' (GET, OPTIONS, HEAD) -> view.models>,
 <Rule '/view/current_round' (GET, OPTIONS, HEAD) -> view.current_round>,
 <Rule '/view/' (GET, OPTIONS, HEAD) -> view.home>])
2025-02-25 20:55:28,307 - server - /home/marcuswrrn/Projects/Federated-Learning/src/coordination/server/aggregation.py - check_database - 11 : Starting database check
2025-02-25 20:55:28,309 - server - /home/marcuswrrn/Projects/Federated-Learning/src/coordination/server/aggregation.py - check_database - 19 : Training round : 15
2025-02-25 20:55:30,643 - server - /home/marcuswrrn/Projects/Federated-Learning/.venv/lib/python3.10/site-packages/flask/app.py - log_exception - 875 : Exception on /view/current_round [GET]
Traceback (most recent call last):
  File "/home/marcuswrrn/Projects/Federated-Learning/.venv/lib/python3.10/site-packages/flask/app.py", line 1511, in wsgi_app
    response = self.full_dispatch_request()
  File "/home/marcuswrrn/Projects/Federated-Learning/.venv/lib/python3.10/site-packages/flask/app.py", line 919, in full_dispatch_request
    rv = self.handle_user_exception(e)
  File "/home/marcuswrrn/Projects/Federated-Learning/.venv/lib/python3.10/site-packages/flask/app.py", line 917, in full_dispatch_request
    rv = self.dispatch_request()
  File "/home/marcuswrrn/Projects/Federated-Learning/.venv/lib/python3.10/site-packages/flask/app.py", line 902, in dispatch_request
    return self.ensure_sync(self.view_functions[rule.endpoint])(**view_args)  # type: ignore[no-any-return]
  File "/home/marcuswrrn/Projects/Federated-Learning/src/coordination/server/views.py", line 23, in current_round
    model_accs = db.get_model_accuracies_by_super_round(round.super_round_id)
  File "/home/marcuswrrn/Projects/Federated-Learning/src/coordination/server/database_orm.py", line 364, in get_model_accuracies_by_super_round
    self.cursor.execute("""
ValueError: parameters are of unsupported type
2025-02-25 20:55:49,421 - server - /home/marcuswrrn/Projects/Federated-Learning/src/coordination/server/__init__.py - create_app - 25 : Starting up server
2025-02-25 20:55:49,422 - server - /home/marcuswrrn/Projects/Federated-Learning/src/coordination/server/__init__.py - create_app - 31 : Database path : /home/marcuswrrn/Projects/Federated-Learning/src/coordination/instance/db.sqlite
2025-02-25 20:55:49,424 - server - /home/marcuswrrn/Projects/Federated-Learning/src/coordination/server/__init__.py - create_app - 47 : Map([<Rule '/static/<filename>' (HEAD, GET, OPTIONS) -> static>,
 <Rule '/training/get_model/<model_id>' (HEAD, GET, OPTIONS) -> training.get_model>,
 <Rule '/training/upload-model' (POST, OPTIONS) -> training.upload_model>,
 <Rule '/training/display_models' (HEAD, GET, OPTIONS) -> training.display>,
 <Rule '/training/ping' (POST, OPTIONS) -> training.ping_server>,
 <Rule '/training/initialize' (POST, OPTIONS) -> training.init_training>,
 <Rule '/training/shutdown' (POST, OPTIONS) -> training.shutdown>,
 <Rule '/training/connect_test' (POST, HEAD, GET, OPTIONS) -> training.connected>,
 <Rule '/view/models/<super_round>' (HEAD, GET, OPTIONS) -> view.models>,
 <Rule '/view/current_round' (HEAD, GET, OPTIONS) -> view.current_round>,
 <Rule '/view/' (HEAD, GET, OPTIONS) -> view.home>])
2025-02-25 20:55:49,424 - server - /home/marcuswrrn/Projects/Federated-Learning/src/coordination/server/aggregation.py - check_database - 11 : Starting database check
2025-02-25 20:55:49,426 - server - /home/marcuswrrn/Projects/Federated-Learning/src/coordination/server/aggregation.py - check_database - 19 : Training round : 15
2025-02-25 20:55:51,855 - server - /home/marcuswrrn/Projects/Federated-Learning/.venv/lib/python3.10/site-packages/flask/app.py - log_exception - 875 : Exception on /view/current_round [GET]
Traceback (most recent call last):
  File "/home/marcuswrrn/Projects/Federated-Learning/.venv/lib/python3.10/site-packages/flask/app.py", line 1511, in wsgi_app
    response = self.full_dispatch_request()
  File "/home/marcuswrrn/Projects/Federated-Learning/.venv/lib/python3.10/site-packages/flask/app.py", line 919, in full_dispatch_request
    rv = self.handle_user_exception(e)
  File "/home/marcuswrrn/Projects/Federated-Learning/.venv/lib/python3.10/site-packages/flask/app.py", line 917, in full_dispatch_request
    rv = self.dispatch_request()
  File "/home/marcuswrrn/Projects/Federated-Learning/.venv/lib/python3.10/site-packages/flask/app.py", line 902, in dispatch_request
    return self.ensure_sync(self.view_functions[rule.endpoint])(**view_args)  # type: ignore[no-any-return]
  File "/home/marcuswrrn/Projects/Federated-Learning/src/coordination/server/views.py", line 23, in current_round
    model_accs = db.get_model_accuracies_by_super_round(round.super_round_id)
  File "/home/marcuswrrn/Projects/Federated-Learning/src/coordination/server/database_orm.py", line 364, in get_model_accuracies_by_super_round
    self.cursor.execute("""
ValueError: parameters are of unsupported type
2025-02-25 20:56:10,114 - server - /home/marcuswrrn/Projects/Federated-Learning/src/coordination/server/__init__.py - create_app - 25 : Starting up server
2025-02-25 20:56:10,114 - server - /home/marcuswrrn/Projects/Federated-Learning/src/coordination/server/__init__.py - create_app - 31 : Database path : /home/marcuswrrn/Projects/Federated-Learning/src/coordination/instance/db.sqlite
2025-02-25 20:56:10,116 - server - /home/marcuswrrn/Projects/Federated-Learning/src/coordination/server/__init__.py - create_app - 47 : Map([<Rule '/static/<filename>' (HEAD, GET, OPTIONS) -> static>,
 <Rule '/training/get_model/<model_id>' (HEAD, GET, OPTIONS) -> training.get_model>,
 <Rule '/training/upload-model' (POST, OPTIONS) -> training.upload_model>,
 <Rule '/training/display_models' (HEAD, GET, OPTIONS) -> training.display>,
 <Rule '/training/ping' (POST, OPTIONS) -> training.ping_server>,
 <Rule '/training/initialize' (POST, OPTIONS) -> training.init_training>,
 <Rule '/training/shutdown' (POST, OPTIONS) -> training.shutdown>,
 <Rule '/training/connect_test' (HEAD, GET, POST, OPTIONS) -> training.connected>,
 <Rule '/view/models/<super_round>' (HEAD, GET, OPTIONS) -> view.models>,
 <Rule '/view/current_round' (HEAD, GET, OPTIONS) -> view.current_round>,
 <Rule '/view/' (HEAD, GET, OPTIONS) -> view.home>])
2025-02-25 20:56:10,117 - server - /home/marcuswrrn/Projects/Federated-Learning/src/coordination/server/aggregation.py - check_database - 11 : Starting database check
2025-02-25 20:56:10,119 - server - /home/marcuswrrn/Projects/Federated-Learning/src/coordination/server/aggregation.py - check_database - 19 : Training round : 15
2025-02-25 20:56:11,385 - server - /home/marcuswrrn/Projects/Federated-Learning/.venv/lib/python3.10/site-packages/flask/app.py - log_exception - 875 : Exception on /view/current_round [GET]
Traceback (most recent call last):
  File "/home/marcuswrrn/Projects/Federated-Learning/.venv/lib/python3.10/site-packages/flask/app.py", line 1511, in wsgi_app
    response = self.full_dispatch_request()
  File "/home/marcuswrrn/Projects/Federated-Learning/.venv/lib/python3.10/site-packages/flask/app.py", line 919, in full_dispatch_request
    rv = self.handle_user_exception(e)
  File "/home/marcuswrrn/Projects/Federated-Learning/.venv/lib/python3.10/site-packages/flask/app.py", line 917, in full_dispatch_request
    rv = self.dispatch_request()
  File "/home/marcuswrrn/Projects/Federated-Learning/.venv/lib/python3.10/site-packages/flask/app.py", line 902, in dispatch_request
    return self.ensure_sync(self.view_functions[rule.endpoint])(**view_args)  # type: ignore[no-any-return]
  File "/home/marcuswrrn/Projects/Federated-Learning/src/coordination/server/views.py", line 23, in current_round
    model_accs = db.get_model_accuracies_by_super_round(round.super_round_id)
  File "/home/marcuswrrn/Projects/Federated-Learning/src/coordination/server/database_orm.py", line 364, in get_model_accuracies_by_super_round
    self.cursor.execute("""
ValueError: parameters are of unsupported type
2025-02-25 20:56:39,509 - server - /home/marcuswrrn/Projects/Federated-Learning/src/coordination/server/__init__.py - create_app - 25 : Starting up server
2025-02-25 20:56:39,509 - server - /home/marcuswrrn/Projects/Federated-Learning/src/coordination/server/__init__.py - create_app - 31 : Database path : /home/marcuswrrn/Projects/Federated-Learning/src/coordination/instance/db.sqlite
2025-02-25 20:56:39,512 - server - /home/marcuswrrn/Projects/Federated-Learning/src/coordination/server/__init__.py - create_app - 47 : Map([<Rule '/static/<filename>' (HEAD, OPTIONS, GET) -> static>,
 <Rule '/training/get_model/<model_id>' (HEAD, OPTIONS, GET) -> training.get_model>,
 <Rule '/training/upload-model' (OPTIONS, POST) -> training.upload_model>,
 <Rule '/training/display_models' (HEAD, OPTIONS, GET) -> training.display>,
 <Rule '/training/ping' (OPTIONS, POST) -> training.ping_server>,
 <Rule '/training/initialize' (OPTIONS, POST) -> training.init_training>,
 <Rule '/training/shutdown' (OPTIONS, POST) -> training.shutdown>,
 <Rule '/training/connect_test' (HEAD, OPTIONS, GET, POST) -> training.connected>,
 <Rule '/view/models/<super_round>' (HEAD, OPTIONS, GET) -> view.models>,
 <Rule '/view/current_round' (HEAD, OPTIONS, GET) -> view.current_round>,
 <Rule '/view/' (HEAD, OPTIONS, GET) -> view.home>])
2025-02-25 20:56:39,512 - server - /home/marcuswrrn/Projects/Federated-Learning/src/coordination/server/aggregation.py - check_database - 11 : Starting database check
2025-02-25 20:56:39,513 - server - /home/marcuswrrn/Projects/Federated-Learning/src/coordination/server/aggregation.py - check_database - 19 : Training round : 15
2025-02-25 20:56:44,206 - server - /home/marcuswrrn/Projects/Federated-Learning/.venv/lib/python3.10/site-packages/flask/app.py - log_exception - 875 : Exception on /view/current_round [GET]
Traceback (most recent call last):
  File "/home/marcuswrrn/Projects/Federated-Learning/.venv/lib/python3.10/site-packages/flask/app.py", line 1511, in wsgi_app
    response = self.full_dispatch_request()
  File "/home/marcuswrrn/Projects/Federated-Learning/.venv/lib/python3.10/site-packages/flask/app.py", line 919, in full_dispatch_request
    rv = self.handle_user_exception(e)
  File "/home/marcuswrrn/Projects/Federated-Learning/.venv/lib/python3.10/site-packages/flask/app.py", line 917, in full_dispatch_request
    rv = self.dispatch_request()
  File "/home/marcuswrrn/Projects/Federated-Learning/.venv/lib/python3.10/site-packages/flask/app.py", line 902, in dispatch_request
    return self.ensure_sync(self.view_functions[rule.endpoint])(**view_args)  # type: ignore[no-any-return]
  File "/home/marcuswrrn/Projects/Federated-Learning/src/coordination/server/views.py", line 22, in current_round
    model_accs = db.get_model_accuracies_by_super_round(5)
  File "/home/marcuswrrn/Projects/Federated-Learning/src/coordination/server/database_orm.py", line 364, in get_model_accuracies_by_super_round
    self.cursor.execute("""
ValueError: parameters are of unsupported type
2025-02-25 20:57:02,244 - server - /home/marcuswrrn/Projects/Federated-Learning/src/coordination/server/__init__.py - create_app - 25 : Starting up server
2025-02-25 20:57:02,244 - server - /home/marcuswrrn/Projects/Federated-Learning/src/coordination/server/__init__.py - create_app - 31 : Database path : /home/marcuswrrn/Projects/Federated-Learning/src/coordination/instance/db.sqlite
2025-02-25 20:57:02,247 - server - /home/marcuswrrn/Projects/Federated-Learning/src/coordination/server/__init__.py - create_app - 47 : Map([<Rule '/static/<filename>' (OPTIONS, HEAD, GET) -> static>,
 <Rule '/training/get_model/<model_id>' (OPTIONS, HEAD, GET) -> training.get_model>,
 <Rule '/training/upload-model' (OPTIONS, POST) -> training.upload_model>,
 <Rule '/training/display_models' (OPTIONS, HEAD, GET) -> training.display>,
 <Rule '/training/ping' (OPTIONS, POST) -> training.ping_server>,
 <Rule '/training/initialize' (OPTIONS, POST) -> training.init_training>,
 <Rule '/training/shutdown' (OPTIONS, POST) -> training.shutdown>,
 <Rule '/training/connect_test' (POST, OPTIONS, HEAD, GET) -> training.connected>,
 <Rule '/view/models/<super_round>' (OPTIONS, HEAD, GET) -> view.models>,
 <Rule '/view/current_round' (OPTIONS, HEAD, GET) -> view.current_round>,
 <Rule '/view/' (OPTIONS, HEAD, GET) -> view.home>])
2025-02-25 20:57:02,248 - server - /home/marcuswrrn/Projects/Federated-Learning/src/coordination/server/aggregation.py - check_database - 11 : Starting database check
2025-02-25 20:57:02,250 - server - /home/marcuswrrn/Projects/Federated-Learning/src/coordination/server/aggregation.py - check_database - 19 : Training round : 15
2025-02-25 20:57:07,224 - server - /home/marcuswrrn/Projects/Federated-Learning/.venv/lib/python3.10/site-packages/flask/app.py - log_exception - 875 : Exception on /view/models/5 [GET]
Traceback (most recent call last):
  File "/home/marcuswrrn/Projects/Federated-Learning/.venv/lib/python3.10/site-packages/flask/app.py", line 1511, in wsgi_app
    response = self.full_dispatch_request()
  File "/home/marcuswrrn/Projects/Federated-Learning/.venv/lib/python3.10/site-packages/flask/app.py", line 919, in full_dispatch_request
    rv = self.handle_user_exception(e)
  File "/home/marcuswrrn/Projects/Federated-Learning/.venv/lib/python3.10/site-packages/flask/app.py", line 917, in full_dispatch_request
    rv = self.dispatch_request()
  File "/home/marcuswrrn/Projects/Federated-Learning/.venv/lib/python3.10/site-packages/flask/app.py", line 902, in dispatch_request
    return self.ensure_sync(self.view_functions[rule.endpoint])(**view_args)  # type: ignore[no-any-return]
  File "/home/marcuswrrn/Projects/Federated-Learning/src/coordination/server/views.py", line 10, in models
    model_accs = db.get_model_accuracies_by_super_round(5)
  File "/home/marcuswrrn/Projects/Federated-Learning/src/coordination/server/database_orm.py", line 364, in get_model_accuracies_by_super_round
    self.cursor.execute("""
ValueError: parameters are of unsupported type
2025-02-25 20:57:32,281 - server - /home/marcuswrrn/Projects/Federated-Learning/src/coordination/server/aggregation.py - check_database - 19 : Training round : 15
2025-02-25 20:57:36,105 - server - /home/marcuswrrn/Projects/Federated-Learning/src/coordination/server/__init__.py - create_app - 25 : Starting up server
2025-02-25 20:57:36,105 - server - /home/marcuswrrn/Projects/Federated-Learning/src/coordination/server/__init__.py - create_app - 31 : Database path : /home/marcuswrrn/Projects/Federated-Learning/src/coordination/instance/db.sqlite
2025-02-25 20:57:36,107 - server - /home/marcuswrrn/Projects/Federated-Learning/src/coordination/server/__init__.py - create_app - 47 : Map([<Rule '/static/<filename>' (HEAD, OPTIONS, GET) -> static>,
 <Rule '/training/get_model/<model_id>' (HEAD, OPTIONS, GET) -> training.get_model>,
 <Rule '/training/upload-model' (OPTIONS, POST) -> training.upload_model>,
 <Rule '/training/display_models' (HEAD, OPTIONS, GET) -> training.display>,
 <Rule '/training/ping' (OPTIONS, POST) -> training.ping_server>,
 <Rule '/training/initialize' (OPTIONS, POST) -> training.init_training>,
 <Rule '/training/shutdown' (OPTIONS, POST) -> training.shutdown>,
 <Rule '/training/connect_test' (HEAD, OPTIONS, POST, GET) -> training.connected>,
 <Rule '/view/models/<super_round>' (HEAD, OPTIONS, GET) -> view.models>,
 <Rule '/view/current_round' (HEAD, OPTIONS, GET) -> view.current_round>,
 <Rule '/view/' (HEAD, OPTIONS, GET) -> view.home>])
2025-02-25 20:57:36,107 - server - /home/marcuswrrn/Projects/Federated-Learning/src/coordination/server/aggregation.py - check_database - 11 : Starting database check
2025-02-25 20:57:36,108 - server - /home/marcuswrrn/Projects/Federated-Learning/src/coordination/server/aggregation.py - check_database - 19 : Training round : 15
2025-02-25 20:58:06,128 - server - /home/marcuswrrn/Projects/Federated-Learning/src/coordination/server/aggregation.py - check_database - 19 : Training round : 15
2025-02-25 20:58:18,812 - server - /home/marcuswrrn/Projects/Federated-Learning/src/coordination/server/__init__.py - create_app - 25 : Starting up server
2025-02-25 20:58:18,812 - server - /home/marcuswrrn/Projects/Federated-Learning/src/coordination/server/__init__.py - create_app - 31 : Database path : /home/marcuswrrn/Projects/Federated-Learning/src/coordination/instance/db.sqlite
2025-02-25 20:58:18,814 - server - /home/marcuswrrn/Projects/Federated-Learning/src/coordination/server/__init__.py - create_app - 47 : Map([<Rule '/static/<filename>' (GET, HEAD, OPTIONS) -> static>,
 <Rule '/training/get_model/<model_id>' (GET, HEAD, OPTIONS) -> training.get_model>,
 <Rule '/training/upload-model' (OPTIONS, POST) -> training.upload_model>,
 <Rule '/training/display_models' (GET, HEAD, OPTIONS) -> training.display>,
 <Rule '/training/ping' (OPTIONS, POST) -> training.ping_server>,
 <Rule '/training/initialize' (OPTIONS, POST) -> training.init_training>,
 <Rule '/training/shutdown' (OPTIONS, POST) -> training.shutdown>,
 <Rule '/training/connect_test' (GET, HEAD, OPTIONS, POST) -> training.connected>,
 <Rule '/view/models/<super_round>' (GET, HEAD, OPTIONS) -> view.models>,
 <Rule '/view/current_round' (GET, HEAD, OPTIONS) -> view.current_round>,
 <Rule '/view/' (GET, HEAD, OPTIONS) -> view.home>])
2025-02-25 20:58:18,814 - server - /home/marcuswrrn/Projects/Federated-Learning/src/coordination/server/aggregation.py - check_database - 11 : Starting database check
2025-02-25 20:58:18,816 - server - /home/marcuswrrn/Projects/Federated-Learning/src/coordination/server/aggregation.py - check_database - 19 : Training round : 15
2025-02-25 20:58:48,825 - server - /home/marcuswrrn/Projects/Federated-Learning/src/coordination/server/aggregation.py - check_database - 19 : Training round : 15
2025-02-25 20:59:18,828 - server - /home/marcuswrrn/Projects/Federated-Learning/src/coordination/server/aggregation.py - check_database - 19 : Training round : 15
2025-02-25 20:59:48,859 - server - /home/marcuswrrn/Projects/Federated-Learning/src/coordination/server/aggregation.py - check_database - 19 : Training round : 15
2025-02-25 21:00:02,966 - server - /home/marcuswrrn/Projects/Federated-Learning/src/coordination/server/server.py - get_model - 18 : Getting model to /home/marcuswrrn/Projects/Federated-Learning/src/coordination/instance/super_round_5/training_round_15/53662f33a11ce894130d53d852aedfb5.pth
2025-02-25 21:00:06,713 - server - /home/marcuswrrn/Projects/Federated-Learning/src/coordination/server/server.py - get_model - 18 : Getting model to /home/marcuswrrn/Projects/Federated-Learning/src/coordination/instance/super_round_5/training_round_15/53662f33a11ce894130d53d852aedfb5.pth
2025-02-25 21:00:11,332 - server - /home/marcuswrrn/Projects/Federated-Learning/src/coordination/server/server.py - get_model - 18 : Getting model to /home/marcuswrrn/Projects/Federated-Learning/src/coordination/instance/super_round_5/training_round_15/53662f33a11ce894130d53d852aedfb5.pth
2025-02-25 21:00:18,890 - server - /home/marcuswrrn/Projects/Federated-Learning/src/coordination/server/aggregation.py - check_database - 19 : Training round : 15
2025-02-25 21:00:48,924 - server - /home/marcuswrrn/Projects/Federated-Learning/src/coordination/server/aggregation.py - check_database - 19 : Training round : 15
2025-02-25 21:01:04,922 - server - /home/marcuswrrn/Projects/Federated-Learning/src/coordination/server/server.py - upload_model - 35 : Received client model from : e88b64033808ca1ab245e9e65a773fbb
2025-02-25 21:01:13,988 - server - /home/marcuswrrn/Projects/Federated-Learning/src/coordination/server/server.py - upload_model - 35 : Received client model from : 5ff05c8410451f90560ba27c614d22f1
2025-02-25 21:01:16,416 - server - /home/marcuswrrn/Projects/Federated-Learning/src/coordination/server/server.py - upload_model - 35 : Received client model from : 3e650d3bda9f3da6546272b60f552360
2025-02-25 21:01:18,955 - server - /home/marcuswrrn/Projects/Federated-Learning/src/coordination/server/aggregation.py - check_database - 19 : Training round : 15
2025-02-25 21:01:18,955 - server - /home/marcuswrrn/Projects/Federated-Learning/src/coordination/server/aggregation.py - check_database - 30 : Aggregating
2025-02-25 21:01:19,043 - server - /home/marcuswrrn/Projects/Federated-Learning/src/coordination/server/aggregation.py - check_database - 44 : Loading Client ID : e88b64033808ca1ab245e9e65a773fbb . Loading file /home/marcuswrrn/Projects/Federated-Learning/src/coordination/instance/super_round_5/training_round_15/client_models/e88b64033808ca1ab245e9e65a773fbb.pth
2025-02-25 21:01:19,126 - server - /home/marcuswrrn/Projects/Federated-Learning/src/coordination/server/aggregation.py - check_database - 44 : Loading Client ID : 5ff05c8410451f90560ba27c614d22f1 . Loading file /home/marcuswrrn/Projects/Federated-Learning/src/coordination/instance/super_round_5/training_round_15/client_models/5ff05c8410451f90560ba27c614d22f1.pth
2025-02-25 21:01:19,205 - server - /home/marcuswrrn/Projects/Federated-Learning/src/coordination/server/aggregation.py - check_database - 44 : Loading Client ID : 3e650d3bda9f3da6546272b60f552360 . Loading file /home/marcuswrrn/Projects/Federated-Learning/src/coordination/instance/super_round_5/training_round_15/client_models/3e650d3bda9f3da6546272b60f552360.pth
2025-02-25 21:01:19,348 - server - /home/marcuswrrn/Projects/Federated-Learning/src/coordination/server/validation.py - validation - 41 : Running validation ...
2025-02-25 21:01:28,936 - server - /home/marcuswrrn/Projects/Federated-Learning/src/coordination/server/validation.py - validation - 97 : Accuracy: 0.8788598574821853,
2025-02-25 21:01:28,936 - server - /home/marcuswrrn/Projects/Federated-Learning/src/coordination/server/validation.py - validation - 108 : Micro Recall 0.8788598574821853, Macro Recall 0.889220896607016, Weighted Recall 0.8866796109022698

2025-02-25 21:01:28,936 - server - /home/marcuswrrn/Projects/Federated-Learning/src/coordination/server/validation.py - validation - 116 : Micro Precision 0.8788598574821853, Macro Precision 0.876629565791692, Weighted Precision 0.9009552741762509

2025-02-25 21:01:28,936 - server - /home/marcuswrrn/Projects/Federated-Learning/src/coordination/server/validation.py - validation - 123 : F1 Precision 0.8788598574821853, F1 Precision 0.8747463494411246, F1 Precision 0.8763530053053848

2025-02-25 21:01:28,936 - server - /home/marcuswrrn/Projects/Federated-Learning/src/coordination/server/validation.py - validation - 131 : AUC Precision 0.0, AUC Precision 0.0, AUC Precision 0.0

2025-02-25 21:01:28,957 - server - /home/marcuswrrn/Projects/Federated-Learning/src/coordination/server/aggregation.py - check_database - 79 : Checking if done training (max round hit)
2025-02-25 21:01:28,957 - server - /home/marcuswrrn/Projects/Federated-Learning/src/coordination/server/aggregation.py - check_database - 80 : current round: 15, current + 1 : 16. max : 20
2025-02-25 21:01:28,997 - server - /home/marcuswrrn/Projects/Federated-Learning/src/coordination/server/aggregation.py - check_database - 90 : Starting training round 16
2025-02-25 21:01:35,058 - server - /home/marcuswrrn/Projects/Federated-Learning/src/coordination/server/server.py - get_model - 18 : Getting model to /home/marcuswrrn/Projects/Federated-Learning/src/coordination/instance/super_round_5/training_round_16/b965977a21fe1a2785480119cd930858.pth
2025-02-25 21:01:44,143 - server - /home/marcuswrrn/Projects/Federated-Learning/src/coordination/server/server.py - get_model - 18 : Getting model to /home/marcuswrrn/Projects/Federated-Learning/src/coordination/instance/super_round_5/training_round_16/b965977a21fe1a2785480119cd930858.pth
2025-02-25 21:01:46,513 - server - /home/marcuswrrn/Projects/Federated-Learning/src/coordination/server/server.py - get_model - 18 : Getting model to /home/marcuswrrn/Projects/Federated-Learning/src/coordination/instance/super_round_5/training_round_16/b965977a21fe1a2785480119cd930858.pth
2025-02-25 21:01:59,029 - server - /home/marcuswrrn/Projects/Federated-Learning/src/coordination/server/aggregation.py - check_database - 19 : Training round : 16
2025-02-25 21:02:10,756 - server - /home/marcuswrrn/Projects/Federated-Learning/src/coordination/server/server.py - upload_model - 35 : Received client model from : e88b64033808ca1ab245e9e65a773fbb
2025-02-25 21:02:20,774 - server - /home/marcuswrrn/Projects/Federated-Learning/src/coordination/server/server.py - upload_model - 35 : Received client model from : 5ff05c8410451f90560ba27c614d22f1
2025-02-25 21:02:26,912 - server - /home/marcuswrrn/Projects/Federated-Learning/src/coordination/server/server.py - upload_model - 35 : Received client model from : 3e650d3bda9f3da6546272b60f552360
2025-02-25 21:02:29,046 - server - /home/marcuswrrn/Projects/Federated-Learning/src/coordination/server/aggregation.py - check_database - 19 : Training round : 16
2025-02-25 21:02:29,047 - server - /home/marcuswrrn/Projects/Federated-Learning/src/coordination/server/aggregation.py - check_database - 30 : Aggregating
2025-02-25 21:02:29,105 - server - /home/marcuswrrn/Projects/Federated-Learning/src/coordination/server/aggregation.py - check_database - 44 : Loading Client ID : e88b64033808ca1ab245e9e65a773fbb . Loading file /home/marcuswrrn/Projects/Federated-Learning/src/coordination/instance/super_round_5/training_round_16/client_models/e88b64033808ca1ab245e9e65a773fbb.pth
2025-02-25 21:02:29,159 - server - /home/marcuswrrn/Projects/Federated-Learning/src/coordination/server/aggregation.py - check_database - 44 : Loading Client ID : 5ff05c8410451f90560ba27c614d22f1 . Loading file /home/marcuswrrn/Projects/Federated-Learning/src/coordination/instance/super_round_5/training_round_16/client_models/5ff05c8410451f90560ba27c614d22f1.pth
2025-02-25 21:02:29,206 - server - /home/marcuswrrn/Projects/Federated-Learning/src/coordination/server/aggregation.py - check_database - 44 : Loading Client ID : 3e650d3bda9f3da6546272b60f552360 . Loading file /home/marcuswrrn/Projects/Federated-Learning/src/coordination/instance/super_round_5/training_round_16/client_models/3e650d3bda9f3da6546272b60f552360.pth
2025-02-25 21:02:29,331 - server - /home/marcuswrrn/Projects/Federated-Learning/src/coordination/server/validation.py - validation - 41 : Running validation ...
2025-02-25 21:02:37,619 - server - /home/marcuswrrn/Projects/Federated-Learning/src/coordination/server/validation.py - validation - 97 : Accuracy: 0.9093993892093655,
2025-02-25 21:02:37,619 - server - /home/marcuswrrn/Projects/Federated-Learning/src/coordination/server/validation.py - validation - 108 : Micro Recall 0.9093993892093655, Macro Recall 0.9111706232703624, Weighted Recall 0.9128983988484598

2025-02-25 21:02:37,619 - server - /home/marcuswrrn/Projects/Federated-Learning/src/coordination/server/validation.py - validation - 116 : Micro Precision 0.9093993892093655, Macro Precision 0.9077230644838145, Weighted Precision 0.914547115830562

2025-02-25 21:02:37,619 - server - /home/marcuswrrn/Projects/Federated-Learning/src/coordination/server/validation.py - validation - 123 : F1 Precision 0.9093993892093655, F1 Precision 0.908549028261541, F1 Precision 0.9101205852080877

2025-02-25 21:02:37,619 - server - /home/marcuswrrn/Projects/Federated-Learning/src/coordination/server/validation.py - validation - 131 : AUC Precision 0.0, AUC Precision 0.0, AUC Precision 0.0

2025-02-25 21:02:37,640 - server - /home/marcuswrrn/Projects/Federated-Learning/src/coordination/server/aggregation.py - check_database - 79 : Checking if done training (max round hit)
2025-02-25 21:02:37,640 - server - /home/marcuswrrn/Projects/Federated-Learning/src/coordination/server/aggregation.py - check_database - 80 : current round: 16, current + 1 : 17. max : 20
2025-02-25 21:02:37,678 - server - /home/marcuswrrn/Projects/Federated-Learning/src/coordination/server/aggregation.py - check_database - 90 : Starting training round 17
2025-02-25 21:02:40,914 - server - /home/marcuswrrn/Projects/Federated-Learning/src/coordination/server/server.py - get_model - 18 : Getting model to /home/marcuswrrn/Projects/Federated-Learning/src/coordination/instance/super_round_5/training_round_17/89f4fbcb856bedf7ab82b09bd9f1c15a.pth
2025-02-25 21:02:50,913 - server - /home/marcuswrrn/Projects/Federated-Learning/src/coordination/server/server.py - get_model - 18 : Getting model to /home/marcuswrrn/Projects/Federated-Learning/src/coordination/instance/super_round_5/training_round_17/89f4fbcb856bedf7ab82b09bd9f1c15a.pth
2025-02-25 21:02:53,822 - server - /home/marcuswrrn/Projects/Federated-Learning/src/coordination/server/server.py - upload_model - 35 : Received client model from : e88b64033808ca1ab245e9e65a773fbb
2025-02-25 21:02:56,992 - server - /home/marcuswrrn/Projects/Federated-Learning/src/coordination/server/server.py - get_model - 18 : Getting model to /home/marcuswrrn/Projects/Federated-Learning/src/coordination/instance/super_round_5/training_round_17/89f4fbcb856bedf7ab82b09bd9f1c15a.pth
2025-02-25 21:03:07,709 - server - /home/marcuswrrn/Projects/Federated-Learning/src/coordination/server/aggregation.py - check_database - 19 : Training round : 17
2025-02-25 21:03:09,041 - server - /home/marcuswrrn/Projects/Federated-Learning/src/coordination/server/server.py - upload_model - 35 : Received client model from : 5ff05c8410451f90560ba27c614d22f1
2025-02-25 21:03:14,216 - server - /home/marcuswrrn/Projects/Federated-Learning/src/coordination/server/server.py - upload_model - 35 : Received client model from : 3e650d3bda9f3da6546272b60f552360
2025-02-25 21:03:37,745 - server - /home/marcuswrrn/Projects/Federated-Learning/src/coordination/server/aggregation.py - check_database - 19 : Training round : 17
2025-02-25 21:03:37,745 - server - /home/marcuswrrn/Projects/Federated-Learning/src/coordination/server/aggregation.py - check_database - 30 : Aggregating
2025-02-25 21:03:37,792 - server - /home/marcuswrrn/Projects/Federated-Learning/src/coordination/server/aggregation.py - check_database - 44 : Loading Client ID : e88b64033808ca1ab245e9e65a773fbb . Loading file /home/marcuswrrn/Projects/Federated-Learning/src/coordination/instance/super_round_5/training_round_17/client_models/e88b64033808ca1ab245e9e65a773fbb.pth
2025-02-25 21:03:37,845 - server - /home/marcuswrrn/Projects/Federated-Learning/src/coordination/server/aggregation.py - check_database - 44 : Loading Client ID : 5ff05c8410451f90560ba27c614d22f1 . Loading file /home/marcuswrrn/Projects/Federated-Learning/src/coordination/instance/super_round_5/training_round_17/client_models/5ff05c8410451f90560ba27c614d22f1.pth
2025-02-25 21:03:37,891 - server - /home/marcuswrrn/Projects/Federated-Learning/src/coordination/server/aggregation.py - check_database - 44 : Loading Client ID : 3e650d3bda9f3da6546272b60f552360 . Loading file /home/marcuswrrn/Projects/Federated-Learning/src/coordination/instance/super_round_5/training_round_17/client_models/3e650d3bda9f3da6546272b60f552360.pth
2025-02-25 21:03:38,009 - server - /home/marcuswrrn/Projects/Federated-Learning/src/coordination/server/validation.py - validation - 41 : Running validation ...
2025-02-25 21:03:45,750 - server - /home/marcuswrrn/Projects/Federated-Learning/src/coordination/server/validation.py - validation - 97 : Accuracy: 0.8870037326094333,
2025-02-25 21:03:45,751 - server - /home/marcuswrrn/Projects/Federated-Learning/src/coordination/server/validation.py - validation - 108 : Micro Recall 0.8870037326094333, Macro Recall 0.8917079323160536, Weighted Recall 0.8942370555213383

2025-02-25 21:03:45,751 - server - /home/marcuswrrn/Projects/Federated-Learning/src/coordination/server/validation.py - validation - 116 : Micro Precision 0.8870037326094333, Macro Precision 0.8871199366720327, Weighted Precision 0.8950503994831697

2025-02-25 21:03:45,751 - server - /home/marcuswrrn/Projects/Federated-Learning/src/coordination/server/validation.py - validation - 123 : F1 Precision 0.8870037326094333, F1 Precision 0.8842551244775927, F1 Precision 0.8846667170279143

2025-02-25 21:03:45,751 - server - /home/marcuswrrn/Projects/Federated-Learning/src/coordination/server/validation.py - validation - 131 : AUC Precision 0.0, AUC Precision 0.0, AUC Precision 0.0

2025-02-25 21:03:45,774 - server - /home/marcuswrrn/Projects/Federated-Learning/src/coordination/server/aggregation.py - check_database - 79 : Checking if done training (max round hit)
2025-02-25 21:03:45,774 - server - /home/marcuswrrn/Projects/Federated-Learning/src/coordination/server/aggregation.py - check_database - 80 : current round: 17, current + 1 : 18. max : 20
2025-02-25 21:03:45,815 - server - /home/marcuswrrn/Projects/Federated-Learning/src/coordination/server/aggregation.py - check_database - 90 : Starting training round 18
2025-02-25 21:03:53,967 - server - /home/marcuswrrn/Projects/Federated-Learning/src/coordination/server/server.py - get_model - 18 : Getting model to /home/marcuswrrn/Projects/Federated-Learning/src/coordination/instance/super_round_5/training_round_18/4e424b4cef74a1c20be2a3f1b91f31dd.pth
2025-02-25 21:04:05,860 - server - /home/marcuswrrn/Projects/Federated-Learning/src/coordination/server/server.py - upload_model - 35 : Received client model from : e88b64033808ca1ab245e9e65a773fbb
2025-02-25 21:04:09,197 - server - /home/marcuswrrn/Projects/Federated-Learning/src/coordination/server/server.py - get_model - 18 : Getting model to /home/marcuswrrn/Projects/Federated-Learning/src/coordination/instance/super_round_5/training_round_18/4e424b4cef74a1c20be2a3f1b91f31dd.pth
2025-02-25 21:04:14,319 - server - /home/marcuswrrn/Projects/Federated-Learning/src/coordination/server/server.py - get_model - 18 : Getting model to /home/marcuswrrn/Projects/Federated-Learning/src/coordination/instance/super_round_5/training_round_18/4e424b4cef74a1c20be2a3f1b91f31dd.pth
2025-02-25 21:04:15,846 - server - /home/marcuswrrn/Projects/Federated-Learning/src/coordination/server/aggregation.py - check_database - 19 : Training round : 18
2025-02-25 21:04:23,343 - server - /home/marcuswrrn/Projects/Federated-Learning/src/coordination/server/server.py - upload_model - 35 : Received client model from : 5ff05c8410451f90560ba27c614d22f1
2025-02-25 21:04:29,597 - server - /home/marcuswrrn/Projects/Federated-Learning/src/coordination/server/server.py - upload_model - 35 : Received client model from : 3e650d3bda9f3da6546272b60f552360
2025-02-25 21:04:45,872 - server - /home/marcuswrrn/Projects/Federated-Learning/src/coordination/server/aggregation.py - check_database - 19 : Training round : 18
2025-02-25 21:04:45,872 - server - /home/marcuswrrn/Projects/Federated-Learning/src/coordination/server/aggregation.py - check_database - 30 : Aggregating
2025-02-25 21:04:45,919 - server - /home/marcuswrrn/Projects/Federated-Learning/src/coordination/server/aggregation.py - check_database - 44 : Loading Client ID : e88b64033808ca1ab245e9e65a773fbb . Loading file /home/marcuswrrn/Projects/Federated-Learning/src/coordination/instance/super_round_5/training_round_18/client_models/e88b64033808ca1ab245e9e65a773fbb.pth
2025-02-25 21:04:45,973 - server - /home/marcuswrrn/Projects/Federated-Learning/src/coordination/server/aggregation.py - check_database - 44 : Loading Client ID : 5ff05c8410451f90560ba27c614d22f1 . Loading file /home/marcuswrrn/Projects/Federated-Learning/src/coordination/instance/super_round_5/training_round_18/client_models/5ff05c8410451f90560ba27c614d22f1.pth
2025-02-25 21:04:46,017 - server - /home/marcuswrrn/Projects/Federated-Learning/src/coordination/server/aggregation.py - check_database - 44 : Loading Client ID : 3e650d3bda9f3da6546272b60f552360 . Loading file /home/marcuswrrn/Projects/Federated-Learning/src/coordination/instance/super_round_5/training_round_18/client_models/3e650d3bda9f3da6546272b60f552360.pth
2025-02-25 21:04:46,126 - server - /home/marcuswrrn/Projects/Federated-Learning/src/coordination/server/validation.py - validation - 41 : Running validation ...
2025-02-25 21:04:54,727 - server - /home/marcuswrrn/Projects/Federated-Learning/src/coordination/server/validation.py - validation - 97 : Accuracy: 0.8588394977943672,
2025-02-25 21:04:54,727 - server - /home/marcuswrrn/Projects/Federated-Learning/src/coordination/server/validation.py - validation - 108 : Micro Recall 0.8588394977943672, Macro Recall 0.8835222138555995, Weighted Recall 0.8768685941189505

2025-02-25 21:04:54,727 - server - /home/marcuswrrn/Projects/Federated-Learning/src/coordination/server/validation.py - validation - 116 : Micro Precision 0.8588394977943672, Macro Precision 0.8573783764243474, Weighted Precision 0.8979180348186424

2025-02-25 21:04:54,727 - server - /home/marcuswrrn/Projects/Federated-Learning/src/coordination/server/validation.py - validation - 123 : F1 Precision 0.8588394977943672, F1 Precision 0.8517402375161612, F1 Precision 0.8517719172720044

2025-02-25 21:04:54,728 - server - /home/marcuswrrn/Projects/Federated-Learning/src/coordination/server/validation.py - validation - 131 : AUC Precision 0.0, AUC Precision 0.0, AUC Precision 0.0

2025-02-25 21:04:54,752 - server - /home/marcuswrrn/Projects/Federated-Learning/src/coordination/server/aggregation.py - check_database - 79 : Checking if done training (max round hit)
2025-02-25 21:04:54,752 - server - /home/marcuswrrn/Projects/Federated-Learning/src/coordination/server/aggregation.py - check_database - 80 : current round: 18, current + 1 : 19. max : 20
2025-02-25 21:04:54,790 - server - /home/marcuswrrn/Projects/Federated-Learning/src/coordination/server/aggregation.py - check_database - 90 : Starting training round 19
2025-02-25 21:04:59,672 - server - /home/marcuswrrn/Projects/Federated-Learning/src/coordination/server/server.py - get_model - 18 : Getting model to /home/marcuswrrn/Projects/Federated-Learning/src/coordination/instance/super_round_5/training_round_19/ce0dc4da3163cb320df55c668eed87c7.pth
2025-02-25 21:05:05,943 - server - /home/marcuswrrn/Projects/Federated-Learning/src/coordination/server/server.py - get_model - 18 : Getting model to /home/marcuswrrn/Projects/Federated-Learning/src/coordination/instance/super_round_5/training_round_19/ce0dc4da3163cb320df55c668eed87c7.pth
2025-02-25 21:05:20,504 - server - /home/marcuswrrn/Projects/Federated-Learning/src/coordination/server/server.py - upload_model - 35 : Received client model from : 3e650d3bda9f3da6546272b60f552360
2025-02-25 21:05:21,543 - server - /home/marcuswrrn/Projects/Federated-Learning/src/coordination/server/server.py - upload_model - 35 : Received client model from : e88b64033808ca1ab245e9e65a773fbb
2025-02-25 21:05:23,487 - server - /home/marcuswrrn/Projects/Federated-Learning/src/coordination/server/server.py - get_model - 18 : Getting model to /home/marcuswrrn/Projects/Federated-Learning/src/coordination/instance/super_round_5/training_round_19/ce0dc4da3163cb320df55c668eed87c7.pth
2025-02-25 21:05:24,821 - server - /home/marcuswrrn/Projects/Federated-Learning/src/coordination/server/aggregation.py - check_database - 19 : Training round : 19
2025-02-25 21:05:36,723 - server - /home/marcuswrrn/Projects/Federated-Learning/src/coordination/server/server.py - upload_model - 35 : Received client model from : 5ff05c8410451f90560ba27c614d22f1
2025-02-25 21:05:54,852 - server - /home/marcuswrrn/Projects/Federated-Learning/src/coordination/server/aggregation.py - check_database - 19 : Training round : 19
2025-02-25 21:05:54,852 - server - /home/marcuswrrn/Projects/Federated-Learning/src/coordination/server/aggregation.py - check_database - 30 : Aggregating
2025-02-25 21:05:54,904 - server - /home/marcuswrrn/Projects/Federated-Learning/src/coordination/server/aggregation.py - check_database - 44 : Loading Client ID : 3e650d3bda9f3da6546272b60f552360 . Loading file /home/marcuswrrn/Projects/Federated-Learning/src/coordination/instance/super_round_5/training_round_19/client_models/3e650d3bda9f3da6546272b60f552360.pth
2025-02-25 21:05:54,958 - server - /home/marcuswrrn/Projects/Federated-Learning/src/coordination/server/aggregation.py - check_database - 44 : Loading Client ID : e88b64033808ca1ab245e9e65a773fbb . Loading file /home/marcuswrrn/Projects/Federated-Learning/src/coordination/instance/super_round_5/training_round_19/client_models/e88b64033808ca1ab245e9e65a773fbb.pth
2025-02-25 21:05:55,001 - server - /home/marcuswrrn/Projects/Federated-Learning/src/coordination/server/aggregation.py - check_database - 44 : Loading Client ID : 5ff05c8410451f90560ba27c614d22f1 . Loading file /home/marcuswrrn/Projects/Federated-Learning/src/coordination/instance/super_round_5/training_round_19/client_models/5ff05c8410451f90560ba27c614d22f1.pth
2025-02-25 21:05:55,118 - server - /home/marcuswrrn/Projects/Federated-Learning/src/coordination/server/validation.py - validation - 41 : Running validation ...
2025-02-25 21:06:02,344 - server - /home/marcuswrrn/Projects/Federated-Learning/src/coordination/server/validation.py - validation - 97 : Accuracy: 0.8815744825246012,
2025-02-25 21:06:02,344 - server - /home/marcuswrrn/Projects/Federated-Learning/src/coordination/server/validation.py - validation - 108 : Micro Recall 0.8815744825246012, Macro Recall 0.8882945485370692, Weighted Recall 0.8880928846707163

2025-02-25 21:06:02,344 - server - /home/marcuswrrn/Projects/Federated-Learning/src/coordination/server/validation.py - validation - 116 : Micro Precision 0.8815744825246012, Macro Precision 0.8802441533677959, Weighted Precision 0.8934027335471875

2025-02-25 21:06:02,344 - server - /home/marcuswrrn/Projects/Federated-Learning/src/coordination/server/validation.py - validation - 123 : F1 Precision 0.8815744825246012, F1 Precision 0.8787997485942863, F1 Precision 0.8787416221565604

2025-02-25 21:06:02,344 - server - /home/marcuswrrn/Projects/Federated-Learning/src/coordination/server/validation.py - validation - 131 : AUC Precision 0.0, AUC Precision 0.0, AUC Precision 0.0

2025-02-25 21:06:02,365 - server - /home/marcuswrrn/Projects/Federated-Learning/src/coordination/server/aggregation.py - check_database - 79 : Checking if done training (max round hit)
2025-02-25 21:06:02,365 - server - /home/marcuswrrn/Projects/Federated-Learning/src/coordination/server/aggregation.py - check_database - 80 : current round: 19, current + 1 : 20. max : 20
2025-02-25 21:06:02,408 - server - /home/marcuswrrn/Projects/Federated-Learning/src/coordination/server/aggregation.py - check_database - 90 : Starting training round 20
2025-02-25 21:06:06,790 - server - /home/marcuswrrn/Projects/Federated-Learning/src/coordination/server/server.py - get_model - 18 : Getting model to /home/marcuswrrn/Projects/Federated-Learning/src/coordination/instance/super_round_5/training_round_20/1b741243a0909bb3ffed54c161f252da.pth
2025-02-25 21:06:18,301 - server - /home/marcuswrrn/Projects/Federated-Learning/src/coordination/server/server.py - upload_model - 35 : Received client model from : 5ff05c8410451f90560ba27c614d22f1
2025-02-25 21:06:20,683 - server - /home/marcuswrrn/Projects/Federated-Learning/src/coordination/server/server.py - get_model - 18 : Getting model to /home/marcuswrrn/Projects/Federated-Learning/src/coordination/instance/super_round_5/training_round_20/1b741243a0909bb3ffed54c161f252da.pth
2025-02-25 21:06:21,626 - server - /home/marcuswrrn/Projects/Federated-Learning/src/coordination/server/server.py - get_model - 18 : Getting model to /home/marcuswrrn/Projects/Federated-Learning/src/coordination/instance/super_round_5/training_round_20/1b741243a0909bb3ffed54c161f252da.pth
2025-02-25 21:06:32,444 - server - /home/marcuswrrn/Projects/Federated-Learning/src/coordination/server/aggregation.py - check_database - 19 : Training round : 20
2025-02-25 21:06:36,221 - server - /home/marcuswrrn/Projects/Federated-Learning/src/coordination/server/server.py - upload_model - 35 : Received client model from : 3e650d3bda9f3da6546272b60f552360
2025-02-25 21:06:43,537 - server - /home/marcuswrrn/Projects/Federated-Learning/src/coordination/server/server.py - upload_model - 35 : Received client model from : e88b64033808ca1ab245e9e65a773fbb
2025-02-25 21:07:02,476 - server - /home/marcuswrrn/Projects/Federated-Learning/src/coordination/server/aggregation.py - check_database - 19 : Training round : 20
2025-02-25 21:07:02,476 - server - /home/marcuswrrn/Projects/Federated-Learning/src/coordination/server/aggregation.py - check_database - 30 : Aggregating
2025-02-25 21:07:02,521 - server - /home/marcuswrrn/Projects/Federated-Learning/src/coordination/server/aggregation.py - check_database - 44 : Loading Client ID : 5ff05c8410451f90560ba27c614d22f1 . Loading file /home/marcuswrrn/Projects/Federated-Learning/src/coordination/instance/super_round_5/training_round_20/client_models/5ff05c8410451f90560ba27c614d22f1.pth
2025-02-25 21:07:02,574 - server - /home/marcuswrrn/Projects/Federated-Learning/src/coordination/server/aggregation.py - check_database - 44 : Loading Client ID : 3e650d3bda9f3da6546272b60f552360 . Loading file /home/marcuswrrn/Projects/Federated-Learning/src/coordination/instance/super_round_5/training_round_20/client_models/3e650d3bda9f3da6546272b60f552360.pth
2025-02-25 21:07:02,618 - server - /home/marcuswrrn/Projects/Federated-Learning/src/coordination/server/aggregation.py - check_database - 44 : Loading Client ID : e88b64033808ca1ab245e9e65a773fbb . Loading file /home/marcuswrrn/Projects/Federated-Learning/src/coordination/instance/super_round_5/training_round_20/client_models/e88b64033808ca1ab245e9e65a773fbb.pth
2025-02-25 21:07:02,726 - server - /home/marcuswrrn/Projects/Federated-Learning/src/coordination/server/validation.py - validation - 41 : Running validation ...
2025-02-25 21:07:10,526 - server - /home/marcuswrrn/Projects/Federated-Learning/src/coordination/server/validation.py - validation - 97 : Accuracy: 0.9019341703427214,
2025-02-25 21:07:10,526 - server - /home/marcuswrrn/Projects/Federated-Learning/src/coordination/server/validation.py - validation - 108 : Micro Recall 0.9019341703427214, Macro Recall 0.9049904555846581, Weighted Recall 0.9059828061830658

2025-02-25 21:07:10,526 - server - /home/marcuswrrn/Projects/Federated-Learning/src/coordination/server/validation.py - validation - 116 : Micro Precision 0.9019341703427214, Macro Precision 0.9005743115921282, Weighted Precision 0.9062994275364029

2025-02-25 21:07:10,526 - server - /home/marcuswrrn/Projects/Federated-Learning/src/coordination/server/validation.py - validation - 123 : F1 Precision 0.9019341703427214, F1 Precision 0.9010061188624053, F1 Precision 0.901102234900992

2025-02-25 21:07:10,526 - server - /home/marcuswrrn/Projects/Federated-Learning/src/coordination/server/validation.py - validation - 131 : AUC Precision 0.0, AUC Precision 0.0, AUC Precision 0.0

2025-02-25 21:07:10,549 - server - /home/marcuswrrn/Projects/Federated-Learning/src/coordination/server/aggregation.py - check_database - 79 : Checking if done training (max round hit)
2025-02-25 21:07:10,549 - server - /home/marcuswrrn/Projects/Federated-Learning/src/coordination/server/aggregation.py - check_database - 80 : current round: 20, current + 1 : 21. max : 20
2025-02-25 21:07:10,549 - server - /home/marcuswrrn/Projects/Federated-Learning/src/coordination/server/aggregation.py - check_database - 92 : Max rounds has been hit. Training done
2025-02-25 21:10:27,044 - server - /home/marcuswrrn/Projects/Federated-Learning/src/coordination/server/__init__.py - create_app - 25 : Starting up server
2025-02-25 21:10:27,044 - server - /home/marcuswrrn/Projects/Federated-Learning/src/coordination/server/__init__.py - create_app - 31 : Database path : /home/marcuswrrn/Projects/Federated-Learning/src/coordination/instance/db.sqlite
2025-02-25 21:10:27,046 - server - /home/marcuswrrn/Projects/Federated-Learning/src/coordination/server/__init__.py - create_app - 47 : Map([<Rule '/static/<filename>' (OPTIONS, HEAD, GET) -> static>,
 <Rule '/training/get_model/<model_id>' (OPTIONS, HEAD, GET) -> training.get_model>,
 <Rule '/training/upload-model' (OPTIONS, POST) -> training.upload_model>,
 <Rule '/training/display_models' (OPTIONS, HEAD, GET) -> training.display>,
 <Rule '/training/ping' (OPTIONS, POST) -> training.ping_server>,
 <Rule '/training/initialize' (OPTIONS, POST) -> training.init_training>,
 <Rule '/training/shutdown' (OPTIONS, POST) -> training.shutdown>,
 <Rule '/training/connect_test' (OPTIONS, HEAD, POST, GET) -> training.connected>,
 <Rule '/view/models/<super_round>' (OPTIONS, HEAD, GET) -> view.models>,
 <Rule '/view/current_round' (OPTIONS, HEAD, GET) -> view.current_round>,
 <Rule '/view/' (OPTIONS, HEAD, GET) -> view.home>])
2025-02-25 21:10:27,046 - server - /home/marcuswrrn/Projects/Federated-Learning/src/coordination/server/aggregation.py - check_database - 11 : Starting database check
2025-02-25 21:10:39,560 - server - /home/marcuswrrn/Projects/Federated-Learning/src/coordination/server/server.py - init_training - 106 : New Super round
2025-02-25 21:10:39,560 - server - /home/marcuswrrn/Projects/Federated-Learning/src/coordination/server/server.py - init_training - 107 : Start training
2025-02-25 21:10:39,573 - server - /home/marcuswrrn/Projects/Federated-Learning/src/coordination/server/server.py - init_training - 126 : Round initializer
2025-02-25 21:10:39,580 - server - /home/marcuswrrn/Projects/Federated-Learning/src/coordination/server/aggregation.py - check_database - 19 : Training round : 1
2025-02-25 21:10:40,842 - server - /home/marcuswrrn/Projects/Federated-Learning/.venv/lib/python3.10/site-packages/flask/app.py - log_exception - 875 : Exception on /view/current_round [GET]
Traceback (most recent call last):
  File "/home/marcuswrrn/Projects/Federated-Learning/.venv/lib/python3.10/site-packages/flask/app.py", line 1511, in wsgi_app
    response = self.full_dispatch_request()
  File "/home/marcuswrrn/Projects/Federated-Learning/.venv/lib/python3.10/site-packages/flask/app.py", line 919, in full_dispatch_request
    rv = self.handle_user_exception(e)
  File "/home/marcuswrrn/Projects/Federated-Learning/.venv/lib/python3.10/site-packages/flask/app.py", line 917, in full_dispatch_request
    rv = self.dispatch_request()
  File "/home/marcuswrrn/Projects/Federated-Learning/.venv/lib/python3.10/site-packages/flask/app.py", line 902, in dispatch_request
    return self.ensure_sync(self.view_functions[rule.endpoint])(**view_args)  # type: ignore[no-any-return]
  File "/home/marcuswrrn/Projects/Federated-Learning/src/coordination/server/views.py", line 27, in current_round
    data["current_model"] = model_accs[-1]
IndexError: list index out of range
2025-02-25 21:10:43,651 - server - /home/marcuswrrn/Projects/Federated-Learning/src/coordination/server/server.py - get_model - 18 : Getting model to /home/marcuswrrn/Projects/Federated-Learning/src/coordination/instance/super_round_6/training_round_1/7bdda94ba2b77135a7f74d25e56a88b2.pth
2025-02-25 21:10:44,259 - server - /home/marcuswrrn/Projects/Federated-Learning/.venv/lib/python3.10/site-packages/flask/app.py - log_exception - 875 : Exception on /view/current_round [GET]
Traceback (most recent call last):
  File "/home/marcuswrrn/Projects/Federated-Learning/.venv/lib/python3.10/site-packages/flask/app.py", line 1511, in wsgi_app
    response = self.full_dispatch_request()
  File "/home/marcuswrrn/Projects/Federated-Learning/.venv/lib/python3.10/site-packages/flask/app.py", line 919, in full_dispatch_request
    rv = self.handle_user_exception(e)
  File "/home/marcuswrrn/Projects/Federated-Learning/.venv/lib/python3.10/site-packages/flask/app.py", line 917, in full_dispatch_request
    rv = self.dispatch_request()
  File "/home/marcuswrrn/Projects/Federated-Learning/.venv/lib/python3.10/site-packages/flask/app.py", line 902, in dispatch_request
    return self.ensure_sync(self.view_functions[rule.endpoint])(**view_args)  # type: ignore[no-any-return]
  File "/home/marcuswrrn/Projects/Federated-Learning/src/coordination/server/views.py", line 27, in current_round
    data["current_model"] = model_accs[-1]
IndexError: list index out of range
2025-02-25 21:10:48,426 - server - /home/marcuswrrn/Projects/Federated-Learning/src/coordination/server/server.py - get_model - 18 : Getting model to /home/marcuswrrn/Projects/Federated-Learning/src/coordination/instance/super_round_6/training_round_1/7bdda94ba2b77135a7f74d25e56a88b2.pth
2025-02-25 21:10:49,319 - server - /home/marcuswrrn/Projects/Federated-Learning/.venv/lib/python3.10/site-packages/flask/app.py - log_exception - 875 : Exception on /view/current_round [GET]
Traceback (most recent call last):
  File "/home/marcuswrrn/Projects/Federated-Learning/.venv/lib/python3.10/site-packages/flask/app.py", line 1511, in wsgi_app
    response = self.full_dispatch_request()
  File "/home/marcuswrrn/Projects/Federated-Learning/.venv/lib/python3.10/site-packages/flask/app.py", line 919, in full_dispatch_request
    rv = self.handle_user_exception(e)
  File "/home/marcuswrrn/Projects/Federated-Learning/.venv/lib/python3.10/site-packages/flask/app.py", line 917, in full_dispatch_request
    rv = self.dispatch_request()
  File "/home/marcuswrrn/Projects/Federated-Learning/.venv/lib/python3.10/site-packages/flask/app.py", line 902, in dispatch_request
    return self.ensure_sync(self.view_functions[rule.endpoint])(**view_args)  # type: ignore[no-any-return]
  File "/home/marcuswrrn/Projects/Federated-Learning/src/coordination/server/views.py", line 27, in current_round
    data["current_model"] = model_accs[-1]
IndexError: list index out of range
2025-02-25 21:10:54,315 - server - /home/marcuswrrn/Projects/Federated-Learning/.venv/lib/python3.10/site-packages/flask/app.py - log_exception - 875 : Exception on /view/current_round [GET]
Traceback (most recent call last):
  File "/home/marcuswrrn/Projects/Federated-Learning/.venv/lib/python3.10/site-packages/flask/app.py", line 1511, in wsgi_app
    response = self.full_dispatch_request()
  File "/home/marcuswrrn/Projects/Federated-Learning/.venv/lib/python3.10/site-packages/flask/app.py", line 919, in full_dispatch_request
    rv = self.handle_user_exception(e)
  File "/home/marcuswrrn/Projects/Federated-Learning/.venv/lib/python3.10/site-packages/flask/app.py", line 917, in full_dispatch_request
    rv = self.dispatch_request()
  File "/home/marcuswrrn/Projects/Federated-Learning/.venv/lib/python3.10/site-packages/flask/app.py", line 902, in dispatch_request
    return self.ensure_sync(self.view_functions[rule.endpoint])(**view_args)  # type: ignore[no-any-return]
  File "/home/marcuswrrn/Projects/Federated-Learning/src/coordination/server/views.py", line 27, in current_round
    data["current_model"] = model_accs[-1]
IndexError: list index out of range
2025-02-25 21:10:57,001 - server - /home/marcuswrrn/Projects/Federated-Learning/src/coordination/server/server.py - upload_model - 35 : Received client model from : e88b64033808ca1ab245e9e65a773fbb
2025-02-25 21:10:59,330 - server - /home/marcuswrrn/Projects/Federated-Learning/.venv/lib/python3.10/site-packages/flask/app.py - log_exception - 875 : Exception on /view/current_round [GET]
Traceback (most recent call last):
  File "/home/marcuswrrn/Projects/Federated-Learning/.venv/lib/python3.10/site-packages/flask/app.py", line 1511, in wsgi_app
    response = self.full_dispatch_request()
  File "/home/marcuswrrn/Projects/Federated-Learning/.venv/lib/python3.10/site-packages/flask/app.py", line 919, in full_dispatch_request
    rv = self.handle_user_exception(e)
  File "/home/marcuswrrn/Projects/Federated-Learning/.venv/lib/python3.10/site-packages/flask/app.py", line 917, in full_dispatch_request
    rv = self.dispatch_request()
  File "/home/marcuswrrn/Projects/Federated-Learning/.venv/lib/python3.10/site-packages/flask/app.py", line 902, in dispatch_request
    return self.ensure_sync(self.view_functions[rule.endpoint])(**view_args)  # type: ignore[no-any-return]
  File "/home/marcuswrrn/Projects/Federated-Learning/src/coordination/server/views.py", line 27, in current_round
    data["current_model"] = model_accs[-1]
IndexError: list index out of range
2025-02-25 21:11:04,263 - server - /home/marcuswrrn/Projects/Federated-Learning/.venv/lib/python3.10/site-packages/flask/app.py - log_exception - 875 : Exception on /view/current_round [GET]
Traceback (most recent call last):
  File "/home/marcuswrrn/Projects/Federated-Learning/.venv/lib/python3.10/site-packages/flask/app.py", line 1511, in wsgi_app
    response = self.full_dispatch_request()
  File "/home/marcuswrrn/Projects/Federated-Learning/.venv/lib/python3.10/site-packages/flask/app.py", line 919, in full_dispatch_request
    rv = self.handle_user_exception(e)
  File "/home/marcuswrrn/Projects/Federated-Learning/.venv/lib/python3.10/site-packages/flask/app.py", line 917, in full_dispatch_request
    rv = self.dispatch_request()
  File "/home/marcuswrrn/Projects/Federated-Learning/.venv/lib/python3.10/site-packages/flask/app.py", line 902, in dispatch_request
    return self.ensure_sync(self.view_functions[rule.endpoint])(**view_args)  # type: ignore[no-any-return]
  File "/home/marcuswrrn/Projects/Federated-Learning/src/coordination/server/views.py", line 27, in current_round
    data["current_model"] = model_accs[-1]
IndexError: list index out of range
2025-02-25 21:11:06,160 - server - /home/marcuswrrn/Projects/Federated-Learning/src/coordination/server/server.py - upload_model - 35 : Received client model from : 5ff05c8410451f90560ba27c614d22f1
2025-02-25 21:11:06,388 - server - /home/marcuswrrn/Projects/Federated-Learning/src/coordination/server/server.py - get_model - 18 : Getting model to /home/marcuswrrn/Projects/Federated-Learning/src/coordination/instance/super_round_6/training_round_1/7bdda94ba2b77135a7f74d25e56a88b2.pth
2025-02-25 21:11:09,268 - server - /home/marcuswrrn/Projects/Federated-Learning/.venv/lib/python3.10/site-packages/flask/app.py - log_exception - 875 : Exception on /view/current_round [GET]
Traceback (most recent call last):
  File "/home/marcuswrrn/Projects/Federated-Learning/.venv/lib/python3.10/site-packages/flask/app.py", line 1511, in wsgi_app
    response = self.full_dispatch_request()
  File "/home/marcuswrrn/Projects/Federated-Learning/.venv/lib/python3.10/site-packages/flask/app.py", line 919, in full_dispatch_request
    rv = self.handle_user_exception(e)
  File "/home/marcuswrrn/Projects/Federated-Learning/.venv/lib/python3.10/site-packages/flask/app.py", line 917, in full_dispatch_request
    rv = self.dispatch_request()
  File "/home/marcuswrrn/Projects/Federated-Learning/.venv/lib/python3.10/site-packages/flask/app.py", line 902, in dispatch_request
    return self.ensure_sync(self.view_functions[rule.endpoint])(**view_args)  # type: ignore[no-any-return]
  File "/home/marcuswrrn/Projects/Federated-Learning/src/coordination/server/views.py", line 27, in current_round
    data["current_model"] = model_accs[-1]
IndexError: list index out of range
2025-02-25 21:11:09,612 - server - /home/marcuswrrn/Projects/Federated-Learning/src/coordination/server/aggregation.py - check_database - 19 : Training round : 1
2025-02-25 21:11:14,538 - server - /home/marcuswrrn/Projects/Federated-Learning/.venv/lib/python3.10/site-packages/flask/app.py - log_exception - 875 : Exception on /view/current_round [GET]
Traceback (most recent call last):
  File "/home/marcuswrrn/Projects/Federated-Learning/.venv/lib/python3.10/site-packages/flask/app.py", line 1511, in wsgi_app
    response = self.full_dispatch_request()
  File "/home/marcuswrrn/Projects/Federated-Learning/.venv/lib/python3.10/site-packages/flask/app.py", line 919, in full_dispatch_request
    rv = self.handle_user_exception(e)
  File "/home/marcuswrrn/Projects/Federated-Learning/.venv/lib/python3.10/site-packages/flask/app.py", line 917, in full_dispatch_request
    rv = self.dispatch_request()
  File "/home/marcuswrrn/Projects/Federated-Learning/.venv/lib/python3.10/site-packages/flask/app.py", line 902, in dispatch_request
    return self.ensure_sync(self.view_functions[rule.endpoint])(**view_args)  # type: ignore[no-any-return]
  File "/home/marcuswrrn/Projects/Federated-Learning/src/coordination/server/views.py", line 27, in current_round
    data["current_model"] = model_accs[-1]
IndexError: list index out of range
2025-02-25 21:11:18,894 - server - /home/marcuswrrn/Projects/Federated-Learning/src/coordination/server/server.py - upload_model - 35 : Received client model from : 3e650d3bda9f3da6546272b60f552360
2025-02-25 21:11:19,546 - server - /home/marcuswrrn/Projects/Federated-Learning/.venv/lib/python3.10/site-packages/flask/app.py - log_exception - 875 : Exception on /view/current_round [GET]
Traceback (most recent call last):
  File "/home/marcuswrrn/Projects/Federated-Learning/.venv/lib/python3.10/site-packages/flask/app.py", line 1511, in wsgi_app
    response = self.full_dispatch_request()
  File "/home/marcuswrrn/Projects/Federated-Learning/.venv/lib/python3.10/site-packages/flask/app.py", line 919, in full_dispatch_request
    rv = self.handle_user_exception(e)
  File "/home/marcuswrrn/Projects/Federated-Learning/.venv/lib/python3.10/site-packages/flask/app.py", line 917, in full_dispatch_request
    rv = self.dispatch_request()
  File "/home/marcuswrrn/Projects/Federated-Learning/.venv/lib/python3.10/site-packages/flask/app.py", line 902, in dispatch_request
    return self.ensure_sync(self.view_functions[rule.endpoint])(**view_args)  # type: ignore[no-any-return]
  File "/home/marcuswrrn/Projects/Federated-Learning/src/coordination/server/views.py", line 27, in current_round
    data["current_model"] = model_accs[-1]
IndexError: list index out of range
2025-02-25 21:11:24,526 - server - /home/marcuswrrn/Projects/Federated-Learning/.venv/lib/python3.10/site-packages/flask/app.py - log_exception - 875 : Exception on /view/current_round [GET]
Traceback (most recent call last):
  File "/home/marcuswrrn/Projects/Federated-Learning/.venv/lib/python3.10/site-packages/flask/app.py", line 1511, in wsgi_app
    response = self.full_dispatch_request()
  File "/home/marcuswrrn/Projects/Federated-Learning/.venv/lib/python3.10/site-packages/flask/app.py", line 919, in full_dispatch_request
    rv = self.handle_user_exception(e)
  File "/home/marcuswrrn/Projects/Federated-Learning/.venv/lib/python3.10/site-packages/flask/app.py", line 917, in full_dispatch_request
    rv = self.dispatch_request()
  File "/home/marcuswrrn/Projects/Federated-Learning/.venv/lib/python3.10/site-packages/flask/app.py", line 902, in dispatch_request
    return self.ensure_sync(self.view_functions[rule.endpoint])(**view_args)  # type: ignore[no-any-return]
  File "/home/marcuswrrn/Projects/Federated-Learning/src/coordination/server/views.py", line 27, in current_round
    data["current_model"] = model_accs[-1]
IndexError: list index out of range
2025-02-25 21:11:29,528 - server - /home/marcuswrrn/Projects/Federated-Learning/.venv/lib/python3.10/site-packages/flask/app.py - log_exception - 875 : Exception on /view/current_round [GET]
Traceback (most recent call last):
  File "/home/marcuswrrn/Projects/Federated-Learning/.venv/lib/python3.10/site-packages/flask/app.py", line 1511, in wsgi_app
    response = self.full_dispatch_request()
  File "/home/marcuswrrn/Projects/Federated-Learning/.venv/lib/python3.10/site-packages/flask/app.py", line 919, in full_dispatch_request
    rv = self.handle_user_exception(e)
  File "/home/marcuswrrn/Projects/Federated-Learning/.venv/lib/python3.10/site-packages/flask/app.py", line 917, in full_dispatch_request
    rv = self.dispatch_request()
  File "/home/marcuswrrn/Projects/Federated-Learning/.venv/lib/python3.10/site-packages/flask/app.py", line 902, in dispatch_request
    return self.ensure_sync(self.view_functions[rule.endpoint])(**view_args)  # type: ignore[no-any-return]
  File "/home/marcuswrrn/Projects/Federated-Learning/src/coordination/server/views.py", line 27, in current_round
    data["current_model"] = model_accs[-1]
IndexError: list index out of range
2025-02-25 21:11:34,526 - server - /home/marcuswrrn/Projects/Federated-Learning/.venv/lib/python3.10/site-packages/flask/app.py - log_exception - 875 : Exception on /view/current_round [GET]
Traceback (most recent call last):
  File "/home/marcuswrrn/Projects/Federated-Learning/.venv/lib/python3.10/site-packages/flask/app.py", line 1511, in wsgi_app
    response = self.full_dispatch_request()
  File "/home/marcuswrrn/Projects/Federated-Learning/.venv/lib/python3.10/site-packages/flask/app.py", line 919, in full_dispatch_request
    rv = self.handle_user_exception(e)
  File "/home/marcuswrrn/Projects/Federated-Learning/.venv/lib/python3.10/site-packages/flask/app.py", line 917, in full_dispatch_request
    rv = self.dispatch_request()
  File "/home/marcuswrrn/Projects/Federated-Learning/.venv/lib/python3.10/site-packages/flask/app.py", line 902, in dispatch_request
    return self.ensure_sync(self.view_functions[rule.endpoint])(**view_args)  # type: ignore[no-any-return]
  File "/home/marcuswrrn/Projects/Federated-Learning/src/coordination/server/views.py", line 27, in current_round
    data["current_model"] = model_accs[-1]
IndexError: list index out of range
2025-02-25 21:11:39,527 - server - /home/marcuswrrn/Projects/Federated-Learning/.venv/lib/python3.10/site-packages/flask/app.py - log_exception - 875 : Exception on /view/current_round [GET]
Traceback (most recent call last):
  File "/home/marcuswrrn/Projects/Federated-Learning/.venv/lib/python3.10/site-packages/flask/app.py", line 1511, in wsgi_app
    response = self.full_dispatch_request()
  File "/home/marcuswrrn/Projects/Federated-Learning/.venv/lib/python3.10/site-packages/flask/app.py", line 919, in full_dispatch_request
    rv = self.handle_user_exception(e)
  File "/home/marcuswrrn/Projects/Federated-Learning/.venv/lib/python3.10/site-packages/flask/app.py", line 917, in full_dispatch_request
    rv = self.dispatch_request()
  File "/home/marcuswrrn/Projects/Federated-Learning/.venv/lib/python3.10/site-packages/flask/app.py", line 902, in dispatch_request
    return self.ensure_sync(self.view_functions[rule.endpoint])(**view_args)  # type: ignore[no-any-return]
  File "/home/marcuswrrn/Projects/Federated-Learning/src/coordination/server/views.py", line 27, in current_round
    data["current_model"] = model_accs[-1]
IndexError: list index out of range
2025-02-25 21:11:39,645 - server - /home/marcuswrrn/Projects/Federated-Learning/src/coordination/server/aggregation.py - check_database - 19 : Training round : 1
2025-02-25 21:11:39,645 - server - /home/marcuswrrn/Projects/Federated-Learning/src/coordination/server/aggregation.py - check_database - 30 : Aggregating
2025-02-25 21:11:39,719 - server - /home/marcuswrrn/Projects/Federated-Learning/src/coordination/server/aggregation.py - check_database - 44 : Loading Client ID : e88b64033808ca1ab245e9e65a773fbb . Loading file /home/marcuswrrn/Projects/Federated-Learning/src/coordination/instance/super_round_6/training_round_1/client_models/e88b64033808ca1ab245e9e65a773fbb.pth
2025-02-25 21:11:39,790 - server - /home/marcuswrrn/Projects/Federated-Learning/src/coordination/server/aggregation.py - check_database - 44 : Loading Client ID : 5ff05c8410451f90560ba27c614d22f1 . Loading file /home/marcuswrrn/Projects/Federated-Learning/src/coordination/instance/super_round_6/training_round_1/client_models/5ff05c8410451f90560ba27c614d22f1.pth
2025-02-25 21:11:39,853 - server - /home/marcuswrrn/Projects/Federated-Learning/src/coordination/server/aggregation.py - check_database - 44 : Loading Client ID : 3e650d3bda9f3da6546272b60f552360 . Loading file /home/marcuswrrn/Projects/Federated-Learning/src/coordination/instance/super_round_6/training_round_1/client_models/3e650d3bda9f3da6546272b60f552360.pth
2025-02-25 21:11:39,988 - server - /home/marcuswrrn/Projects/Federated-Learning/src/coordination/server/validation.py - validation - 41 : Running validation ...
2025-02-25 21:11:44,535 - server - /home/marcuswrrn/Projects/Federated-Learning/.venv/lib/python3.10/site-packages/flask/app.py - log_exception - 875 : Exception on /view/current_round [GET]
Traceback (most recent call last):
  File "/home/marcuswrrn/Projects/Federated-Learning/.venv/lib/python3.10/site-packages/flask/app.py", line 1511, in wsgi_app
    response = self.full_dispatch_request()
  File "/home/marcuswrrn/Projects/Federated-Learning/.venv/lib/python3.10/site-packages/flask/app.py", line 919, in full_dispatch_request
    rv = self.handle_user_exception(e)
  File "/home/marcuswrrn/Projects/Federated-Learning/.venv/lib/python3.10/site-packages/flask/app.py", line 917, in full_dispatch_request
    rv = self.dispatch_request()
  File "/home/marcuswrrn/Projects/Federated-Learning/.venv/lib/python3.10/site-packages/flask/app.py", line 902, in dispatch_request
    return self.ensure_sync(self.view_functions[rule.endpoint])(**view_args)  # type: ignore[no-any-return]
  File "/home/marcuswrrn/Projects/Federated-Learning/src/coordination/server/views.py", line 27, in current_round
    data["current_model"] = model_accs[-1]
IndexError: list index out of range
2025-02-25 21:11:48,538 - server - /home/marcuswrrn/Projects/Federated-Learning/src/coordination/server/validation.py - validation - 97 : Accuracy: 0.3488293179504581,
2025-02-25 21:11:48,538 - server - /home/marcuswrrn/Projects/Federated-Learning/src/coordination/server/validation.py - validation - 108 : Micro Recall 0.3488293179504581, Macro Recall 0.11648708723706643, Weighted Recall 0.3491125019707524

2025-02-25 21:11:48,538 - server - /home/marcuswrrn/Projects/Federated-Learning/src/coordination/server/validation.py - validation - 116 : Micro Precision 0.3488293179504581, Macro Precision 0.3333333333333333, Weighted Precision 1.0

2025-02-25 21:11:48,538 - server - /home/marcuswrrn/Projects/Federated-Learning/src/coordination/server/validation.py - validation - 123 : F1 Precision 0.3488293179504581, F1 Precision 0.1726154499401177, F1 Precision 1.0

2025-02-25 21:11:48,538 - server - /home/marcuswrrn/Projects/Federated-Learning/src/coordination/server/validation.py - validation - 131 : AUC Precision 0.0, AUC Precision 0.0, AUC Precision 0.0

2025-02-25 21:11:48,563 - server - /home/marcuswrrn/Projects/Federated-Learning/src/coordination/server/aggregation.py - check_database - 79 : Checking if done training (max round hit)
2025-02-25 21:11:48,563 - server - /home/marcuswrrn/Projects/Federated-Learning/src/coordination/server/aggregation.py - check_database - 80 : current round: 1, current + 1 : 2. max : 10
2025-02-25 21:11:48,605 - server - /home/marcuswrrn/Projects/Federated-Learning/src/coordination/server/aggregation.py - check_database - 90 : Starting training round 2
2025-02-25 21:11:48,965 - server - /home/marcuswrrn/Projects/Federated-Learning/src/coordination/server/server.py - get_model - 18 : Getting model to /home/marcuswrrn/Projects/Federated-Learning/src/coordination/instance/super_round_6/training_round_2/84d9058aa350b88df2192cfe6985ca06.pth
2025-02-25 21:11:57,146 - server - /home/marcuswrrn/Projects/Federated-Learning/src/coordination/server/server.py - get_model - 18 : Getting model to /home/marcuswrrn/Projects/Federated-Learning/src/coordination/instance/super_round_6/training_round_2/84d9058aa350b88df2192cfe6985ca06.pth
2025-02-25 21:12:02,660 - server - /home/marcuswrrn/Projects/Federated-Learning/src/coordination/server/server.py - upload_model - 35 : Received client model from : 3e650d3bda9f3da6546272b60f552360
2025-02-25 21:12:04,378 - server - /home/marcuswrrn/Projects/Federated-Learning/src/coordination/server/server.py - init_training - 106 : New Super round
2025-02-25 21:12:04,378 - server - /home/marcuswrrn/Projects/Federated-Learning/src/coordination/server/server.py - init_training - 107 : Start training
2025-02-25 21:12:04,395 - server - /home/marcuswrrn/Projects/Federated-Learning/src/coordination/server/server.py - init_training - 126 : Round initializer
2025-02-25 21:12:05,974 - server - /home/marcuswrrn/Projects/Federated-Learning/.venv/lib/python3.10/site-packages/flask/app.py - log_exception - 875 : Exception on /view/current_round [GET]
Traceback (most recent call last):
  File "/home/marcuswrrn/Projects/Federated-Learning/.venv/lib/python3.10/site-packages/flask/app.py", line 1511, in wsgi_app
    response = self.full_dispatch_request()
  File "/home/marcuswrrn/Projects/Federated-Learning/.venv/lib/python3.10/site-packages/flask/app.py", line 919, in full_dispatch_request
    rv = self.handle_user_exception(e)
  File "/home/marcuswrrn/Projects/Federated-Learning/.venv/lib/python3.10/site-packages/flask/app.py", line 917, in full_dispatch_request
    rv = self.dispatch_request()
  File "/home/marcuswrrn/Projects/Federated-Learning/.venv/lib/python3.10/site-packages/flask/app.py", line 902, in dispatch_request
    return self.ensure_sync(self.view_functions[rule.endpoint])(**view_args)  # type: ignore[no-any-return]
  File "/home/marcuswrrn/Projects/Federated-Learning/src/coordination/server/views.py", line 27, in current_round
    data["current_model"] = model_accs[-1]
IndexError: list index out of range
2025-02-25 21:12:05,975 - server - /home/marcuswrrn/Projects/Federated-Learning/.venv/lib/python3.10/site-packages/flask/app.py - log_exception - 875 : Exception on /view/current_round [GET]
Traceback (most recent call last):
  File "/home/marcuswrrn/Projects/Federated-Learning/.venv/lib/python3.10/site-packages/flask/app.py", line 1511, in wsgi_app
    response = self.full_dispatch_request()
  File "/home/marcuswrrn/Projects/Federated-Learning/.venv/lib/python3.10/site-packages/flask/app.py", line 919, in full_dispatch_request
    rv = self.handle_user_exception(e)
  File "/home/marcuswrrn/Projects/Federated-Learning/.venv/lib/python3.10/site-packages/flask/app.py", line 917, in full_dispatch_request
    rv = self.dispatch_request()
  File "/home/marcuswrrn/Projects/Federated-Learning/.venv/lib/python3.10/site-packages/flask/app.py", line 902, in dispatch_request
    return self.ensure_sync(self.view_functions[rule.endpoint])(**view_args)  # type: ignore[no-any-return]
  File "/home/marcuswrrn/Projects/Federated-Learning/src/coordination/server/views.py", line 27, in current_round
    data["current_model"] = model_accs[-1]
IndexError: list index out of range
2025-02-25 21:12:06,266 - server - /home/marcuswrrn/Projects/Federated-Learning/src/coordination/server/server.py - get_model - 18 : Getting model to /home/marcuswrrn/Projects/Federated-Learning/src/coordination/instance/super_round_7/training_round_1/200f53e16feb0a2f8d1a0a42408d1b2e.pth
2025-02-25 21:12:10,971 - server - /home/marcuswrrn/Projects/Federated-Learning/.venv/lib/python3.10/site-packages/flask/app.py - log_exception - 875 : Exception on /view/current_round [GET]
Traceback (most recent call last):
  File "/home/marcuswrrn/Projects/Federated-Learning/.venv/lib/python3.10/site-packages/flask/app.py", line 1511, in wsgi_app
    response = self.full_dispatch_request()
  File "/home/marcuswrrn/Projects/Federated-Learning/.venv/lib/python3.10/site-packages/flask/app.py", line 919, in full_dispatch_request
    rv = self.handle_user_exception(e)
  File "/home/marcuswrrn/Projects/Federated-Learning/.venv/lib/python3.10/site-packages/flask/app.py", line 917, in full_dispatch_request
    rv = self.dispatch_request()
  File "/home/marcuswrrn/Projects/Federated-Learning/.venv/lib/python3.10/site-packages/flask/app.py", line 902, in dispatch_request
    return self.ensure_sync(self.view_functions[rule.endpoint])(**view_args)  # type: ignore[no-any-return]
  File "/home/marcuswrrn/Projects/Federated-Learning/src/coordination/server/views.py", line 27, in current_round
    data["current_model"] = model_accs[-1]
IndexError: list index out of range
2025-02-25 21:12:13,711 - server - /home/marcuswrrn/Projects/Federated-Learning/src/coordination/server/server.py - upload_model - 35 : Received client model from : e88b64033808ca1ab245e9e65a773fbb
2025-02-25 21:12:16,271 - server - /home/marcuswrrn/Projects/Federated-Learning/.venv/lib/python3.10/site-packages/flask/app.py - log_exception - 875 : Exception on /view/current_round [GET]
Traceback (most recent call last):
  File "/home/marcuswrrn/Projects/Federated-Learning/.venv/lib/python3.10/site-packages/flask/app.py", line 1511, in wsgi_app
    response = self.full_dispatch_request()
  File "/home/marcuswrrn/Projects/Federated-Learning/.venv/lib/python3.10/site-packages/flask/app.py", line 919, in full_dispatch_request
    rv = self.handle_user_exception(e)
  File "/home/marcuswrrn/Projects/Federated-Learning/.venv/lib/python3.10/site-packages/flask/app.py", line 917, in full_dispatch_request
    rv = self.dispatch_request()
  File "/home/marcuswrrn/Projects/Federated-Learning/.venv/lib/python3.10/site-packages/flask/app.py", line 902, in dispatch_request
    return self.ensure_sync(self.view_functions[rule.endpoint])(**view_args)  # type: ignore[no-any-return]
  File "/home/marcuswrrn/Projects/Federated-Learning/src/coordination/server/views.py", line 27, in current_round
    data["current_model"] = model_accs[-1]
IndexError: list index out of range
2025-02-25 21:12:18,636 - server - /home/marcuswrrn/Projects/Federated-Learning/src/coordination/server/aggregation.py - check_database - 19 : Training round : 1
2025-02-25 21:12:20,328 - server - /home/marcuswrrn/Projects/Federated-Learning/src/coordination/server/server.py - upload_model - 35 : Received client model from : 5ff05c8410451f90560ba27c614d22f1
2025-02-25 21:12:21,226 - server - /home/marcuswrrn/Projects/Federated-Learning/.venv/lib/python3.10/site-packages/flask/app.py - log_exception - 875 : Exception on /view/current_round [GET]
Traceback (most recent call last):
  File "/home/marcuswrrn/Projects/Federated-Learning/.venv/lib/python3.10/site-packages/flask/app.py", line 1511, in wsgi_app
    response = self.full_dispatch_request()
  File "/home/marcuswrrn/Projects/Federated-Learning/.venv/lib/python3.10/site-packages/flask/app.py", line 919, in full_dispatch_request
    rv = self.handle_user_exception(e)
  File "/home/marcuswrrn/Projects/Federated-Learning/.venv/lib/python3.10/site-packages/flask/app.py", line 917, in full_dispatch_request
    rv = self.dispatch_request()
  File "/home/marcuswrrn/Projects/Federated-Learning/.venv/lib/python3.10/site-packages/flask/app.py", line 902, in dispatch_request
    return self.ensure_sync(self.view_functions[rule.endpoint])(**view_args)  # type: ignore[no-any-return]
  File "/home/marcuswrrn/Projects/Federated-Learning/src/coordination/server/views.py", line 27, in current_round
    data["current_model"] = model_accs[-1]
IndexError: list index out of range
2025-02-25 21:12:26,230 - server - /home/marcuswrrn/Projects/Federated-Learning/.venv/lib/python3.10/site-packages/flask/app.py - log_exception - 875 : Exception on /view/current_round [GET]
Traceback (most recent call last):
  File "/home/marcuswrrn/Projects/Federated-Learning/.venv/lib/python3.10/site-packages/flask/app.py", line 1511, in wsgi_app
    response = self.full_dispatch_request()
  File "/home/marcuswrrn/Projects/Federated-Learning/.venv/lib/python3.10/site-packages/flask/app.py", line 919, in full_dispatch_request
    rv = self.handle_user_exception(e)
  File "/home/marcuswrrn/Projects/Federated-Learning/.venv/lib/python3.10/site-packages/flask/app.py", line 917, in full_dispatch_request
    rv = self.dispatch_request()
  File "/home/marcuswrrn/Projects/Federated-Learning/.venv/lib/python3.10/site-packages/flask/app.py", line 902, in dispatch_request
    return self.ensure_sync(self.view_functions[rule.endpoint])(**view_args)  # type: ignore[no-any-return]
  File "/home/marcuswrrn/Projects/Federated-Learning/src/coordination/server/views.py", line 27, in current_round
    data["current_model"] = model_accs[-1]
IndexError: list index out of range
2025-02-25 21:12:31,229 - server - /home/marcuswrrn/Projects/Federated-Learning/.venv/lib/python3.10/site-packages/flask/app.py - log_exception - 875 : Exception on /view/current_round [GET]
Traceback (most recent call last):
  File "/home/marcuswrrn/Projects/Federated-Learning/.venv/lib/python3.10/site-packages/flask/app.py", line 1511, in wsgi_app
    response = self.full_dispatch_request()
  File "/home/marcuswrrn/Projects/Federated-Learning/.venv/lib/python3.10/site-packages/flask/app.py", line 919, in full_dispatch_request
    rv = self.handle_user_exception(e)
  File "/home/marcuswrrn/Projects/Federated-Learning/.venv/lib/python3.10/site-packages/flask/app.py", line 917, in full_dispatch_request
    rv = self.dispatch_request()
  File "/home/marcuswrrn/Projects/Federated-Learning/.venv/lib/python3.10/site-packages/flask/app.py", line 902, in dispatch_request
    return self.ensure_sync(self.view_functions[rule.endpoint])(**view_args)  # type: ignore[no-any-return]
  File "/home/marcuswrrn/Projects/Federated-Learning/src/coordination/server/views.py", line 27, in current_round
    data["current_model"] = model_accs[-1]
IndexError: list index out of range
2025-02-25 21:12:32,730 - server - /home/marcuswrrn/Projects/Federated-Learning/src/coordination/server/server.py - get_model - 18 : Getting model to /home/marcuswrrn/Projects/Federated-Learning/src/coordination/instance/super_round_7/training_round_1/200f53e16feb0a2f8d1a0a42408d1b2e.pth
2025-02-25 21:12:36,232 - server - /home/marcuswrrn/Projects/Federated-Learning/.venv/lib/python3.10/site-packages/flask/app.py - log_exception - 875 : Exception on /view/current_round [GET]
Traceback (most recent call last):
  File "/home/marcuswrrn/Projects/Federated-Learning/.venv/lib/python3.10/site-packages/flask/app.py", line 1511, in wsgi_app
    response = self.full_dispatch_request()
  File "/home/marcuswrrn/Projects/Federated-Learning/.venv/lib/python3.10/site-packages/flask/app.py", line 919, in full_dispatch_request
    rv = self.handle_user_exception(e)
  File "/home/marcuswrrn/Projects/Federated-Learning/.venv/lib/python3.10/site-packages/flask/app.py", line 917, in full_dispatch_request
    rv = self.dispatch_request()
  File "/home/marcuswrrn/Projects/Federated-Learning/.venv/lib/python3.10/site-packages/flask/app.py", line 902, in dispatch_request
    return self.ensure_sync(self.view_functions[rule.endpoint])(**view_args)  # type: ignore[no-any-return]
  File "/home/marcuswrrn/Projects/Federated-Learning/src/coordination/server/views.py", line 27, in current_round
    data["current_model"] = model_accs[-1]
IndexError: list index out of range
2025-02-25 21:12:43,148 - server - /home/marcuswrrn/Projects/Federated-Learning/src/coordination/server/__init__.py - create_app - 25 : Starting up server
2025-02-25 21:12:43,148 - server - /home/marcuswrrn/Projects/Federated-Learning/src/coordination/server/__init__.py - create_app - 31 : Database path : /home/marcuswrrn/Projects/Federated-Learning/src/coordination/instance/db.sqlite
2025-02-25 21:12:43,153 - server - /home/marcuswrrn/Projects/Federated-Learning/src/coordination/server/__init__.py - create_app - 47 : Map([<Rule '/static/<filename>' (GET, OPTIONS, HEAD) -> static>,
 <Rule '/training/get_model/<model_id>' (GET, OPTIONS, HEAD) -> training.get_model>,
 <Rule '/training/upload-model' (OPTIONS, POST) -> training.upload_model>,
 <Rule '/training/display_models' (GET, OPTIONS, HEAD) -> training.display>,
 <Rule '/training/ping' (OPTIONS, POST) -> training.ping_server>,
 <Rule '/training/initialize' (OPTIONS, POST) -> training.init_training>,
 <Rule '/training/shutdown' (OPTIONS, POST) -> training.shutdown>,
 <Rule '/training/connect_test' (GET, OPTIONS, HEAD, POST) -> training.connected>,
 <Rule '/view/models/<super_round>' (GET, OPTIONS, HEAD) -> view.models>,
 <Rule '/view/current_round' (GET, OPTIONS, HEAD) -> view.current_round>,
 <Rule '/view/' (GET, OPTIONS, HEAD) -> view.home>])
2025-02-25 21:12:43,154 - server - /home/marcuswrrn/Projects/Federated-Learning/src/coordination/server/aggregation.py - check_database - 11 : Starting database check
2025-02-25 21:12:43,158 - server - /home/marcuswrrn/Projects/Federated-Learning/src/coordination/server/aggregation.py - check_database - 19 : Training round : 1
2025-02-25 21:12:43,863 - server - /home/marcuswrrn/Projects/Federated-Learning/src/coordination/server/server.py - get_model - 18 : Getting model to /home/marcuswrrn/Projects/Federated-Learning/src/coordination/instance/super_round_7/training_round_1/200f53e16feb0a2f8d1a0a42408d1b2e.pth
2025-02-25 21:12:45,713 - server - /home/marcuswrrn/Projects/Federated-Learning/src/coordination/server/server.py - upload_model - 35 : Received client model from : 3e650d3bda9f3da6546272b60f552360
2025-02-25 21:13:04,991 - server - /home/marcuswrrn/Projects/Federated-Learning/src/coordination/server/__init__.py - create_app - 25 : Starting up server
2025-02-25 21:13:04,991 - server - /home/marcuswrrn/Projects/Federated-Learning/src/coordination/server/__init__.py - create_app - 31 : Database path : /home/marcuswrrn/Projects/Federated-Learning/src/coordination/instance/db.sqlite
2025-02-25 21:13:04,994 - server - /home/marcuswrrn/Projects/Federated-Learning/src/coordination/server/__init__.py - create_app - 47 : Map([<Rule '/static/<filename>' (HEAD, GET, OPTIONS) -> static>,
 <Rule '/training/get_model/<model_id>' (HEAD, GET, OPTIONS) -> training.get_model>,
 <Rule '/training/upload-model' (POST, OPTIONS) -> training.upload_model>,
 <Rule '/training/display_models' (HEAD, GET, OPTIONS) -> training.display>,
 <Rule '/training/ping' (POST, OPTIONS) -> training.ping_server>,
 <Rule '/training/initialize' (POST, OPTIONS) -> training.init_training>,
 <Rule '/training/shutdown' (POST, OPTIONS) -> training.shutdown>,
 <Rule '/training/connect_test' (POST, HEAD, GET, OPTIONS) -> training.connected>,
 <Rule '/view/models/<super_round>' (HEAD, GET, OPTIONS) -> view.models>,
 <Rule '/view/current_round' (HEAD, GET, OPTIONS) -> view.current_round>,
 <Rule '/view/' (HEAD, GET, OPTIONS) -> view.home>])
2025-02-25 21:13:04,994 - server - /home/marcuswrrn/Projects/Federated-Learning/src/coordination/server/aggregation.py - check_database - 11 : Starting database check
2025-02-25 21:13:04,996 - server - /home/marcuswrrn/Projects/Federated-Learning/src/coordination/server/aggregation.py - check_database - 19 : Training round : 1
2025-02-25 21:13:35,026 - server - /home/marcuswrrn/Projects/Federated-Learning/src/coordination/server/aggregation.py - check_database - 19 : Training round : 1
2025-02-25 21:13:37,261 - server - /home/marcuswrrn/Projects/Federated-Learning/src/coordination/server/server.py - upload_model - 35 : Received client model from : e88b64033808ca1ab245e9e65a773fbb
2025-02-25 21:13:55,430 - server - /home/marcuswrrn/Projects/Federated-Learning/src/coordination/server/__init__.py - create_app - 25 : Starting up server
2025-02-25 21:13:55,430 - server - /home/marcuswrrn/Projects/Federated-Learning/src/coordination/server/__init__.py - create_app - 31 : Database path : /home/marcuswrrn/Projects/Federated-Learning/src/coordination/instance/db.sqlite
2025-02-25 21:13:55,432 - server - /home/marcuswrrn/Projects/Federated-Learning/src/coordination/server/__init__.py - create_app - 47 : Map([<Rule '/static/<filename>' (HEAD, OPTIONS, GET) -> static>,
 <Rule '/training/get_model/<model_id>' (HEAD, OPTIONS, GET) -> training.get_model>,
 <Rule '/training/upload-model' (OPTIONS, POST) -> training.upload_model>,
 <Rule '/training/display_models' (HEAD, OPTIONS, GET) -> training.display>,
 <Rule '/training/ping' (OPTIONS, POST) -> training.ping_server>,
 <Rule '/training/initialize' (OPTIONS, POST) -> training.init_training>,
 <Rule '/training/shutdown' (OPTIONS, POST) -> training.shutdown>,
 <Rule '/training/connect_test' (HEAD, OPTIONS, GET, POST) -> training.connected>,
 <Rule '/view/models/<super_round>' (HEAD, OPTIONS, GET) -> view.models>,
 <Rule '/view/current_round' (HEAD, OPTIONS, GET) -> view.current_round>,
 <Rule '/view/' (HEAD, OPTIONS, GET) -> view.home>])
2025-02-25 21:13:55,432 - server - /home/marcuswrrn/Projects/Federated-Learning/src/coordination/server/aggregation.py - check_database - 11 : Starting database check
2025-02-25 21:13:55,433 - server - /home/marcuswrrn/Projects/Federated-Learning/src/coordination/server/aggregation.py - check_database - 19 : Training round : 1
2025-02-25 21:13:55,433 - server - /home/marcuswrrn/Projects/Federated-Learning/src/coordination/server/aggregation.py - check_database - 30 : Aggregating
2025-02-25 21:13:55,504 - server - /home/marcuswrrn/Projects/Federated-Learning/src/coordination/server/aggregation.py - check_database - 44 : Loading Client ID : 5ff05c8410451f90560ba27c614d22f1 . Loading file /home/marcuswrrn/Projects/Federated-Learning/src/coordination/instance/super_round_7/training_round_1/client_models/5ff05c8410451f90560ba27c614d22f1.pth
2025-02-25 21:13:55,579 - server - /home/marcuswrrn/Projects/Federated-Learning/src/coordination/server/aggregation.py - check_database - 44 : Loading Client ID : 3e650d3bda9f3da6546272b60f552360 . Loading file /home/marcuswrrn/Projects/Federated-Learning/src/coordination/instance/super_round_7/training_round_1/client_models/3e650d3bda9f3da6546272b60f552360.pth
2025-02-25 21:13:55,641 - server - /home/marcuswrrn/Projects/Federated-Learning/src/coordination/server/aggregation.py - check_database - 44 : Loading Client ID : e88b64033808ca1ab245e9e65a773fbb . Loading file /home/marcuswrrn/Projects/Federated-Learning/src/coordination/instance/super_round_7/training_round_1/client_models/e88b64033808ca1ab245e9e65a773fbb.pth
2025-02-25 21:13:55,784 - server - /home/marcuswrrn/Projects/Federated-Learning/src/coordination/server/validation.py - validation - 41 : Running validation ...
2025-02-25 21:14:04,223 - server - /home/marcuswrrn/Projects/Federated-Learning/src/coordination/server/validation.py - validation - 97 : Accuracy: 0.37801153715643027,
2025-02-25 21:14:04,223 - server - /home/marcuswrrn/Projects/Federated-Learning/src/coordination/server/validation.py - validation - 108 : Micro Recall 0.37801153715643027, Macro Recall 0.30394323741339585, Weighted Recall 0.3918875757163473

2025-02-25 21:14:04,223 - server - /home/marcuswrrn/Projects/Federated-Learning/src/coordination/server/validation.py - validation - 116 : Micro Precision 0.37801153715643027, Macro Precision 0.39722157525188484, Weighted Precision 0.8187096830168539

2025-02-25 21:14:04,223 - server - /home/marcuswrrn/Projects/Federated-Learning/src/coordination/server/validation.py - validation - 123 : F1 Precision 0.37801153715643027, F1 Precision 0.26654356374580346, F1 Precision 0.5170837512129188

2025-02-25 21:14:04,223 - server - /home/marcuswrrn/Projects/Federated-Learning/src/coordination/server/validation.py - validation - 131 : AUC Precision 0.0, AUC Precision 0.0, AUC Precision 0.0

2025-02-25 21:14:04,245 - server - /home/marcuswrrn/Projects/Federated-Learning/src/coordination/server/aggregation.py - check_database - 79 : Checking if done training (max round hit)
2025-02-25 21:14:04,245 - server - /home/marcuswrrn/Projects/Federated-Learning/src/coordination/server/aggregation.py - check_database - 80 : current round: 1, current + 1 : 2. max : 10
2025-02-25 21:14:04,287 - server - /home/marcuswrrn/Projects/Federated-Learning/src/coordination/server/aggregation.py - check_database - 90 : Starting training round 2
2025-02-25 21:14:07,349 - server - /home/marcuswrrn/Projects/Federated-Learning/src/coordination/server/server.py - get_model - 18 : Getting model to /home/marcuswrrn/Projects/Federated-Learning/src/coordination/instance/super_round_7/training_round_2/7b247570b5e1f7f4b4abe7f5dd3ef81d.pth
2025-02-25 21:14:15,898 - server - /home/marcuswrrn/Projects/Federated-Learning/src/coordination/server/server.py - get_model - 18 : Getting model to /home/marcuswrrn/Projects/Federated-Learning/src/coordination/instance/super_round_7/training_round_2/7b247570b5e1f7f4b4abe7f5dd3ef81d.pth
2025-02-25 21:14:20,447 - server - /home/marcuswrrn/Projects/Federated-Learning/src/coordination/server/server.py - get_model - 18 : Getting model to /home/marcuswrrn/Projects/Federated-Learning/src/coordination/instance/super_round_7/training_round_2/7b247570b5e1f7f4b4abe7f5dd3ef81d.pth
2025-02-25 21:14:20,972 - server - /home/marcuswrrn/Projects/Federated-Learning/src/coordination/server/server.py - upload_model - 35 : Received client model from : e88b64033808ca1ab245e9e65a773fbb
2025-02-25 21:14:34,321 - server - /home/marcuswrrn/Projects/Federated-Learning/src/coordination/server/aggregation.py - check_database - 19 : Training round : 2
2025-02-25 21:14:38,208 - server - /home/marcuswrrn/Projects/Federated-Learning/src/coordination/server/server.py - upload_model - 35 : Received client model from : 5ff05c8410451f90560ba27c614d22f1
2025-02-25 21:14:39,639 - server - /home/marcuswrrn/Projects/Federated-Learning/src/coordination/server/server.py - upload_model - 35 : Received client model from : 3e650d3bda9f3da6546272b60f552360
2025-02-25 21:15:04,332 - server - /home/marcuswrrn/Projects/Federated-Learning/src/coordination/server/aggregation.py - check_database - 19 : Training round : 2
2025-02-25 21:15:04,332 - server - /home/marcuswrrn/Projects/Federated-Learning/src/coordination/server/aggregation.py - check_database - 30 : Aggregating
2025-02-25 21:15:04,390 - server - /home/marcuswrrn/Projects/Federated-Learning/src/coordination/server/aggregation.py - check_database - 44 : Loading Client ID : e88b64033808ca1ab245e9e65a773fbb . Loading file /home/marcuswrrn/Projects/Federated-Learning/src/coordination/instance/super_round_7/training_round_2/client_models/e88b64033808ca1ab245e9e65a773fbb.pth
2025-02-25 21:15:04,442 - server - /home/marcuswrrn/Projects/Federated-Learning/src/coordination/server/aggregation.py - check_database - 44 : Loading Client ID : 5ff05c8410451f90560ba27c614d22f1 . Loading file /home/marcuswrrn/Projects/Federated-Learning/src/coordination/instance/super_round_7/training_round_2/client_models/5ff05c8410451f90560ba27c614d22f1.pth
2025-02-25 21:15:04,490 - server - /home/marcuswrrn/Projects/Federated-Learning/src/coordination/server/aggregation.py - check_database - 44 : Loading Client ID : 3e650d3bda9f3da6546272b60f552360 . Loading file /home/marcuswrrn/Projects/Federated-Learning/src/coordination/instance/super_round_7/training_round_2/client_models/3e650d3bda9f3da6546272b60f552360.pth
2025-02-25 21:15:04,619 - server - /home/marcuswrrn/Projects/Federated-Learning/src/coordination/server/validation.py - validation - 41 : Running validation ...
2025-02-25 21:15:11,704 - server - /home/marcuswrrn/Projects/Federated-Learning/src/coordination/server/validation.py - validation - 97 : Accuracy: 0.4241601628775025,
2025-02-25 21:15:11,704 - server - /home/marcuswrrn/Projects/Federated-Learning/src/coordination/server/validation.py - validation - 108 : Micro Recall 0.4241601628775025, Macro Recall 0.28372653385109786, Weighted Recall 0.4857572338086538

2025-02-25 21:15:11,704 - server - /home/marcuswrrn/Projects/Federated-Learning/src/coordination/server/validation.py - validation - 116 : Micro Precision 0.4241601628775025, Macro Precision 0.4222798259088582, Weighted Precision 0.9064037480798772

2025-02-25 21:15:11,705 - server - /home/marcuswrrn/Projects/Federated-Learning/src/coordination/server/validation.py - validation - 123 : F1 Precision 0.4241601628775025, F1 Precision 0.3003588665565193, F1 Precision 0.7519460764109286

2025-02-25 21:15:11,705 - server - /home/marcuswrrn/Projects/Federated-Learning/src/coordination/server/validation.py - validation - 131 : AUC Precision 0.0, AUC Precision 0.0, AUC Precision 0.0

2025-02-25 21:15:11,730 - server - /home/marcuswrrn/Projects/Federated-Learning/src/coordination/server/aggregation.py - check_database - 79 : Checking if done training (max round hit)
2025-02-25 21:15:11,731 - server - /home/marcuswrrn/Projects/Federated-Learning/src/coordination/server/aggregation.py - check_database - 80 : current round: 2, current + 1 : 3. max : 10
2025-02-25 21:15:11,770 - server - /home/marcuswrrn/Projects/Federated-Learning/src/coordination/server/aggregation.py - check_database - 90 : Starting training round 3
2025-02-25 21:15:21,086 - server - /home/marcuswrrn/Projects/Federated-Learning/src/coordination/server/server.py - get_model - 18 : Getting model to /home/marcuswrrn/Projects/Federated-Learning/src/coordination/instance/super_round_7/training_round_3/1754302e54390726d5aab70ffa275fa0.pth
2025-02-25 21:15:31,161 - server - /home/marcuswrrn/Projects/Federated-Learning/src/coordination/server/server.py - upload_model - 35 : Received client model from : e88b64033808ca1ab245e9e65a773fbb
2025-02-25 21:15:38,319 - server - /home/marcuswrrn/Projects/Federated-Learning/src/coordination/server/server.py - get_model - 18 : Getting model to /home/marcuswrrn/Projects/Federated-Learning/src/coordination/instance/super_round_7/training_round_3/1754302e54390726d5aab70ffa275fa0.pth
2025-02-25 21:15:39,735 - server - /home/marcuswrrn/Projects/Federated-Learning/src/coordination/server/server.py - get_model - 18 : Getting model to /home/marcuswrrn/Projects/Federated-Learning/src/coordination/instance/super_round_7/training_round_3/1754302e54390726d5aab70ffa275fa0.pth
2025-02-25 21:15:41,802 - server - /home/marcuswrrn/Projects/Federated-Learning/src/coordination/server/aggregation.py - check_database - 19 : Training round : 3
2025-02-25 21:15:55,897 - server - /home/marcuswrrn/Projects/Federated-Learning/src/coordination/server/server.py - upload_model - 35 : Received client model from : 5ff05c8410451f90560ba27c614d22f1
2025-02-25 21:15:58,174 - server - /home/marcuswrrn/Projects/Federated-Learning/src/coordination/server/server.py - upload_model - 35 : Received client model from : 3e650d3bda9f3da6546272b60f552360
2025-02-25 21:16:11,813 - server - /home/marcuswrrn/Projects/Federated-Learning/src/coordination/server/aggregation.py - check_database - 19 : Training round : 3
2025-02-25 21:16:11,814 - server - /home/marcuswrrn/Projects/Federated-Learning/src/coordination/server/aggregation.py - check_database - 30 : Aggregating
2025-02-25 21:16:11,861 - server - /home/marcuswrrn/Projects/Federated-Learning/src/coordination/server/aggregation.py - check_database - 44 : Loading Client ID : e88b64033808ca1ab245e9e65a773fbb . Loading file /home/marcuswrrn/Projects/Federated-Learning/src/coordination/instance/super_round_7/training_round_3/client_models/e88b64033808ca1ab245e9e65a773fbb.pth
2025-02-25 21:16:11,915 - server - /home/marcuswrrn/Projects/Federated-Learning/src/coordination/server/aggregation.py - check_database - 44 : Loading Client ID : 5ff05c8410451f90560ba27c614d22f1 . Loading file /home/marcuswrrn/Projects/Federated-Learning/src/coordination/instance/super_round_7/training_round_3/client_models/5ff05c8410451f90560ba27c614d22f1.pth
2025-02-25 21:16:11,965 - server - /home/marcuswrrn/Projects/Federated-Learning/src/coordination/server/aggregation.py - check_database - 44 : Loading Client ID : 3e650d3bda9f3da6546272b60f552360 . Loading file /home/marcuswrrn/Projects/Federated-Learning/src/coordination/instance/super_round_7/training_round_3/client_models/3e650d3bda9f3da6546272b60f552360.pth
2025-02-25 21:16:12,086 - server - /home/marcuswrrn/Projects/Federated-Learning/src/coordination/server/validation.py - validation - 41 : Running validation ...
2025-02-25 21:16:19,603 - server - /home/marcuswrrn/Projects/Federated-Learning/src/coordination/server/validation.py - validation - 97 : Accuracy: 0.44214455378350864,
2025-02-25 21:16:19,603 - server - /home/marcuswrrn/Projects/Federated-Learning/src/coordination/server/validation.py - validation - 108 : Micro Recall 0.44214455378350864, Macro Recall 0.3380251294825704, Weighted Recall 0.530254974923506

2025-02-25 21:16:19,603 - server - /home/marcuswrrn/Projects/Federated-Learning/src/coordination/server/validation.py - validation - 116 : Micro Precision 0.44214455378350864, Macro Precision 0.4583803172385775, Weighted Precision 0.9077263697569439

2025-02-25 21:16:19,603 - server - /home/marcuswrrn/Projects/Federated-Learning/src/coordination/server/validation.py - validation - 123 : F1 Precision 0.44214455378350864, F1 Precision 0.3379909681677025, F1 Precision 0.7436193958073027

2025-02-25 21:16:19,604 - server - /home/marcuswrrn/Projects/Federated-Learning/src/coordination/server/validation.py - validation - 131 : AUC Precision 0.0, AUC Precision 0.0, AUC Precision 0.0

2025-02-25 21:16:19,618 - server - /home/marcuswrrn/Projects/Federated-Learning/src/coordination/server/aggregation.py - check_database - 79 : Checking if done training (max round hit)
2025-02-25 21:16:19,618 - server - /home/marcuswrrn/Projects/Federated-Learning/src/coordination/server/aggregation.py - check_database - 80 : current round: 3, current + 1 : 4. max : 10
2025-02-25 21:16:19,660 - server - /home/marcuswrrn/Projects/Federated-Learning/src/coordination/server/aggregation.py - check_database - 90 : Starting training round 4
2025-02-25 21:16:26,055 - server - /home/marcuswrrn/Projects/Federated-Learning/src/coordination/server/server.py - get_model - 18 : Getting model to /home/marcuswrrn/Projects/Federated-Learning/src/coordination/instance/super_round_7/training_round_4/c77fce7db549748d463c2950baf002bb.pth
2025-02-25 21:16:28,258 - server - /home/marcuswrrn/Projects/Federated-Learning/src/coordination/server/server.py - get_model - 18 : Getting model to /home/marcuswrrn/Projects/Federated-Learning/src/coordination/instance/super_round_7/training_round_4/c77fce7db549748d463c2950baf002bb.pth
2025-02-25 21:16:31,268 - server - /home/marcuswrrn/Projects/Federated-Learning/src/coordination/server/server.py - get_model - 18 : Getting model to /home/marcuswrrn/Projects/Federated-Learning/src/coordination/instance/super_round_7/training_round_4/c77fce7db549748d463c2950baf002bb.pth
2025-02-25 21:16:49,692 - server - /home/marcuswrrn/Projects/Federated-Learning/src/coordination/server/aggregation.py - check_database - 19 : Training round : 4
2025-02-25 21:17:19,726 - server - /home/marcuswrrn/Projects/Federated-Learning/src/coordination/server/aggregation.py - check_database - 19 : Training round : 4
2025-02-25 21:17:39,730 - server - /home/marcuswrrn/Projects/Federated-Learning/src/coordination/server/server.py - upload_model - 35 : Received client model from : 5ff05c8410451f90560ba27c614d22f1
2025-02-25 21:17:40,677 - server - /home/marcuswrrn/Projects/Federated-Learning/src/coordination/server/server.py - upload_model - 35 : Received client model from : 3e650d3bda9f3da6546272b60f552360
2025-02-25 21:17:44,443 - server - /home/marcuswrrn/Projects/Federated-Learning/src/coordination/server/server.py - upload_model - 35 : Received client model from : e88b64033808ca1ab245e9e65a773fbb
2025-02-25 21:17:49,758 - server - /home/marcuswrrn/Projects/Federated-Learning/src/coordination/server/aggregation.py - check_database - 19 : Training round : 4
2025-02-25 21:17:49,758 - server - /home/marcuswrrn/Projects/Federated-Learning/src/coordination/server/aggregation.py - check_database - 30 : Aggregating
2025-02-25 21:17:49,808 - server - /home/marcuswrrn/Projects/Federated-Learning/src/coordination/server/aggregation.py - check_database - 44 : Loading Client ID : 5ff05c8410451f90560ba27c614d22f1 . Loading file /home/marcuswrrn/Projects/Federated-Learning/src/coordination/instance/super_round_7/training_round_4/client_models/5ff05c8410451f90560ba27c614d22f1.pth
2025-02-25 21:17:49,859 - server - /home/marcuswrrn/Projects/Federated-Learning/src/coordination/server/aggregation.py - check_database - 44 : Loading Client ID : 3e650d3bda9f3da6546272b60f552360 . Loading file /home/marcuswrrn/Projects/Federated-Learning/src/coordination/instance/super_round_7/training_round_4/client_models/3e650d3bda9f3da6546272b60f552360.pth
2025-02-25 21:17:49,905 - server - /home/marcuswrrn/Projects/Federated-Learning/src/coordination/server/aggregation.py - check_database - 44 : Loading Client ID : e88b64033808ca1ab245e9e65a773fbb . Loading file /home/marcuswrrn/Projects/Federated-Learning/src/coordination/instance/super_round_7/training_round_4/client_models/e88b64033808ca1ab245e9e65a773fbb.pth
2025-02-25 21:17:50,022 - server - /home/marcuswrrn/Projects/Federated-Learning/src/coordination/server/validation.py - validation - 41 : Running validation ...
2025-02-25 21:17:57,239 - server - /home/marcuswrrn/Projects/Federated-Learning/src/coordination/server/validation.py - validation - 97 : Accuracy: 0.7064811672887682,
2025-02-25 21:17:57,239 - server - /home/marcuswrrn/Projects/Federated-Learning/src/coordination/server/validation.py - validation - 108 : Micro Recall 0.7064811672887682, Macro Recall 0.663312344110529, Weighted Recall 0.7700877906979501

2025-02-25 21:17:57,239 - server - /home/marcuswrrn/Projects/Federated-Learning/src/coordination/server/validation.py - validation - 116 : Micro Precision 0.7064811672887682, Macro Precision 0.700561554467757, Weighted Precision 0.8657987016634457

2025-02-25 21:17:57,239 - server - /home/marcuswrrn/Projects/Federated-Learning/src/coordination/server/validation.py - validation - 123 : F1 Precision 0.7064811672887682, F1 Precision 0.6591011083943197, F1 Precision 0.8190777746061483

2025-02-25 21:17:57,239 - server - /home/marcuswrrn/Projects/Federated-Learning/src/coordination/server/validation.py - validation - 131 : AUC Precision 0.0, AUC Precision 0.0, AUC Precision 0.0

2025-02-25 21:17:57,262 - server - /home/marcuswrrn/Projects/Federated-Learning/src/coordination/server/aggregation.py - check_database - 79 : Checking if done training (max round hit)
2025-02-25 21:17:57,262 - server - /home/marcuswrrn/Projects/Federated-Learning/src/coordination/server/aggregation.py - check_database - 80 : current round: 4, current + 1 : 5. max : 10
2025-02-25 21:17:57,299 - server - /home/marcuswrrn/Projects/Federated-Learning/src/coordination/server/aggregation.py - check_database - 90 : Starting training round 5
2025-02-25 21:18:09,875 - server - /home/marcuswrrn/Projects/Federated-Learning/src/coordination/server/server.py - get_model - 18 : Getting model to /home/marcuswrrn/Projects/Federated-Learning/src/coordination/instance/super_round_7/training_round_5/0aba7459b0828a56e8309671d99ae1ae.pth
2025-02-25 21:18:10,814 - server - /home/marcuswrrn/Projects/Federated-Learning/src/coordination/server/server.py - get_model - 18 : Getting model to /home/marcuswrrn/Projects/Federated-Learning/src/coordination/instance/super_round_7/training_round_5/0aba7459b0828a56e8309671d99ae1ae.pth
2025-02-25 21:18:14,525 - server - /home/marcuswrrn/Projects/Federated-Learning/src/coordination/server/server.py - get_model - 18 : Getting model to /home/marcuswrrn/Projects/Federated-Learning/src/coordination/instance/super_round_7/training_round_5/0aba7459b0828a56e8309671d99ae1ae.pth
2025-02-25 21:18:27,335 - server - /home/marcuswrrn/Projects/Federated-Learning/src/coordination/server/aggregation.py - check_database - 19 : Training round : 5
2025-02-25 21:18:57,366 - server - /home/marcuswrrn/Projects/Federated-Learning/src/coordination/server/aggregation.py - check_database - 19 : Training round : 5
2025-02-25 21:19:27,396 - server - /home/marcuswrrn/Projects/Federated-Learning/src/coordination/server/aggregation.py - check_database - 19 : Training round : 5
2025-02-25 21:19:33,433 - server - /home/marcuswrrn/Projects/Federated-Learning/src/coordination/server/server.py - upload_model - 35 : Received client model from : 5ff05c8410451f90560ba27c614d22f1
2025-02-25 21:19:34,002 - server - /home/marcuswrrn/Projects/Federated-Learning/src/coordination/server/server.py - upload_model - 35 : Received client model from : 3e650d3bda9f3da6546272b60f552360
2025-02-25 21:19:35,968 - server - /home/marcuswrrn/Projects/Federated-Learning/src/coordination/server/server.py - upload_model - 35 : Received client model from : e88b64033808ca1ab245e9e65a773fbb
2025-02-25 21:19:57,431 - server - /home/marcuswrrn/Projects/Federated-Learning/src/coordination/server/aggregation.py - check_database - 19 : Training round : 5
2025-02-25 21:19:57,432 - server - /home/marcuswrrn/Projects/Federated-Learning/src/coordination/server/aggregation.py - check_database - 30 : Aggregating
2025-02-25 21:19:57,480 - server - /home/marcuswrrn/Projects/Federated-Learning/src/coordination/server/aggregation.py - check_database - 44 : Loading Client ID : 5ff05c8410451f90560ba27c614d22f1 . Loading file /home/marcuswrrn/Projects/Federated-Learning/src/coordination/instance/super_round_7/training_round_5/client_models/5ff05c8410451f90560ba27c614d22f1.pth
2025-02-25 21:19:57,532 - server - /home/marcuswrrn/Projects/Federated-Learning/src/coordination/server/aggregation.py - check_database - 44 : Loading Client ID : 3e650d3bda9f3da6546272b60f552360 . Loading file /home/marcuswrrn/Projects/Federated-Learning/src/coordination/instance/super_round_7/training_round_5/client_models/3e650d3bda9f3da6546272b60f552360.pth
2025-02-25 21:19:57,580 - server - /home/marcuswrrn/Projects/Federated-Learning/src/coordination/server/aggregation.py - check_database - 44 : Loading Client ID : e88b64033808ca1ab245e9e65a773fbb . Loading file /home/marcuswrrn/Projects/Federated-Learning/src/coordination/instance/super_round_7/training_round_5/client_models/e88b64033808ca1ab245e9e65a773fbb.pth
2025-02-25 21:19:57,699 - server - /home/marcuswrrn/Projects/Federated-Learning/src/coordination/server/validation.py - validation - 41 : Running validation ...
2025-02-25 21:20:06,152 - server - /home/marcuswrrn/Projects/Federated-Learning/src/coordination/server/validation.py - validation - 97 : Accuracy: 0.7617916525279945,
2025-02-25 21:20:06,152 - server - /home/marcuswrrn/Projects/Federated-Learning/src/coordination/server/validation.py - validation - 108 : Micro Recall 0.7617916525279945, Macro Recall 0.7996931749709703, Weighted Recall 0.810244327531569

2025-02-25 21:20:06,152 - server - /home/marcuswrrn/Projects/Federated-Learning/src/coordination/server/validation.py - validation - 116 : Micro Precision 0.7617916525279945, Macro Precision 0.764577873243447, Weighted Precision 0.8020616742122108

2025-02-25 21:20:06,152 - server - /home/marcuswrrn/Projects/Federated-Learning/src/coordination/server/validation.py - validation - 123 : F1 Precision 0.7617916525279945, F1 Precision 0.7657120867271953, F1 Precision 0.7752242162920338

2025-02-25 21:20:06,152 - server - /home/marcuswrrn/Projects/Federated-Learning/src/coordination/server/validation.py - validation - 131 : AUC Precision 0.0, AUC Precision 0.0, AUC Precision 0.0

2025-02-25 21:20:06,169 - server - /home/marcuswrrn/Projects/Federated-Learning/src/coordination/server/aggregation.py - check_database - 79 : Checking if done training (max round hit)
2025-02-25 21:20:06,169 - server - /home/marcuswrrn/Projects/Federated-Learning/src/coordination/server/aggregation.py - check_database - 80 : current round: 5, current + 1 : 6. max : 10
2025-02-25 21:20:06,211 - server - /home/marcuswrrn/Projects/Federated-Learning/src/coordination/server/aggregation.py - check_database - 90 : Starting training round 6
2025-02-25 21:26:09,968 - server - /home/marcuswrrn/Projects/Federated-Learning/src/coordination/server/__init__.py - create_app - 25 : Starting up server
2025-02-25 21:26:09,968 - server - /home/marcuswrrn/Projects/Federated-Learning/src/coordination/server/__init__.py - create_app - 31 : Database path : /home/marcuswrrn/Projects/Federated-Learning/src/coordination/instance/db.sqlite
2025-02-25 21:26:09,971 - server - /home/marcuswrrn/Projects/Federated-Learning/src/coordination/server/__init__.py - create_app - 47 : Map([<Rule '/static/<filename>' (OPTIONS, HEAD, GET) -> static>,
 <Rule '/training/get_model/<model_id>' (OPTIONS, HEAD, GET) -> training.get_model>,
 <Rule '/training/upload-model' (POST, OPTIONS) -> training.upload_model>,
 <Rule '/training/display_models' (OPTIONS, HEAD, GET) -> training.display>,
 <Rule '/training/ping' (POST, OPTIONS) -> training.ping_server>,
 <Rule '/training/initialize' (POST, OPTIONS) -> training.init_training>,
 <Rule '/training/shutdown' (POST, OPTIONS) -> training.shutdown>,
 <Rule '/training/connect_test' (POST, OPTIONS, HEAD, GET) -> training.connected>,
 <Rule '/view/models/<super_round>' (OPTIONS, HEAD, GET) -> view.models>,
 <Rule '/view/current_round' (OPTIONS, HEAD, GET) -> view.current_round>,
 <Rule '/view/' (OPTIONS, HEAD, GET) -> view.home>])
2025-02-25 21:26:09,971 - server - /home/marcuswrrn/Projects/Federated-Learning/src/coordination/server/aggregation.py - check_database - 11 : Starting database check
2025-02-25 21:26:09,972 - server - /home/marcuswrrn/Projects/Federated-Learning/src/coordination/server/aggregation.py - check_database - 19 : Training round : 6
2025-02-25 21:26:40,004 - server - /home/marcuswrrn/Projects/Federated-Learning/src/coordination/server/aggregation.py - check_database - 19 : Training round : 6
2025-02-25 21:27:10,011 - server - /home/marcuswrrn/Projects/Federated-Learning/src/coordination/server/aggregation.py - check_database - 19 : Training round : 6
2025-02-25 21:27:40,038 - server - /home/marcuswrrn/Projects/Federated-Learning/src/coordination/server/aggregation.py - check_database - 19 : Training round : 6
2025-02-25 21:28:10,045 - server - /home/marcuswrrn/Projects/Federated-Learning/src/coordination/server/aggregation.py - check_database - 19 : Training round : 6
2025-02-25 21:28:40,050 - server - /home/marcuswrrn/Projects/Federated-Learning/src/coordination/server/aggregation.py - check_database - 19 : Training round : 6
2025-02-25 21:29:10,082 - server - /home/marcuswrrn/Projects/Federated-Learning/src/coordination/server/aggregation.py - check_database - 19 : Training round : 6
2025-02-25 21:29:40,111 - server - /home/marcuswrrn/Projects/Federated-Learning/src/coordination/server/aggregation.py - check_database - 19 : Training round : 6
2025-02-25 21:30:10,142 - server - /home/marcuswrrn/Projects/Federated-Learning/src/coordination/server/aggregation.py - check_database - 19 : Training round : 6
2025-02-25 21:30:40,153 - server - /home/marcuswrrn/Projects/Federated-Learning/src/coordination/server/aggregation.py - check_database - 19 : Training round : 6
2025-02-25 21:31:10,185 - server - /home/marcuswrrn/Projects/Federated-Learning/src/coordination/server/aggregation.py - check_database - 19 : Training round : 6
2025-02-25 21:31:40,215 - server - /home/marcuswrrn/Projects/Federated-Learning/src/coordination/server/aggregation.py - check_database - 19 : Training round : 6
2025-02-25 21:32:10,247 - server - /home/marcuswrrn/Projects/Federated-Learning/src/coordination/server/aggregation.py - check_database - 19 : Training round : 6
2025-02-25 21:32:40,277 - server - /home/marcuswrrn/Projects/Federated-Learning/src/coordination/server/aggregation.py - check_database - 19 : Training round : 6
2025-02-25 21:33:10,307 - server - /home/marcuswrrn/Projects/Federated-Learning/src/coordination/server/aggregation.py - check_database - 19 : Training round : 6
2025-02-25 21:33:40,338 - server - /home/marcuswrrn/Projects/Federated-Learning/src/coordination/server/aggregation.py - check_database - 19 : Training round : 6
2025-02-25 21:33:44,173 - server - /home/marcuswrrn/Projects/Federated-Learning/src/coordination/server/__init__.py - create_app - 25 : Starting up server
2025-02-25 21:33:44,173 - server - /home/marcuswrrn/Projects/Federated-Learning/src/coordination/server/__init__.py - create_app - 31 : Database path : /home/marcuswrrn/Projects/Federated-Learning/src/coordination/instance/db.sqlite
2025-02-25 21:33:44,175 - server - /home/marcuswrrn/Projects/Federated-Learning/src/coordination/server/__init__.py - create_app - 47 : Map([<Rule '/static/<filename>' (GET, OPTIONS, HEAD) -> static>,
 <Rule '/training/get_model/<model_id>' (GET, OPTIONS, HEAD) -> training.get_model>,
 <Rule '/training/upload-model' (POST, OPTIONS) -> training.upload_model>,
 <Rule '/training/display_models' (GET, OPTIONS, HEAD) -> training.display>,
 <Rule '/training/ping' (POST, OPTIONS) -> training.ping_server>,
 <Rule '/training/initialize' (POST, OPTIONS) -> training.init_training>,
 <Rule '/training/shutdown' (POST, OPTIONS) -> training.shutdown>,
 <Rule '/training/connect_test' (POST, GET, OPTIONS, HEAD) -> training.connected>,
 <Rule '/view/models/<super_round>' (GET, OPTIONS, HEAD) -> view.models>,
 <Rule '/view/current_round' (GET, OPTIONS, HEAD) -> view.current_round>,
 <Rule '/view/' (GET, OPTIONS, HEAD) -> view.home>])
2025-02-25 21:33:44,175 - server - /home/marcuswrrn/Projects/Federated-Learning/src/coordination/server/aggregation.py - check_database - 11 : Starting database check
2025-02-25 21:33:44,177 - server - /home/marcuswrrn/Projects/Federated-Learning/src/coordination/server/aggregation.py - check_database - 19 : Training round : 6
2025-02-25 21:33:56,973 - server - /home/marcuswrrn/Projects/Federated-Learning/src/coordination/server/server.py - init_training - 106 : New Super round
2025-02-25 21:33:56,973 - server - /home/marcuswrrn/Projects/Federated-Learning/src/coordination/server/server.py - init_training - 107 : Start training
2025-02-25 21:33:56,983 - server - /home/marcuswrrn/Projects/Federated-Learning/src/coordination/server/server.py - init_training - 126 : Round initializer
2025-02-25 21:34:03,511 - server - /home/marcuswrrn/Projects/Federated-Learning/src/coordination/server/server.py - get_model - 18 : Getting model to /home/marcuswrrn/Projects/Federated-Learning/src/coordination/instance/super_round_8/training_round_1/13b0ad6f7fea976d73fd4db5193ccd44.pth
2025-02-25 21:34:08,061 - server - /home/marcuswrrn/Projects/Federated-Learning/src/coordination/server/server.py - get_model - 18 : Getting model to /home/marcuswrrn/Projects/Federated-Learning/src/coordination/instance/super_round_8/training_round_1/13b0ad6f7fea976d73fd4db5193ccd44.pth
2025-02-25 21:34:10,908 - server - /home/marcuswrrn/Projects/Federated-Learning/src/coordination/server/server.py - get_model - 18 : Getting model to /home/marcuswrrn/Projects/Federated-Learning/src/coordination/instance/super_round_8/training_round_1/13b0ad6f7fea976d73fd4db5193ccd44.pth
2025-02-25 21:34:14,211 - server - /home/marcuswrrn/Projects/Federated-Learning/src/coordination/server/aggregation.py - check_database - 19 : Training round : 1
2025-02-25 21:34:44,241 - server - /home/marcuswrrn/Projects/Federated-Learning/src/coordination/server/aggregation.py - check_database - 19 : Training round : 1
2025-02-25 21:34:57,323 - server - /home/marcuswrrn/Projects/Federated-Learning/src/coordination/server/server.py - upload_model - 35 : Received client model from : e88b64033808ca1ab245e9e65a773fbb
2025-02-25 21:35:08,501 - server - /home/marcuswrrn/Projects/Federated-Learning/src/coordination/server/server.py - upload_model - 35 : Received client model from : 5ff05c8410451f90560ba27c614d22f1
2025-02-25 21:35:09,125 - server - /home/marcuswrrn/Projects/Federated-Learning/src/coordination/server/server.py - upload_model - 35 : Received client model from : 3e650d3bda9f3da6546272b60f552360
2025-02-25 21:35:14,271 - server - /home/marcuswrrn/Projects/Federated-Learning/src/coordination/server/aggregation.py - check_database - 19 : Training round : 1
2025-02-25 21:35:14,271 - server - /home/marcuswrrn/Projects/Federated-Learning/src/coordination/server/aggregation.py - check_database - 30 : Aggregating
2025-02-25 21:35:14,353 - server - /home/marcuswrrn/Projects/Federated-Learning/src/coordination/server/aggregation.py - check_database - 44 : Loading Client ID : e88b64033808ca1ab245e9e65a773fbb . Loading file /home/marcuswrrn/Projects/Federated-Learning/src/coordination/instance/super_round_8/training_round_1/client_models/e88b64033808ca1ab245e9e65a773fbb.pth
2025-02-25 21:35:14,428 - server - /home/marcuswrrn/Projects/Federated-Learning/src/coordination/server/aggregation.py - check_database - 44 : Loading Client ID : 5ff05c8410451f90560ba27c614d22f1 . Loading file /home/marcuswrrn/Projects/Federated-Learning/src/coordination/instance/super_round_8/training_round_1/client_models/5ff05c8410451f90560ba27c614d22f1.pth
2025-02-25 21:35:14,491 - server - /home/marcuswrrn/Projects/Federated-Learning/src/coordination/server/aggregation.py - check_database - 44 : Loading Client ID : 3e650d3bda9f3da6546272b60f552360 . Loading file /home/marcuswrrn/Projects/Federated-Learning/src/coordination/instance/super_round_8/training_round_1/client_models/3e650d3bda9f3da6546272b60f552360.pth
2025-02-25 21:35:14,628 - server - /home/marcuswrrn/Projects/Federated-Learning/src/coordination/server/validation.py - validation - 41 : Running validation ...
2025-02-25 21:35:23,333 - server - /home/marcuswrrn/Projects/Federated-Learning/src/coordination/server/validation.py - validation - 97 : Accuracy: 0.3505259586019681,
2025-02-25 21:35:23,333 - server - /home/marcuswrrn/Projects/Federated-Learning/src/coordination/server/validation.py - validation - 108 : Micro Recall 0.3505259586019681, Macro Recall 0.11696068165637892, Weighted Recall 0.35063559298814334

2025-02-25 21:35:23,333 - server - /home/marcuswrrn/Projects/Federated-Learning/src/coordination/server/validation.py - validation - 116 : Micro Precision 0.3505259586019681, Macro Precision 0.3333333333333333, Weighted Precision 1.0

2025-02-25 21:35:23,333 - server - /home/marcuswrrn/Projects/Federated-Learning/src/coordination/server/validation.py - validation - 123 : F1 Precision 0.3505259586019681, F1 Precision 0.17315151860456776, F1 Precision 1.0

2025-02-25 21:35:23,333 - server - /home/marcuswrrn/Projects/Federated-Learning/src/coordination/server/validation.py - validation - 131 : AUC Precision 0.0, AUC Precision 0.0, AUC Precision 0.0

2025-02-25 21:35:23,355 - server - /home/marcuswrrn/Projects/Federated-Learning/src/coordination/server/aggregation.py - check_database - 79 : Checking if done training (max round hit)
2025-02-25 21:35:23,355 - server - /home/marcuswrrn/Projects/Federated-Learning/src/coordination/server/aggregation.py - check_database - 80 : current round: 1, current + 1 : 2. max : 10
2025-02-25 21:35:23,395 - server - /home/marcuswrrn/Projects/Federated-Learning/src/coordination/server/aggregation.py - check_database - 90 : Starting training round 2
2025-02-25 21:35:27,508 - server - /home/marcuswrrn/Projects/Federated-Learning/src/coordination/server/server.py - get_model - 18 : Getting model to /home/marcuswrrn/Projects/Federated-Learning/src/coordination/instance/super_round_8/training_round_2/501df568e9f759b296cf4c26516a3036.pth
2025-02-25 21:35:38,644 - server - /home/marcuswrrn/Projects/Federated-Learning/src/coordination/server/server.py - get_model - 18 : Getting model to /home/marcuswrrn/Projects/Federated-Learning/src/coordination/instance/super_round_8/training_round_2/501df568e9f759b296cf4c26516a3036.pth
2025-02-25 21:35:39,223 - server - /home/marcuswrrn/Projects/Federated-Learning/src/coordination/server/server.py - get_model - 18 : Getting model to /home/marcuswrrn/Projects/Federated-Learning/src/coordination/instance/super_round_8/training_round_2/501df568e9f759b296cf4c26516a3036.pth
2025-02-25 21:35:53,431 - server - /home/marcuswrrn/Projects/Federated-Learning/src/coordination/server/aggregation.py - check_database - 19 : Training round : 2
2025-02-25 21:35:53,574 - server - /home/marcuswrrn/Projects/Federated-Learning/src/coordination/server/server.py - upload_model - 35 : Received client model from : e88b64033808ca1ab245e9e65a773fbb
2025-02-25 21:36:14,851 - server - /home/marcuswrrn/Projects/Federated-Learning/src/coordination/server/server.py - upload_model - 35 : Received client model from : 3e650d3bda9f3da6546272b60f552360
2025-02-25 21:36:14,867 - server - /home/marcuswrrn/Projects/Federated-Learning/src/coordination/server/server.py - upload_model - 35 : Received client model from : 5ff05c8410451f90560ba27c614d22f1
2025-02-25 21:36:23,433 - server - /home/marcuswrrn/Projects/Federated-Learning/src/coordination/server/aggregation.py - check_database - 19 : Training round : 2
2025-02-25 21:36:23,433 - server - /home/marcuswrrn/Projects/Federated-Learning/src/coordination/server/aggregation.py - check_database - 30 : Aggregating
2025-02-25 21:36:23,497 - server - /home/marcuswrrn/Projects/Federated-Learning/src/coordination/server/aggregation.py - check_database - 44 : Loading Client ID : e88b64033808ca1ab245e9e65a773fbb . Loading file /home/marcuswrrn/Projects/Federated-Learning/src/coordination/instance/super_round_8/training_round_2/client_models/e88b64033808ca1ab245e9e65a773fbb.pth
2025-02-25 21:36:23,550 - server - /home/marcuswrrn/Projects/Federated-Learning/src/coordination/server/aggregation.py - check_database - 44 : Loading Client ID : 3e650d3bda9f3da6546272b60f552360 . Loading file /home/marcuswrrn/Projects/Federated-Learning/src/coordination/instance/super_round_8/training_round_2/client_models/3e650d3bda9f3da6546272b60f552360.pth
2025-02-25 21:36:23,597 - server - /home/marcuswrrn/Projects/Federated-Learning/src/coordination/server/aggregation.py - check_database - 44 : Loading Client ID : 5ff05c8410451f90560ba27c614d22f1 . Loading file /home/marcuswrrn/Projects/Federated-Learning/src/coordination/instance/super_round_8/training_round_2/client_models/5ff05c8410451f90560ba27c614d22f1.pth
2025-02-25 21:36:23,724 - server - /home/marcuswrrn/Projects/Federated-Learning/src/coordination/server/validation.py - validation - 41 : Running validation ...
2025-02-25 21:36:34,055 - server - /home/marcuswrrn/Projects/Federated-Learning/src/coordination/server/validation.py - validation - 97 : Accuracy: 0.45469969460468274,
2025-02-25 21:36:34,055 - server - /home/marcuswrrn/Projects/Federated-Learning/src/coordination/server/validation.py - validation - 108 : Micro Recall 0.45469969460468274, Macro Recall 0.30033473797365595, Weighted Recall 0.4812243525762766

2025-02-25 21:36:34,055 - server - /home/marcuswrrn/Projects/Federated-Learning/src/coordination/server/validation.py - validation - 116 : Micro Precision 0.45469969460468274, Macro Precision 0.46113561845726386, Weighted Precision 0.7451171985112433

2025-02-25 21:36:34,055 - server - /home/marcuswrrn/Projects/Federated-Learning/src/coordination/server/validation.py - validation - 123 : F1 Precision 0.45469969460468274, F1 Precision 0.36267925971578413, F1 Precision 0.7333005141575879

2025-02-25 21:36:34,055 - server - /home/marcuswrrn/Projects/Federated-Learning/src/coordination/server/validation.py - validation - 131 : AUC Precision 0.0, AUC Precision 0.0, AUC Precision 0.0

2025-02-25 21:36:34,078 - server - /home/marcuswrrn/Projects/Federated-Learning/src/coordination/server/aggregation.py - check_database - 79 : Checking if done training (max round hit)
2025-02-25 21:36:34,078 - server - /home/marcuswrrn/Projects/Federated-Learning/src/coordination/server/aggregation.py - check_database - 80 : current round: 2, current + 1 : 3. max : 10
2025-02-25 21:36:34,120 - server - /home/marcuswrrn/Projects/Federated-Learning/src/coordination/server/aggregation.py - check_database - 90 : Starting training round 3
2025-02-25 21:36:44,931 - server - /home/marcuswrrn/Projects/Federated-Learning/src/coordination/server/server.py - get_model - 18 : Getting model to /home/marcuswrrn/Projects/Federated-Learning/src/coordination/instance/super_round_8/training_round_3/183a14283e5b577ecb7f99a9cc42569c.pth
2025-02-25 21:36:44,934 - server - /home/marcuswrrn/Projects/Federated-Learning/src/coordination/server/server.py - get_model - 18 : Getting model to /home/marcuswrrn/Projects/Federated-Learning/src/coordination/instance/super_round_8/training_round_3/183a14283e5b577ecb7f99a9cc42569c.pth
2025-02-25 21:36:53,739 - server - /home/marcuswrrn/Projects/Federated-Learning/src/coordination/server/server.py - get_model - 18 : Getting model to /home/marcuswrrn/Projects/Federated-Learning/src/coordination/instance/super_round_8/training_round_3/183a14283e5b577ecb7f99a9cc42569c.pth
2025-02-25 21:37:04,157 - server - /home/marcuswrrn/Projects/Federated-Learning/src/coordination/server/aggregation.py - check_database - 19 : Training round : 3
2025-02-25 21:37:34,187 - server - /home/marcuswrrn/Projects/Federated-Learning/src/coordination/server/aggregation.py - check_database - 19 : Training round : 3
2025-02-25 21:38:04,217 - server - /home/marcuswrrn/Projects/Federated-Learning/src/coordination/server/aggregation.py - check_database - 19 : Training round : 3
2025-02-25 21:38:04,684 - server - /home/marcuswrrn/Projects/Federated-Learning/src/coordination/server/server.py - upload_model - 35 : Received client model from : 3e650d3bda9f3da6546272b60f552360
2025-02-25 21:38:05,951 - server - /home/marcuswrrn/Projects/Federated-Learning/src/coordination/server/server.py - upload_model - 35 : Received client model from : 5ff05c8410451f90560ba27c614d22f1
2025-02-25 21:38:10,048 - server - /home/marcuswrrn/Projects/Federated-Learning/src/coordination/server/server.py - upload_model - 35 : Received client model from : e88b64033808ca1ab245e9e65a773fbb
2025-02-25 21:38:34,234 - server - /home/marcuswrrn/Projects/Federated-Learning/src/coordination/server/aggregation.py - check_database - 19 : Training round : 3
2025-02-25 21:38:34,234 - server - /home/marcuswrrn/Projects/Federated-Learning/src/coordination/server/aggregation.py - check_database - 30 : Aggregating
2025-02-25 21:38:34,292 - server - /home/marcuswrrn/Projects/Federated-Learning/src/coordination/server/aggregation.py - check_database - 44 : Loading Client ID : 3e650d3bda9f3da6546272b60f552360 . Loading file /home/marcuswrrn/Projects/Federated-Learning/src/coordination/instance/super_round_8/training_round_3/client_models/3e650d3bda9f3da6546272b60f552360.pth
2025-02-25 21:38:34,351 - server - /home/marcuswrrn/Projects/Federated-Learning/src/coordination/server/aggregation.py - check_database - 44 : Loading Client ID : 5ff05c8410451f90560ba27c614d22f1 . Loading file /home/marcuswrrn/Projects/Federated-Learning/src/coordination/instance/super_round_8/training_round_3/client_models/5ff05c8410451f90560ba27c614d22f1.pth
2025-02-25 21:38:34,400 - server - /home/marcuswrrn/Projects/Federated-Learning/src/coordination/server/aggregation.py - check_database - 44 : Loading Client ID : e88b64033808ca1ab245e9e65a773fbb . Loading file /home/marcuswrrn/Projects/Federated-Learning/src/coordination/instance/super_round_8/training_round_3/client_models/e88b64033808ca1ab245e9e65a773fbb.pth
2025-02-25 21:38:34,521 - server - /home/marcuswrrn/Projects/Federated-Learning/src/coordination/server/validation.py - validation - 41 : Running validation ...
2025-02-25 21:38:42,537 - server - /home/marcuswrrn/Projects/Federated-Learning/src/coordination/server/validation.py - validation - 97 : Accuracy: 0.4584323040380047,
2025-02-25 21:38:42,537 - server - /home/marcuswrrn/Projects/Federated-Learning/src/coordination/server/validation.py - validation - 108 : Micro Recall 0.4584323040380047, Macro Recall 0.44771752183802027, Weighted Recall 0.5147433768650721

2025-02-25 21:38:42,537 - server - /home/marcuswrrn/Projects/Federated-Learning/src/coordination/server/validation.py - validation - 116 : Micro Precision 0.4584323040380047, Macro Precision 0.4642778592516484, Weighted Precision 0.7938153301721237

2025-02-25 21:38:42,537 - server - /home/marcuswrrn/Projects/Federated-Learning/src/coordination/server/validation.py - validation - 123 : F1 Precision 0.45843230403800467, F1 Precision 0.3741551026809009, F1 Precision 0.5299025681947623

2025-02-25 21:38:42,538 - server - /home/marcuswrrn/Projects/Federated-Learning/src/coordination/server/validation.py - validation - 131 : AUC Precision 0.0, AUC Precision 0.0, AUC Precision 0.0

2025-02-25 21:38:42,562 - server - /home/marcuswrrn/Projects/Federated-Learning/src/coordination/server/aggregation.py - check_database - 79 : Checking if done training (max round hit)
2025-02-25 21:38:42,562 - server - /home/marcuswrrn/Projects/Federated-Learning/src/coordination/server/aggregation.py - check_database - 80 : current round: 3, current + 1 : 4. max : 10
2025-02-25 21:38:42,602 - server - /home/marcuswrrn/Projects/Federated-Learning/src/coordination/server/aggregation.py - check_database - 90 : Starting training round 4
2025-02-25 21:39:04,818 - server - /home/marcuswrrn/Projects/Federated-Learning/src/coordination/server/server.py - get_model - 18 : Getting model to /home/marcuswrrn/Projects/Federated-Learning/src/coordination/instance/super_round_8/training_round_4/87bb4902de39e445b4e3685cd88befea.pth
2025-02-25 21:39:06,102 - server - /home/marcuswrrn/Projects/Federated-Learning/src/coordination/server/server.py - get_model - 18 : Getting model to /home/marcuswrrn/Projects/Federated-Learning/src/coordination/instance/super_round_8/training_round_4/87bb4902de39e445b4e3685cd88befea.pth
2025-02-25 21:39:10,175 - server - /home/marcuswrrn/Projects/Federated-Learning/src/coordination/server/server.py - get_model - 18 : Getting model to /home/marcuswrrn/Projects/Federated-Learning/src/coordination/instance/super_round_8/training_round_4/87bb4902de39e445b4e3685cd88befea.pth
2025-02-25 21:39:12,639 - server - /home/marcuswrrn/Projects/Federated-Learning/src/coordination/server/aggregation.py - check_database - 19 : Training round : 4
2025-02-25 21:39:42,672 - server - /home/marcuswrrn/Projects/Federated-Learning/src/coordination/server/aggregation.py - check_database - 19 : Training round : 4
2025-02-25 21:40:12,702 - server - /home/marcuswrrn/Projects/Federated-Learning/src/coordination/server/aggregation.py - check_database - 19 : Training round : 4
2025-02-25 21:40:15,264 - server - /home/marcuswrrn/Projects/Federated-Learning/src/coordination/server/server.py - upload_model - 35 : Received client model from : 3e650d3bda9f3da6546272b60f552360
2025-02-25 21:40:17,315 - server - /home/marcuswrrn/Projects/Federated-Learning/src/coordination/server/server.py - upload_model - 35 : Received client model from : 5ff05c8410451f90560ba27c614d22f1
2025-02-25 21:40:21,024 - server - /home/marcuswrrn/Projects/Federated-Learning/src/coordination/server/server.py - upload_model - 35 : Received client model from : e88b64033808ca1ab245e9e65a773fbb
2025-02-25 21:40:42,733 - server - /home/marcuswrrn/Projects/Federated-Learning/src/coordination/server/aggregation.py - check_database - 19 : Training round : 4
2025-02-25 21:40:42,734 - server - /home/marcuswrrn/Projects/Federated-Learning/src/coordination/server/aggregation.py - check_database - 30 : Aggregating
2025-02-25 21:40:42,784 - server - /home/marcuswrrn/Projects/Federated-Learning/src/coordination/server/aggregation.py - check_database - 44 : Loading Client ID : 3e650d3bda9f3da6546272b60f552360 . Loading file /home/marcuswrrn/Projects/Federated-Learning/src/coordination/instance/super_round_8/training_round_4/client_models/3e650d3bda9f3da6546272b60f552360.pth
2025-02-25 21:40:42,839 - server - /home/marcuswrrn/Projects/Federated-Learning/src/coordination/server/aggregation.py - check_database - 44 : Loading Client ID : 5ff05c8410451f90560ba27c614d22f1 . Loading file /home/marcuswrrn/Projects/Federated-Learning/src/coordination/instance/super_round_8/training_round_4/client_models/5ff05c8410451f90560ba27c614d22f1.pth
2025-02-25 21:40:42,884 - server - /home/marcuswrrn/Projects/Federated-Learning/src/coordination/server/aggregation.py - check_database - 44 : Loading Client ID : e88b64033808ca1ab245e9e65a773fbb . Loading file /home/marcuswrrn/Projects/Federated-Learning/src/coordination/instance/super_round_8/training_round_4/client_models/e88b64033808ca1ab245e9e65a773fbb.pth
2025-02-25 21:40:43,004 - server - /home/marcuswrrn/Projects/Federated-Learning/src/coordination/server/validation.py - validation - 41 : Running validation ...
2025-02-25 21:40:50,977 - server - /home/marcuswrrn/Projects/Federated-Learning/src/coordination/server/validation.py - validation - 97 : Accuracy: 0.5846623685103495,
2025-02-25 21:40:50,977 - server - /home/marcuswrrn/Projects/Federated-Learning/src/coordination/server/validation.py - validation - 108 : Micro Recall 0.5846623685103495, Macro Recall 0.46084533337459715, Weighted Recall 0.6686185883338384

2025-02-25 21:40:50,977 - server - /home/marcuswrrn/Projects/Federated-Learning/src/coordination/server/validation.py - validation - 116 : Micro Precision 0.5846623685103495, Macro Precision 0.5823348267933176, Weighted Precision 0.9113363140824096

2025-02-25 21:40:50,977 - server - /home/marcuswrrn/Projects/Federated-Learning/src/coordination/server/validation.py - validation - 123 : F1 Precision 0.5846623685103495, F1 Precision 0.48502931240162006, F1 Precision 0.846127826907814

2025-02-25 21:40:50,977 - server - /home/marcuswrrn/Projects/Federated-Learning/src/coordination/server/validation.py - validation - 131 : AUC Precision 0.0, AUC Precision 0.0, AUC Precision 0.0

2025-02-25 21:40:50,999 - server - /home/marcuswrrn/Projects/Federated-Learning/src/coordination/server/aggregation.py - check_database - 79 : Checking if done training (max round hit)
2025-02-25 21:40:51,000 - server - /home/marcuswrrn/Projects/Federated-Learning/src/coordination/server/aggregation.py - check_database - 80 : current round: 4, current + 1 : 5. max : 10
2025-02-25 21:40:51,040 - server - /home/marcuswrrn/Projects/Federated-Learning/src/coordination/server/aggregation.py - check_database - 90 : Starting training round 5
2025-02-25 21:40:51,087 - server - /home/marcuswrrn/Projects/Federated-Learning/src/coordination/server/server.py - get_model - 18 : Getting model to /home/marcuswrrn/Projects/Federated-Learning/src/coordination/instance/super_round_8/training_round_5/2a1c7cfaf6c3a572c5400fef2775eb5f.pth
2025-02-25 21:41:02,457 - server - /home/marcuswrrn/Projects/Federated-Learning/src/coordination/server/server.py - upload_model - 35 : Received client model from : e88b64033808ca1ab245e9e65a773fbb
2025-02-25 21:41:15,417 - server - /home/marcuswrrn/Projects/Federated-Learning/src/coordination/server/server.py - get_model - 18 : Getting model to /home/marcuswrrn/Projects/Federated-Learning/src/coordination/instance/super_round_8/training_round_5/2a1c7cfaf6c3a572c5400fef2775eb5f.pth
2025-02-25 21:41:17,466 - server - /home/marcuswrrn/Projects/Federated-Learning/src/coordination/server/server.py - get_model - 18 : Getting model to /home/marcuswrrn/Projects/Federated-Learning/src/coordination/instance/super_round_8/training_round_5/2a1c7cfaf6c3a572c5400fef2775eb5f.pth
2025-02-25 21:41:21,073 - server - /home/marcuswrrn/Projects/Federated-Learning/src/coordination/server/aggregation.py - check_database - 19 : Training round : 5
2025-02-25 21:41:34,614 - server - /home/marcuswrrn/Projects/Federated-Learning/src/coordination/server/server.py - upload_model - 35 : Received client model from : 5ff05c8410451f90560ba27c614d22f1
2025-02-25 21:41:36,541 - server - /home/marcuswrrn/Projects/Federated-Learning/src/coordination/server/server.py - upload_model - 35 : Received client model from : 3e650d3bda9f3da6546272b60f552360
2025-02-25 21:41:51,076 - server - /home/marcuswrrn/Projects/Federated-Learning/src/coordination/server/aggregation.py - check_database - 19 : Training round : 5
2025-02-25 21:41:51,076 - server - /home/marcuswrrn/Projects/Federated-Learning/src/coordination/server/aggregation.py - check_database - 30 : Aggregating
2025-02-25 21:41:51,127 - server - /home/marcuswrrn/Projects/Federated-Learning/src/coordination/server/aggregation.py - check_database - 44 : Loading Client ID : e88b64033808ca1ab245e9e65a773fbb . Loading file /home/marcuswrrn/Projects/Federated-Learning/src/coordination/instance/super_round_8/training_round_5/client_models/e88b64033808ca1ab245e9e65a773fbb.pth
2025-02-25 21:41:51,186 - server - /home/marcuswrrn/Projects/Federated-Learning/src/coordination/server/aggregation.py - check_database - 44 : Loading Client ID : 5ff05c8410451f90560ba27c614d22f1 . Loading file /home/marcuswrrn/Projects/Federated-Learning/src/coordination/instance/super_round_8/training_round_5/client_models/5ff05c8410451f90560ba27c614d22f1.pth
2025-02-25 21:41:51,230 - server - /home/marcuswrrn/Projects/Federated-Learning/src/coordination/server/aggregation.py - check_database - 44 : Loading Client ID : 3e650d3bda9f3da6546272b60f552360 . Loading file /home/marcuswrrn/Projects/Federated-Learning/src/coordination/instance/super_round_8/training_round_5/client_models/3e650d3bda9f3da6546272b60f552360.pth
2025-02-25 21:41:51,372 - server - /home/marcuswrrn/Projects/Federated-Learning/src/coordination/server/validation.py - validation - 41 : Running validation ...
2025-02-25 21:41:59,351 - server - /home/marcuswrrn/Projects/Federated-Learning/src/coordination/server/validation.py - validation - 97 : Accuracy: 0.46725483542585683,
2025-02-25 21:41:59,351 - server - /home/marcuswrrn/Projects/Federated-Learning/src/coordination/server/validation.py - validation - 108 : Micro Recall 0.46725483542585683, Macro Recall 0.465740800435747, Weighted Recall 0.6080611090978822

2025-02-25 21:41:59,351 - server - /home/marcuswrrn/Projects/Federated-Learning/src/coordination/server/validation.py - validation - 116 : Micro Precision 0.46725483542585683, Macro Precision 0.46501222380919205, Weighted Precision 0.7775933894254812

2025-02-25 21:41:59,351 - server - /home/marcuswrrn/Projects/Federated-Learning/src/coordination/server/validation.py - validation - 123 : F1 Precision 0.46725483542585683, F1 Precision 0.3999122770483141, F1 Precision 0.6069983546407537

2025-02-25 21:41:59,351 - server - /home/marcuswrrn/Projects/Federated-Learning/src/coordination/server/validation.py - validation - 131 : AUC Precision 0.0, AUC Precision 0.0, AUC Precision 0.0

2025-02-25 21:41:59,376 - server - /home/marcuswrrn/Projects/Federated-Learning/src/coordination/server/aggregation.py - check_database - 79 : Checking if done training (max round hit)
2025-02-25 21:41:59,376 - server - /home/marcuswrrn/Projects/Federated-Learning/src/coordination/server/aggregation.py - check_database - 80 : current round: 5, current + 1 : 6. max : 10
2025-02-25 21:41:59,420 - server - /home/marcuswrrn/Projects/Federated-Learning/src/coordination/server/aggregation.py - check_database - 90 : Starting training round 6
2025-02-25 21:42:02,540 - server - /home/marcuswrrn/Projects/Federated-Learning/src/coordination/server/server.py - get_model - 18 : Getting model to /home/marcuswrrn/Projects/Federated-Learning/src/coordination/instance/super_round_8/training_round_6/e9a87bd8eeda150ee6cc202175a12c98.pth
2025-02-25 21:42:04,768 - server - /home/marcuswrrn/Projects/Federated-Learning/src/coordination/server/server.py - get_model - 18 : Getting model to /home/marcuswrrn/Projects/Federated-Learning/src/coordination/instance/super_round_8/training_round_6/e9a87bd8eeda150ee6cc202175a12c98.pth
2025-02-25 21:42:06,628 - server - /home/marcuswrrn/Projects/Federated-Learning/src/coordination/server/server.py - get_model - 18 : Getting model to /home/marcuswrrn/Projects/Federated-Learning/src/coordination/instance/super_round_8/training_round_6/e9a87bd8eeda150ee6cc202175a12c98.pth
2025-02-25 21:42:29,451 - server - /home/marcuswrrn/Projects/Federated-Learning/src/coordination/server/aggregation.py - check_database - 19 : Training round : 6
2025-02-25 21:42:59,488 - server - /home/marcuswrrn/Projects/Federated-Learning/src/coordination/server/aggregation.py - check_database - 19 : Training round : 6
2025-02-25 21:43:29,520 - server - /home/marcuswrrn/Projects/Federated-Learning/src/coordination/server/aggregation.py - check_database - 19 : Training round : 6
2025-02-25 21:43:35,980 - server - /home/marcuswrrn/Projects/Federated-Learning/src/coordination/server/server.py - upload_model - 35 : Received client model from : e88b64033808ca1ab245e9e65a773fbb
2025-02-25 21:43:38,425 - server - /home/marcuswrrn/Projects/Federated-Learning/src/coordination/server/server.py - upload_model - 35 : Received client model from : 5ff05c8410451f90560ba27c614d22f1
2025-02-25 21:43:42,145 - server - /home/marcuswrrn/Projects/Federated-Learning/src/coordination/server/server.py - upload_model - 35 : Received client model from : 3e650d3bda9f3da6546272b60f552360
2025-02-25 21:43:59,542 - server - /home/marcuswrrn/Projects/Federated-Learning/src/coordination/server/aggregation.py - check_database - 19 : Training round : 6
2025-02-25 21:43:59,543 - server - /home/marcuswrrn/Projects/Federated-Learning/src/coordination/server/aggregation.py - check_database - 30 : Aggregating
2025-02-25 21:43:59,591 - server - /home/marcuswrrn/Projects/Federated-Learning/src/coordination/server/aggregation.py - check_database - 44 : Loading Client ID : e88b64033808ca1ab245e9e65a773fbb . Loading file /home/marcuswrrn/Projects/Federated-Learning/src/coordination/instance/super_round_8/training_round_6/client_models/e88b64033808ca1ab245e9e65a773fbb.pth
2025-02-25 21:43:59,645 - server - /home/marcuswrrn/Projects/Federated-Learning/src/coordination/server/aggregation.py - check_database - 44 : Loading Client ID : 5ff05c8410451f90560ba27c614d22f1 . Loading file /home/marcuswrrn/Projects/Federated-Learning/src/coordination/instance/super_round_8/training_round_6/client_models/5ff05c8410451f90560ba27c614d22f1.pth
2025-02-25 21:43:59,691 - server - /home/marcuswrrn/Projects/Federated-Learning/src/coordination/server/aggregation.py - check_database - 44 : Loading Client ID : 3e650d3bda9f3da6546272b60f552360 . Loading file /home/marcuswrrn/Projects/Federated-Learning/src/coordination/instance/super_round_8/training_round_6/client_models/3e650d3bda9f3da6546272b60f552360.pth
2025-02-25 21:43:59,821 - server - /home/marcuswrrn/Projects/Federated-Learning/src/coordination/server/validation.py - validation - 41 : Running validation ...
2025-02-25 21:44:08,870 - server - /home/marcuswrrn/Projects/Federated-Learning/src/coordination/server/validation.py - validation - 97 : Accuracy: 0.7064811672887682,
2025-02-25 21:44:08,870 - server - /home/marcuswrrn/Projects/Federated-Learning/src/coordination/server/validation.py - validation - 108 : Micro Recall 0.7064811672887682, Macro Recall 0.6725392058667937, Weighted Recall 0.7782468643278374

2025-02-25 21:44:08,870 - server - /home/marcuswrrn/Projects/Federated-Learning/src/coordination/server/validation.py - validation - 116 : Micro Precision 0.7064811672887682, Macro Precision 0.7045182286231798, Weighted Precision 0.8743863463608661

2025-02-25 21:44:08,871 - server - /home/marcuswrrn/Projects/Federated-Learning/src/coordination/server/validation.py - validation - 123 : F1 Precision 0.7064811672887682, F1 Precision 0.6586110799022601, F1 Precision 0.8181744570780031

2025-02-25 21:44:08,871 - server - /home/marcuswrrn/Projects/Federated-Learning/src/coordination/server/validation.py - validation - 131 : AUC Precision 0.0, AUC Precision 0.0, AUC Precision 0.0

2025-02-25 21:44:08,891 - server - /home/marcuswrrn/Projects/Federated-Learning/src/coordination/server/aggregation.py - check_database - 79 : Checking if done training (max round hit)
2025-02-25 21:44:08,891 - server - /home/marcuswrrn/Projects/Federated-Learning/src/coordination/server/aggregation.py - check_database - 80 : current round: 6, current + 1 : 7. max : 10
2025-02-25 21:44:08,932 - server - /home/marcuswrrn/Projects/Federated-Learning/src/coordination/server/aggregation.py - check_database - 90 : Starting training round 7
2025-02-25 21:44:12,211 - server - /home/marcuswrrn/Projects/Federated-Learning/src/coordination/server/server.py - get_model - 18 : Getting model to /home/marcuswrrn/Projects/Federated-Learning/src/coordination/instance/super_round_8/training_round_7/ca2b6e7dad0b3bbcb702b11d5e858cca.pth
2025-02-25 21:44:23,947 - server - /home/marcuswrrn/Projects/Federated-Learning/src/coordination/server/server.py - upload_model - 35 : Received client model from : 3e650d3bda9f3da6546272b60f552360
2025-02-25 21:44:36,139 - server - /home/marcuswrrn/Projects/Federated-Learning/src/coordination/server/server.py - get_model - 18 : Getting model to /home/marcuswrrn/Projects/Federated-Learning/src/coordination/instance/super_round_8/training_round_7/ca2b6e7dad0b3bbcb702b11d5e858cca.pth
2025-02-25 21:44:38,574 - server - /home/marcuswrrn/Projects/Federated-Learning/src/coordination/server/server.py - get_model - 18 : Getting model to /home/marcuswrrn/Projects/Federated-Learning/src/coordination/instance/super_round_8/training_round_7/ca2b6e7dad0b3bbcb702b11d5e858cca.pth
2025-02-25 21:44:38,967 - server - /home/marcuswrrn/Projects/Federated-Learning/src/coordination/server/aggregation.py - check_database - 19 : Training round : 7
2025-02-25 21:44:56,828 - server - /home/marcuswrrn/Projects/Federated-Learning/src/coordination/server/server.py - upload_model - 35 : Received client model from : 5ff05c8410451f90560ba27c614d22f1
2025-02-25 21:44:58,067 - server - /home/marcuswrrn/Projects/Federated-Learning/src/coordination/server/server.py - upload_model - 35 : Received client model from : e88b64033808ca1ab245e9e65a773fbb
2025-02-25 21:45:08,999 - server - /home/marcuswrrn/Projects/Federated-Learning/src/coordination/server/aggregation.py - check_database - 19 : Training round : 7
2025-02-25 21:45:08,999 - server - /home/marcuswrrn/Projects/Federated-Learning/src/coordination/server/aggregation.py - check_database - 30 : Aggregating
2025-02-25 21:45:09,046 - server - /home/marcuswrrn/Projects/Federated-Learning/src/coordination/server/aggregation.py - check_database - 44 : Loading Client ID : 3e650d3bda9f3da6546272b60f552360 . Loading file /home/marcuswrrn/Projects/Federated-Learning/src/coordination/instance/super_round_8/training_round_7/client_models/3e650d3bda9f3da6546272b60f552360.pth
2025-02-25 21:45:09,097 - server - /home/marcuswrrn/Projects/Federated-Learning/src/coordination/server/aggregation.py - check_database - 44 : Loading Client ID : 5ff05c8410451f90560ba27c614d22f1 . Loading file /home/marcuswrrn/Projects/Federated-Learning/src/coordination/instance/super_round_8/training_round_7/client_models/5ff05c8410451f90560ba27c614d22f1.pth
2025-02-25 21:45:09,145 - server - /home/marcuswrrn/Projects/Federated-Learning/src/coordination/server/aggregation.py - check_database - 44 : Loading Client ID : e88b64033808ca1ab245e9e65a773fbb . Loading file /home/marcuswrrn/Projects/Federated-Learning/src/coordination/instance/super_round_8/training_round_7/client_models/e88b64033808ca1ab245e9e65a773fbb.pth
2025-02-25 21:45:09,264 - server - /home/marcuswrrn/Projects/Federated-Learning/src/coordination/server/validation.py - validation - 41 : Running validation ...
2025-02-25 21:45:18,157 - server - /home/marcuswrrn/Projects/Federated-Learning/src/coordination/server/validation.py - validation - 97 : Accuracy: 0.65931455717679,
2025-02-25 21:45:18,157 - server - /home/marcuswrrn/Projects/Federated-Learning/src/coordination/server/validation.py - validation - 108 : Micro Recall 0.65931455717679, Macro Recall 0.6536891051635577, Weighted Recall 0.7288173045336285

2025-02-25 21:45:18,157 - server - /home/marcuswrrn/Projects/Federated-Learning/src/coordination/server/validation.py - validation - 116 : Micro Precision 0.65931455717679, Macro Precision 0.6516808549967033, Weighted Precision 0.9033418262782149

2025-02-25 21:45:18,157 - server - /home/marcuswrrn/Projects/Federated-Learning/src/coordination/server/validation.py - validation - 123 : F1 Precision 0.65931455717679, F1 Precision 0.582293007124875, F1 Precision 0.7316759305706938

2025-02-25 21:45:18,157 - server - /home/marcuswrrn/Projects/Federated-Learning/src/coordination/server/validation.py - validation - 131 : AUC Precision 0.0, AUC Precision 0.0, AUC Precision 0.0

2025-02-25 21:45:18,182 - server - /home/marcuswrrn/Projects/Federated-Learning/src/coordination/server/aggregation.py - check_database - 79 : Checking if done training (max round hit)
2025-02-25 21:45:18,182 - server - /home/marcuswrrn/Projects/Federated-Learning/src/coordination/server/aggregation.py - check_database - 80 : current round: 7, current + 1 : 8. max : 10
2025-02-25 21:45:18,225 - server - /home/marcuswrrn/Projects/Federated-Learning/src/coordination/server/aggregation.py - check_database - 90 : Starting training round 8
2025-02-25 21:45:24,034 - server - /home/marcuswrrn/Projects/Federated-Learning/src/coordination/server/server.py - get_model - 18 : Getting model to /home/marcuswrrn/Projects/Federated-Learning/src/coordination/instance/super_round_8/training_round_8/651d16660ccb8bc80692b184d6491636.pth
2025-02-25 21:45:26,962 - server - /home/marcuswrrn/Projects/Federated-Learning/src/coordination/server/server.py - get_model - 18 : Getting model to /home/marcuswrrn/Projects/Federated-Learning/src/coordination/instance/super_round_8/training_round_8/651d16660ccb8bc80692b184d6491636.pth
2025-02-25 21:45:28,173 - server - /home/marcuswrrn/Projects/Federated-Learning/src/coordination/server/server.py - get_model - 18 : Getting model to /home/marcuswrrn/Projects/Federated-Learning/src/coordination/instance/super_round_8/training_round_8/651d16660ccb8bc80692b184d6491636.pth
2025-02-25 21:45:48,255 - server - /home/marcuswrrn/Projects/Federated-Learning/src/coordination/server/aggregation.py - check_database - 19 : Training round : 8
2025-02-25 21:46:18,293 - server - /home/marcuswrrn/Projects/Federated-Learning/src/coordination/server/aggregation.py - check_database - 19 : Training round : 8
2025-02-25 21:46:22,282 - server - /home/marcuswrrn/Projects/Federated-Learning/src/coordination/server/server.py - upload_model - 35 : Received client model from : 3e650d3bda9f3da6546272b60f552360
2025-02-25 21:46:31,137 - server - /home/marcuswrrn/Projects/Federated-Learning/src/coordination/server/server.py - upload_model - 35 : Received client model from : 5ff05c8410451f90560ba27c614d22f1
2025-02-25 21:46:32,657 - server - /home/marcuswrrn/Projects/Federated-Learning/src/coordination/server/server.py - upload_model - 35 : Received client model from : e88b64033808ca1ab245e9e65a773fbb
2025-02-25 21:46:48,296 - server - /home/marcuswrrn/Projects/Federated-Learning/src/coordination/server/aggregation.py - check_database - 19 : Training round : 8
2025-02-25 21:46:48,296 - server - /home/marcuswrrn/Projects/Federated-Learning/src/coordination/server/aggregation.py - check_database - 30 : Aggregating
2025-02-25 21:46:48,352 - server - /home/marcuswrrn/Projects/Federated-Learning/src/coordination/server/aggregation.py - check_database - 44 : Loading Client ID : 3e650d3bda9f3da6546272b60f552360 . Loading file /home/marcuswrrn/Projects/Federated-Learning/src/coordination/instance/super_round_8/training_round_8/client_models/3e650d3bda9f3da6546272b60f552360.pth
2025-02-25 21:46:48,409 - server - /home/marcuswrrn/Projects/Federated-Learning/src/coordination/server/aggregation.py - check_database - 44 : Loading Client ID : 5ff05c8410451f90560ba27c614d22f1 . Loading file /home/marcuswrrn/Projects/Federated-Learning/src/coordination/instance/super_round_8/training_round_8/client_models/5ff05c8410451f90560ba27c614d22f1.pth
2025-02-25 21:46:48,456 - server - /home/marcuswrrn/Projects/Federated-Learning/src/coordination/server/aggregation.py - check_database - 44 : Loading Client ID : e88b64033808ca1ab245e9e65a773fbb . Loading file /home/marcuswrrn/Projects/Federated-Learning/src/coordination/instance/super_round_8/training_round_8/client_models/e88b64033808ca1ab245e9e65a773fbb.pth
2025-02-25 21:46:48,579 - server - /home/marcuswrrn/Projects/Federated-Learning/src/coordination/server/validation.py - validation - 41 : Running validation ...
2025-02-25 21:46:55,687 - server - /home/marcuswrrn/Projects/Federated-Learning/src/coordination/server/validation.py - validation - 97 : Accuracy: 0.7662029182219205,
2025-02-25 21:46:55,687 - server - /home/marcuswrrn/Projects/Federated-Learning/src/coordination/server/validation.py - validation - 108 : Micro Recall 0.7662029182219205, Macro Recall 0.8307520286826694, Weighted Recall 0.8010814501939746

2025-02-25 21:46:55,687 - server - /home/marcuswrrn/Projects/Federated-Learning/src/coordination/server/validation.py - validation - 116 : Micro Precision 0.7662029182219205, Macro Precision 0.7526216814149049, Weighted Precision 0.8754149615420859

2025-02-25 21:46:55,687 - server - /home/marcuswrrn/Projects/Federated-Learning/src/coordination/server/validation.py - validation - 123 : F1 Precision 0.7662029182219205, F1 Precision 0.7335340310175867, F1 Precision 0.7280003610266823

2025-02-25 21:46:55,688 - server - /home/marcuswrrn/Projects/Federated-Learning/src/coordination/server/validation.py - validation - 131 : AUC Precision 0.0, AUC Precision 0.0, AUC Precision 0.0

2025-02-25 21:46:55,710 - server - /home/marcuswrrn/Projects/Federated-Learning/src/coordination/server/aggregation.py - check_database - 79 : Checking if done training (max round hit)
2025-02-25 21:46:55,711 - server - /home/marcuswrrn/Projects/Federated-Learning/src/coordination/server/aggregation.py - check_database - 80 : current round: 8, current + 1 : 9. max : 10
2025-02-25 21:46:55,750 - server - /home/marcuswrrn/Projects/Federated-Learning/src/coordination/server/aggregation.py - check_database - 90 : Starting training round 9
2025-02-25 21:47:01,251 - server - /home/marcuswrrn/Projects/Federated-Learning/src/coordination/server/server.py - get_model - 18 : Getting model to /home/marcuswrrn/Projects/Federated-Learning/src/coordination/instance/super_round_8/training_round_9/7f956832b17aa12a79bb39596ee35809.pth
2025-02-25 21:47:02,755 - server - /home/marcuswrrn/Projects/Federated-Learning/src/coordination/server/server.py - get_model - 18 : Getting model to /home/marcuswrrn/Projects/Federated-Learning/src/coordination/instance/super_round_8/training_round_9/7f956832b17aa12a79bb39596ee35809.pth
2025-02-25 21:47:22,445 - server - /home/marcuswrrn/Projects/Federated-Learning/src/coordination/server/server.py - get_model - 18 : Getting model to /home/marcuswrrn/Projects/Federated-Learning/src/coordination/instance/super_round_8/training_round_9/7f956832b17aa12a79bb39596ee35809.pth
2025-02-25 21:47:25,784 - server - /home/marcuswrrn/Projects/Federated-Learning/src/coordination/server/aggregation.py - check_database - 19 : Training round : 9
2025-02-25 21:47:28,396 - server - /home/marcuswrrn/Projects/Federated-Learning/src/coordination/server/server.py - upload_model - 35 : Received client model from : e88b64033808ca1ab245e9e65a773fbb
2025-02-25 21:47:31,063 - server - /home/marcuswrrn/Projects/Federated-Learning/src/coordination/server/server.py - upload_model - 35 : Received client model from : 5ff05c8410451f90560ba27c614d22f1
2025-02-25 21:47:38,464 - server - /home/marcuswrrn/Projects/Federated-Learning/src/coordination/server/server.py - upload_model - 35 : Received client model from : 3e650d3bda9f3da6546272b60f552360
2025-02-25 21:47:55,797 - server - /home/marcuswrrn/Projects/Federated-Learning/src/coordination/server/aggregation.py - check_database - 19 : Training round : 9
2025-02-25 21:47:55,797 - server - /home/marcuswrrn/Projects/Federated-Learning/src/coordination/server/aggregation.py - check_database - 30 : Aggregating
2025-02-25 21:47:55,849 - server - /home/marcuswrrn/Projects/Federated-Learning/src/coordination/server/aggregation.py - check_database - 44 : Loading Client ID : e88b64033808ca1ab245e9e65a773fbb . Loading file /home/marcuswrrn/Projects/Federated-Learning/src/coordination/instance/super_round_8/training_round_9/client_models/e88b64033808ca1ab245e9e65a773fbb.pth
2025-02-25 21:47:55,902 - server - /home/marcuswrrn/Projects/Federated-Learning/src/coordination/server/aggregation.py - check_database - 44 : Loading Client ID : 5ff05c8410451f90560ba27c614d22f1 . Loading file /home/marcuswrrn/Projects/Federated-Learning/src/coordination/instance/super_round_8/training_round_9/client_models/5ff05c8410451f90560ba27c614d22f1.pth
2025-02-25 21:47:55,946 - server - /home/marcuswrrn/Projects/Federated-Learning/src/coordination/server/aggregation.py - check_database - 44 : Loading Client ID : 3e650d3bda9f3da6546272b60f552360 . Loading file /home/marcuswrrn/Projects/Federated-Learning/src/coordination/instance/super_round_8/training_round_9/client_models/3e650d3bda9f3da6546272b60f552360.pth
2025-02-25 21:47:56,062 - server - /home/marcuswrrn/Projects/Federated-Learning/src/coordination/server/validation.py - validation - 41 : Running validation ...
2025-02-25 21:48:04,293 - server - /home/marcuswrrn/Projects/Federated-Learning/src/coordination/server/validation.py - validation - 97 : Accuracy: 0.8045469969460468,
2025-02-25 21:48:04,293 - server - /home/marcuswrrn/Projects/Federated-Learning/src/coordination/server/validation.py - validation - 108 : Micro Recall 0.8045469969460468, Macro Recall 0.8780380006592089, Weighted Recall 0.8509117537852642

2025-02-25 21:48:04,293 - server - /home/marcuswrrn/Projects/Federated-Learning/src/coordination/server/validation.py - validation - 116 : Micro Precision 0.8045469969460468, Macro Precision 0.8014639708391109, Weighted Precision 0.9324020136007148

2025-02-25 21:48:04,293 - server - /home/marcuswrrn/Projects/Federated-Learning/src/coordination/server/validation.py - validation - 123 : F1 Precision 0.8045469969460467, F1 Precision 0.7665975003891035, F1 Precision 0.7803285320456864

2025-02-25 21:48:04,293 - server - /home/marcuswrrn/Projects/Federated-Learning/src/coordination/server/validation.py - validation - 131 : AUC Precision 0.0, AUC Precision 0.0, AUC Precision 0.0

2025-02-25 21:48:04,316 - server - /home/marcuswrrn/Projects/Federated-Learning/src/coordination/server/aggregation.py - check_database - 79 : Checking if done training (max round hit)
2025-02-25 21:48:04,316 - server - /home/marcuswrrn/Projects/Federated-Learning/src/coordination/server/aggregation.py - check_database - 80 : current round: 9, current + 1 : 10. max : 10
2025-02-25 21:48:04,357 - server - /home/marcuswrrn/Projects/Federated-Learning/src/coordination/server/aggregation.py - check_database - 90 : Starting training round 10
2025-02-25 21:48:08,539 - server - /home/marcuswrrn/Projects/Federated-Learning/src/coordination/server/server.py - get_model - 18 : Getting model to /home/marcuswrrn/Projects/Federated-Learning/src/coordination/instance/super_round_8/training_round_10/e12141fa3003c198b1d6a030476963a0.pth
2025-02-25 21:48:20,381 - server - /home/marcuswrrn/Projects/Federated-Learning/src/coordination/server/server.py - upload_model - 35 : Received client model from : 3e650d3bda9f3da6546272b60f552360
2025-02-25 21:48:28,564 - server - /home/marcuswrrn/Projects/Federated-Learning/src/coordination/server/server.py - get_model - 18 : Getting model to /home/marcuswrrn/Projects/Federated-Learning/src/coordination/instance/super_round_8/training_round_10/e12141fa3003c198b1d6a030476963a0.pth
2025-02-25 21:48:31,252 - server - /home/marcuswrrn/Projects/Federated-Learning/src/coordination/server/server.py - get_model - 18 : Getting model to /home/marcuswrrn/Projects/Federated-Learning/src/coordination/instance/super_round_8/training_round_10/e12141fa3003c198b1d6a030476963a0.pth
2025-02-25 21:48:34,398 - server - /home/marcuswrrn/Projects/Federated-Learning/src/coordination/server/aggregation.py - check_database - 19 : Training round : 10
2025-02-25 21:48:48,314 - server - /home/marcuswrrn/Projects/Federated-Learning/src/coordination/server/server.py - upload_model - 35 : Received client model from : 5ff05c8410451f90560ba27c614d22f1
2025-02-25 21:48:50,071 - server - /home/marcuswrrn/Projects/Federated-Learning/src/coordination/server/server.py - upload_model - 35 : Received client model from : e88b64033808ca1ab245e9e65a773fbb
2025-02-25 21:49:04,432 - server - /home/marcuswrrn/Projects/Federated-Learning/src/coordination/server/aggregation.py - check_database - 19 : Training round : 10
2025-02-25 21:49:04,433 - server - /home/marcuswrrn/Projects/Federated-Learning/src/coordination/server/aggregation.py - check_database - 30 : Aggregating
2025-02-25 21:49:04,490 - server - /home/marcuswrrn/Projects/Federated-Learning/src/coordination/server/aggregation.py - check_database - 44 : Loading Client ID : 3e650d3bda9f3da6546272b60f552360 . Loading file /home/marcuswrrn/Projects/Federated-Learning/src/coordination/instance/super_round_8/training_round_10/client_models/3e650d3bda9f3da6546272b60f552360.pth
2025-02-25 21:49:04,544 - server - /home/marcuswrrn/Projects/Federated-Learning/src/coordination/server/aggregation.py - check_database - 44 : Loading Client ID : 5ff05c8410451f90560ba27c614d22f1 . Loading file /home/marcuswrrn/Projects/Federated-Learning/src/coordination/instance/super_round_8/training_round_10/client_models/5ff05c8410451f90560ba27c614d22f1.pth
2025-02-25 21:49:04,594 - server - /home/marcuswrrn/Projects/Federated-Learning/src/coordination/server/aggregation.py - check_database - 44 : Loading Client ID : e88b64033808ca1ab245e9e65a773fbb . Loading file /home/marcuswrrn/Projects/Federated-Learning/src/coordination/instance/super_round_8/training_round_10/client_models/e88b64033808ca1ab245e9e65a773fbb.pth
2025-02-25 21:49:04,712 - server - /home/marcuswrrn/Projects/Federated-Learning/src/coordination/server/validation.py - validation - 41 : Running validation ...
2025-02-25 21:49:12,047 - server - /home/marcuswrrn/Projects/Federated-Learning/src/coordination/server/validation.py - validation - 97 : Accuracy: 0.8408551068883611,
2025-02-25 21:49:12,047 - server - /home/marcuswrrn/Projects/Federated-Learning/src/coordination/server/validation.py - validation - 108 : Micro Recall 0.8408551068883611, Macro Recall 0.86407783896232, Weighted Recall 0.8609335217011016

2025-02-25 21:49:12,047 - server - /home/marcuswrrn/Projects/Federated-Learning/src/coordination/server/validation.py - validation - 116 : Micro Precision 0.8408551068883611, Macro Precision 0.8379794511432671, Weighted Precision 0.8855442421076953

2025-02-25 21:49:12,047 - server - /home/marcuswrrn/Projects/Federated-Learning/src/coordination/server/validation.py - validation - 123 : F1 Precision 0.8408551068883611, F1 Precision 0.8333640635634415, F1 Precision 0.8385212845231809

2025-02-25 21:49:12,047 - server - /home/marcuswrrn/Projects/Federated-Learning/src/coordination/server/validation.py - validation - 131 : AUC Precision 0.0, AUC Precision 0.0, AUC Precision 0.0

2025-02-25 21:49:12,071 - server - /home/marcuswrrn/Projects/Federated-Learning/src/coordination/server/aggregation.py - check_database - 79 : Checking if done training (max round hit)
2025-02-25 21:49:12,071 - server - /home/marcuswrrn/Projects/Federated-Learning/src/coordination/server/aggregation.py - check_database - 80 : current round: 10, current + 1 : 11. max : 10
2025-02-25 21:49:12,071 - server - /home/marcuswrrn/Projects/Federated-Learning/src/coordination/server/aggregation.py - check_database - 92 : Max rounds has been hit. Training done
2025-02-26 08:04:45,887 - server - /home/marcuswrrn/Projects/Federated-Learning/src/coordination/server/__init__.py - create_app - 25 : Starting up server
2025-02-26 08:04:45,887 - server - /home/marcuswrrn/Projects/Federated-Learning/src/coordination/server/__init__.py - create_app - 31 : Database path : /home/marcuswrrn/Projects/Federated-Learning/src/coordination/instance/db.sqlite
2025-02-26 08:04:45,889 - server - /home/marcuswrrn/Projects/Federated-Learning/src/coordination/server/__init__.py - create_app - 47 : Map([<Rule '/static/<filename>' (OPTIONS, HEAD, GET) -> static>,
 <Rule '/training/get_model/<model_id>' (OPTIONS, HEAD, GET) -> training.get_model>,
 <Rule '/training/upload-model' (OPTIONS, POST) -> training.upload_model>,
 <Rule '/training/display_models' (OPTIONS, HEAD, GET) -> training.display>,
 <Rule '/training/ping' (OPTIONS, POST) -> training.ping_server>,
 <Rule '/training/initialize' (OPTIONS, POST) -> training.init_training>,
 <Rule '/training/shutdown' (OPTIONS, POST) -> training.shutdown>,
 <Rule '/training/connect_test' (OPTIONS, POST, HEAD, GET) -> training.connected>,
 <Rule '/view/models/<super_round>' (OPTIONS, HEAD, GET) -> view.models>,
 <Rule '/view/current_round' (OPTIONS, HEAD, GET) -> view.current_round>,
 <Rule '/view/' (OPTIONS, HEAD, GET) -> view.home>])
2025-02-26 08:04:45,889 - server - /home/marcuswrrn/Projects/Federated-Learning/src/coordination/server/aggregation.py - check_database - 11 : Starting database check
2025-02-26 08:05:08,476 - server - /home/marcuswrrn/Projects/Federated-Learning/src/coordination/server/server.py - init_training - 106 : New Super round
2025-02-26 08:05:08,476 - server - /home/marcuswrrn/Projects/Federated-Learning/src/coordination/server/server.py - init_training - 107 : Start training
2025-02-26 08:05:08,490 - server - /home/marcuswrrn/Projects/Federated-Learning/src/coordination/server/server.py - init_training - 126 : Round initializer
2025-02-26 08:05:08,496 - server - /home/marcuswrrn/Projects/Federated-Learning/src/coordination/server/aggregation.py - check_database - 19 : Training round : 1
2025-02-26 08:16:21,839 - server - /home/marcuswrrn/Projects/Federated-Learning/src/coordination/server/__init__.py - create_app - 25 : Starting up server
2025-02-26 08:16:21,839 - server - /home/marcuswrrn/Projects/Federated-Learning/src/coordination/server/__init__.py - create_app - 31 : Database path : /home/marcuswrrn/Projects/Federated-Learning/src/coordination/instance/db.sqlite
2025-02-26 08:16:21,841 - server - /home/marcuswrrn/Projects/Federated-Learning/src/coordination/server/__init__.py - create_app - 47 : Map([<Rule '/static/<filename>' (HEAD, GET, OPTIONS) -> static>,
 <Rule '/training/get_model/<model_id>' (HEAD, GET, OPTIONS) -> training.get_model>,
 <Rule '/training/upload-model' (OPTIONS, POST) -> training.upload_model>,
 <Rule '/training/display_models' (HEAD, GET, OPTIONS) -> training.display>,
 <Rule '/training/ping' (OPTIONS, POST) -> training.ping_server>,
 <Rule '/training/initialize' (OPTIONS, POST) -> training.init_training>,
 <Rule '/training/shutdown' (OPTIONS, POST) -> training.shutdown>,
 <Rule '/training/connect_test' (HEAD, GET, OPTIONS, POST) -> training.connected>,
 <Rule '/view/models/<super_round>' (HEAD, GET, OPTIONS) -> view.models>,
 <Rule '/view/current_round' (HEAD, GET, OPTIONS) -> view.current_round>,
 <Rule '/view/' (HEAD, GET, OPTIONS) -> view.home>])
2025-02-26 08:16:21,841 - server - /home/marcuswrrn/Projects/Federated-Learning/src/coordination/server/aggregation.py - check_database - 11 : Starting database check
2025-02-26 08:16:31,071 - server - /home/marcuswrrn/Projects/Federated-Learning/src/coordination/server/server.py - init_training - 106 : New Super round
2025-02-26 08:16:31,071 - server - /home/marcuswrrn/Projects/Federated-Learning/src/coordination/server/server.py - init_training - 107 : Start training
2025-02-26 08:16:31,084 - server - /home/marcuswrrn/Projects/Federated-Learning/src/coordination/server/server.py - init_training - 126 : Round initializer
2025-02-26 08:16:31,090 - server - /home/marcuswrrn/Projects/Federated-Learning/src/coordination/server/aggregation.py - check_database - 19 : Training round : 1
2025-02-26 08:17:01,121 - server - /home/marcuswrrn/Projects/Federated-Learning/src/coordination/server/aggregation.py - check_database - 19 : Training round : 1
2025-02-26 08:17:31,152 - server - /home/marcuswrrn/Projects/Federated-Learning/src/coordination/server/aggregation.py - check_database - 19 : Training round : 1
2025-02-26 08:17:49,216 - server - /home/marcuswrrn/Projects/Federated-Learning/src/coordination/server/server.py - get_model - 18 : Getting model to /home/marcuswrrn/Projects/Federated-Learning/src/coordination/instance/super_round_10/training_round_1/369e20d586abfdecd89a77fc040840a5.pth
2025-02-26 08:18:01,184 - server - /home/marcuswrrn/Projects/Federated-Learning/src/coordination/server/aggregation.py - check_database - 19 : Training round : 1
2025-02-26 08:18:03,715 - server - /home/marcuswrrn/Projects/Federated-Learning/src/coordination/server/server.py - upload_model - 35 : Received client model from : 3e650d3bda9f3da6546272b60f552360
2025-02-26 08:18:31,189 - server - /home/marcuswrrn/Projects/Federated-Learning/src/coordination/server/aggregation.py - check_database - 19 : Training round : 1
2025-02-26 08:18:31,189 - server - /home/marcuswrrn/Projects/Federated-Learning/src/coordination/server/aggregation.py - check_database - 30 : Aggregating
2025-02-26 08:18:31,270 - server - /home/marcuswrrn/Projects/Federated-Learning/src/coordination/server/aggregation.py - check_database - 44 : Loading Client ID : 3e650d3bda9f3da6546272b60f552360 . Loading file /home/marcuswrrn/Projects/Federated-Learning/src/coordination/instance/super_round_10/training_round_1/client_models/3e650d3bda9f3da6546272b60f552360.pth
2025-02-26 08:18:31,429 - server - /home/marcuswrrn/Projects/Federated-Learning/src/coordination/server/validation.py - validation - 41 : Running validation ...
2025-02-26 08:18:45,479 - server - /home/marcuswrrn/Projects/Federated-Learning/src/coordination/server/validation.py - validation - 97 : Accuracy: 0.3664743807261622,
2025-02-26 08:18:45,479 - server - /home/marcuswrrn/Projects/Federated-Learning/src/coordination/server/validation.py - validation - 108 : Micro Recall 0.3664743807261622, Macro Recall 0.20595719019379666, Weighted Recall 0.37017220587276445

2025-02-26 08:18:45,479 - server - /home/marcuswrrn/Projects/Federated-Learning/src/coordination/server/validation.py - validation - 116 : Micro Precision 0.3664743807261622, Macro Precision 0.3575090461840513, Weighted Precision 0.9414315506992164

2025-02-26 08:18:45,480 - server - /home/marcuswrrn/Projects/Federated-Learning/src/coordination/server/validation.py - validation - 123 : F1 Precision 0.3664743807261622, F1 Precision 0.21478520281692323, F1 Precision 0.644567122740422

2025-02-26 08:18:45,480 - server - /home/marcuswrrn/Projects/Federated-Learning/src/coordination/server/validation.py - validation - 131 : AUC Precision 0.0, AUC Precision 0.0, AUC Precision 0.0

2025-02-26 08:18:45,507 - server - /home/marcuswrrn/Projects/Federated-Learning/src/coordination/server/aggregation.py - check_database - 79 : Checking if done training (max round hit)
2025-02-26 08:18:45,507 - server - /home/marcuswrrn/Projects/Federated-Learning/src/coordination/server/aggregation.py - check_database - 80 : current round: 1, current + 1 : 2. max : 10
2025-02-26 08:18:45,554 - server - /home/marcuswrrn/Projects/Federated-Learning/src/coordination/server/aggregation.py - check_database - 90 : Starting training round 2
2025-02-26 08:19:03,796 - server - /home/marcuswrrn/Projects/Federated-Learning/src/coordination/server/server.py - get_model - 18 : Getting model to /home/marcuswrrn/Projects/Federated-Learning/src/coordination/instance/super_round_10/training_round_2/19185e9c3281f82db1e4c89029c39cf9.pth
2025-02-26 08:19:15,587 - server - /home/marcuswrrn/Projects/Federated-Learning/src/coordination/server/aggregation.py - check_database - 19 : Training round : 2
2025-02-26 08:19:16,282 - server - /home/marcuswrrn/Projects/Federated-Learning/src/coordination/server/server.py - upload_model - 35 : Received client model from : 3e650d3bda9f3da6546272b60f552360
2025-02-26 08:24:25,581 - server - /home/marcuswrrn/Projects/Federated-Learning/src/coordination/server/__init__.py - create_app - 25 : Starting up server
2025-02-26 08:24:25,581 - server - /home/marcuswrrn/Projects/Federated-Learning/src/coordination/server/__init__.py - create_app - 31 : Database path : /home/marcuswrrn/Projects/Federated-Learning/src/coordination/instance/db.sqlite
2025-02-26 08:24:25,583 - server - /home/marcuswrrn/Projects/Federated-Learning/src/coordination/server/__init__.py - create_app - 47 : Map([<Rule '/static/<filename>' (HEAD, GET, OPTIONS) -> static>,
 <Rule '/training/get_model/<model_id>' (HEAD, GET, OPTIONS) -> training.get_model>,
 <Rule '/training/upload-model' (POST, OPTIONS) -> training.upload_model>,
 <Rule '/training/display_models' (HEAD, GET, OPTIONS) -> training.display>,
 <Rule '/training/ping' (POST, OPTIONS) -> training.ping_server>,
 <Rule '/training/initialize' (POST, OPTIONS) -> training.init_training>,
 <Rule '/training/shutdown' (POST, OPTIONS) -> training.shutdown>,
 <Rule '/training/connect_test' (HEAD, POST, GET, OPTIONS) -> training.connected>,
 <Rule '/view/models/<super_round>' (HEAD, GET, OPTIONS) -> view.models>,
 <Rule '/view/current_round' (HEAD, GET, OPTIONS) -> view.current_round>,
 <Rule '/view/' (HEAD, GET, OPTIONS) -> view.home>])
2025-02-26 08:24:25,583 - server - /home/marcuswrrn/Projects/Federated-Learning/src/coordination/server/aggregation.py - check_database - 11 : Starting database check
2025-02-26 08:24:25,584 - server - /home/marcuswrrn/Projects/Federated-Learning/src/coordination/server/aggregation.py - check_database - 19 : Training round : 2
2025-02-26 08:24:25,584 - server - /home/marcuswrrn/Projects/Federated-Learning/src/coordination/server/aggregation.py - check_database - 30 : Aggregating
2025-02-26 08:24:25,663 - server - /home/marcuswrrn/Projects/Federated-Learning/src/coordination/server/aggregation.py - check_database - 44 : Loading Client ID : 3e650d3bda9f3da6546272b60f552360 . Loading file /home/marcuswrrn/Projects/Federated-Learning/src/coordination/instance/super_round_10/training_round_2/client_models/3e650d3bda9f3da6546272b60f552360.pth
2025-02-26 08:24:25,801 - server - /home/marcuswrrn/Projects/Federated-Learning/src/coordination/server/validation.py - validation - 41 : Running validation ...
2025-02-26 08:24:35,932 - server - /home/marcuswrrn/Projects/Federated-Learning/src/coordination/server/validation.py - validation - 97 : Accuracy: 0.49202578893790294,
2025-02-26 08:24:35,932 - server - /home/marcuswrrn/Projects/Federated-Learning/src/coordination/server/validation.py - validation - 108 : Micro Recall 0.49202578893790294, Macro Recall 0.45907919222345317, Weighted Recall 0.5611274805253132

2025-02-26 08:24:35,932 - server - /home/marcuswrrn/Projects/Federated-Learning/src/coordination/server/validation.py - validation - 116 : Micro Precision 0.49202578893790294, Macro Precision 0.507339572354073, Weighted Precision 0.7971792227895194

2025-02-26 08:24:35,932 - server - /home/marcuswrrn/Projects/Federated-Learning/src/coordination/server/validation.py - validation - 123 : F1 Precision 0.49202578893790294, F1 Precision 0.4066759915258338, F1 Precision 0.6040955356780167

2025-02-26 08:24:35,932 - server - /home/marcuswrrn/Projects/Federated-Learning/src/coordination/server/validation.py - validation - 131 : AUC Precision 0.0, AUC Precision 0.0, AUC Precision 0.0

2025-02-26 08:24:35,955 - server - /home/marcuswrrn/Projects/Federated-Learning/src/coordination/server/aggregation.py - check_database - 79 : Checking if done training (max round hit)
2025-02-26 08:24:35,955 - server - /home/marcuswrrn/Projects/Federated-Learning/src/coordination/server/aggregation.py - check_database - 80 : current round: 2, current + 1 : 3. max : 10
2025-02-26 08:24:35,996 - server - /home/marcuswrrn/Projects/Federated-Learning/src/coordination/server/aggregation.py - check_database - 90 : Starting training round 3
2025-02-26 08:25:06,003 - server - /home/marcuswrrn/Projects/Federated-Learning/src/coordination/server/aggregation.py - check_database - 19 : Training round : 3
2025-02-26 08:57:42,204 - server - /home/marcuswrrn/Projects/Federated-Learning/src/coordination/server/__init__.py - create_app - 25 : Starting up server
2025-02-26 08:57:42,204 - server - /home/marcuswrrn/Projects/Federated-Learning/src/coordination/server/__init__.py - create_app - 31 : Database path : /home/marcuswrrn/Projects/Federated-Learning/src/coordination/instance/db.sqlite
2025-02-26 08:57:42,206 - server - /home/marcuswrrn/Projects/Federated-Learning/src/coordination/server/__init__.py - create_app - 47 : Map([<Rule '/static/<filename>' (OPTIONS, GET, HEAD) -> static>,
 <Rule '/training/get_model/<model_id>' (OPTIONS, GET, HEAD) -> training.get_model>,
 <Rule '/training/upload-model' (POST, OPTIONS) -> training.upload_model>,
 <Rule '/training/display_models' (OPTIONS, GET, HEAD) -> training.display>,
 <Rule '/training/ping' (POST, OPTIONS) -> training.ping_server>,
 <Rule '/training/initialize' (POST, OPTIONS) -> training.init_training>,
 <Rule '/training/shutdown' (POST, OPTIONS) -> training.shutdown>,
 <Rule '/training/connect_test' (POST, OPTIONS, GET, HEAD) -> training.connected>,
 <Rule '/view/models/<super_round>' (OPTIONS, GET, HEAD) -> view.models>,
 <Rule '/view/current_round' (OPTIONS, GET, HEAD) -> view.current_round>,
 <Rule '/view/' (OPTIONS, GET, HEAD) -> view.home>])
2025-02-26 08:57:42,207 - server - /home/marcuswrrn/Projects/Federated-Learning/src/coordination/server/aggregation.py - check_database - 11 : Starting database check
2025-02-26 08:57:42,208 - server - /home/marcuswrrn/Projects/Federated-Learning/src/coordination/server/aggregation.py - check_database - 19 : Training round : 3
2025-02-26 08:58:03,216 - server - /home/marcuswrrn/Projects/Federated-Learning/src/coordination/server/server.py - get_model - 18 : Getting model to /home/marcuswrrn/Projects/Federated-Learning/src/coordination/instance/super_round_10/training_round_3/bc0361026b148c5a7ada2ef8bb516305.pth
2025-02-26 08:58:12,238 - server - /home/marcuswrrn/Projects/Federated-Learning/src/coordination/server/aggregation.py - check_database - 19 : Training round : 3
2025-02-26 08:58:16,099 - server - /home/marcuswrrn/Projects/Federated-Learning/src/coordination/server/server.py - upload_model - 35 : Received client model from : 3e650d3bda9f3da6546272b60f552360
2025-02-26 08:58:42,269 - server - /home/marcuswrrn/Projects/Federated-Learning/src/coordination/server/aggregation.py - check_database - 19 : Training round : 3
2025-02-26 08:58:42,270 - server - /home/marcuswrrn/Projects/Federated-Learning/src/coordination/server/aggregation.py - check_database - 30 : Aggregating
2025-02-26 08:58:42,348 - server - /home/marcuswrrn/Projects/Federated-Learning/src/coordination/server/aggregation.py - check_database - 44 : Loading Client ID : 3e650d3bda9f3da6546272b60f552360 . Loading file /home/marcuswrrn/Projects/Federated-Learning/src/coordination/instance/super_round_10/training_round_3/client_models/3e650d3bda9f3da6546272b60f552360.pth
2025-02-26 08:58:42,491 - server - /home/marcuswrrn/Projects/Federated-Learning/src/coordination/server/validation.py - validation - 41 : Running validation ...
2025-02-26 08:58:53,102 - server - /home/marcuswrrn/Projects/Federated-Learning/src/coordination/server/validation.py - validation - 97 : Accuracy: 0.4251781472684085,
2025-02-26 08:58:53,102 - server - /home/marcuswrrn/Projects/Federated-Learning/src/coordination/server/validation.py - validation - 108 : Micro Recall 0.4251781472684085, Macro Recall 0.24984631402712157, Weighted Recall 0.4698199545347988

2025-02-26 08:58:53,102 - server - /home/marcuswrrn/Projects/Federated-Learning/src/coordination/server/validation.py - validation - 116 : Micro Precision 0.4251781472684085, Macro Precision 0.42741647644220176, Weighted Precision 0.8732424730056166

2025-02-26 08:58:53,102 - server - /home/marcuswrrn/Projects/Federated-Learning/src/coordination/server/validation.py - validation - 123 : F1 Precision 0.4251781472684085, F1 Precision 0.30238211968921, F1 Precision 0.8326834404488677

2025-02-26 08:58:53,102 - server - /home/marcuswrrn/Projects/Federated-Learning/src/coordination/server/validation.py - validation - 131 : AUC Precision 0.0, AUC Precision 0.0, AUC Precision 0.0

2025-02-26 08:58:53,126 - server - /home/marcuswrrn/Projects/Federated-Learning/src/coordination/server/aggregation.py - check_database - 79 : Checking if done training (max round hit)
2025-02-26 08:58:53,126 - server - /home/marcuswrrn/Projects/Federated-Learning/src/coordination/server/aggregation.py - check_database - 80 : current round: 3, current + 1 : 4. max : 10
2025-02-26 08:58:53,167 - server - /home/marcuswrrn/Projects/Federated-Learning/src/coordination/server/aggregation.py - check_database - 90 : Starting training round 4
2025-02-26 08:59:16,177 - server - /home/marcuswrrn/Projects/Federated-Learning/src/coordination/server/server.py - get_model - 18 : Getting model to /home/marcuswrrn/Projects/Federated-Learning/src/coordination/instance/super_round_10/training_round_4/ec5fd9154137e26ce5a3205d3efa8636.pth
2025-02-26 08:59:23,197 - server - /home/marcuswrrn/Projects/Federated-Learning/src/coordination/server/aggregation.py - check_database - 19 : Training round : 4
2025-02-26 08:59:28,993 - server - /home/marcuswrrn/Projects/Federated-Learning/src/coordination/server/server.py - upload_model - 35 : Received client model from : 3e650d3bda9f3da6546272b60f552360
2025-02-26 08:59:53,229 - server - /home/marcuswrrn/Projects/Federated-Learning/src/coordination/server/aggregation.py - check_database - 19 : Training round : 4
2025-02-26 08:59:53,229 - server - /home/marcuswrrn/Projects/Federated-Learning/src/coordination/server/aggregation.py - check_database - 30 : Aggregating
2025-02-26 08:59:53,285 - server - /home/marcuswrrn/Projects/Federated-Learning/src/coordination/server/aggregation.py - check_database - 44 : Loading Client ID : 3e650d3bda9f3da6546272b60f552360 . Loading file /home/marcuswrrn/Projects/Federated-Learning/src/coordination/instance/super_round_10/training_round_4/client_models/3e650d3bda9f3da6546272b60f552360.pth
2025-02-26 08:59:53,421 - server - /home/marcuswrrn/Projects/Federated-Learning/src/coordination/server/validation.py - validation - 41 : Running validation ...
2025-02-26 09:00:02,237 - server - /home/marcuswrrn/Projects/Federated-Learning/src/coordination/server/validation.py - validation - 97 : Accuracy: 0.5564981336952833,
2025-02-26 09:00:02,237 - server - /home/marcuswrrn/Projects/Federated-Learning/src/coordination/server/validation.py - validation - 108 : Micro Recall 0.5564981336952833, Macro Recall 0.562103744031267, Weighted Recall 0.6415107722342528

2025-02-26 09:00:02,238 - server - /home/marcuswrrn/Projects/Federated-Learning/src/coordination/server/validation.py - validation - 116 : Micro Precision 0.5564981336952833, Macro Precision 0.5331734184053288, Weighted Precision 0.8272954893184719

2025-02-26 09:00:02,238 - server - /home/marcuswrrn/Projects/Federated-Learning/src/coordination/server/validation.py - validation - 123 : F1 Precision 0.5564981336952833, F1 Precision 0.47096368742396993, F1 Precision 0.6065056273204102

2025-02-26 09:00:02,238 - server - /home/marcuswrrn/Projects/Federated-Learning/src/coordination/server/validation.py - validation - 131 : AUC Precision 0.0, AUC Precision 0.0, AUC Precision 0.0

2025-02-26 09:00:02,262 - server - /home/marcuswrrn/Projects/Federated-Learning/src/coordination/server/aggregation.py - check_database - 79 : Checking if done training (max round hit)
2025-02-26 09:00:02,262 - server - /home/marcuswrrn/Projects/Federated-Learning/src/coordination/server/aggregation.py - check_database - 80 : current round: 4, current + 1 : 5. max : 10
2025-02-26 09:00:02,306 - server - /home/marcuswrrn/Projects/Federated-Learning/src/coordination/server/aggregation.py - check_database - 90 : Starting training round 5
2025-02-26 09:00:29,068 - server - /home/marcuswrrn/Projects/Federated-Learning/src/coordination/server/server.py - get_model - 18 : Getting model to /home/marcuswrrn/Projects/Federated-Learning/src/coordination/instance/super_round_10/training_round_5/29cafbbceea067b8d60a658373be843d.pth
2025-02-26 09:00:32,326 - server - /home/marcuswrrn/Projects/Federated-Learning/src/coordination/server/aggregation.py - check_database - 19 : Training round : 5
2025-02-26 09:00:40,325 - server - /home/marcuswrrn/Projects/Federated-Learning/src/coordination/server/__init__.py - create_app - 25 : Starting up server
2025-02-26 09:00:40,326 - server - /home/marcuswrrn/Projects/Federated-Learning/src/coordination/server/__init__.py - create_app - 31 : Database path : /home/marcuswrrn/Projects/Federated-Learning/src/coordination/instance/db.sqlite
2025-02-26 09:00:40,327 - server - /home/marcuswrrn/Projects/Federated-Learning/src/coordination/server/__init__.py - create_app - 47 : Map([<Rule '/static/<filename>' (GET, HEAD, OPTIONS) -> static>,
 <Rule '/training/get_model/<model_id>' (GET, HEAD, OPTIONS) -> training.get_model>,
 <Rule '/training/upload-model' (POST, OPTIONS) -> training.upload_model>,
 <Rule '/training/display_models' (GET, HEAD, OPTIONS) -> training.display>,
 <Rule '/training/ping' (POST, OPTIONS) -> training.ping_server>,
 <Rule '/training/initialize' (POST, OPTIONS) -> training.init_training>,
 <Rule '/training/shutdown' (POST, OPTIONS) -> training.shutdown>,
 <Rule '/training/connect_test' (GET, POST, HEAD, OPTIONS) -> training.connected>,
 <Rule '/view/models/<super_round>' (GET, HEAD, OPTIONS) -> view.models>,
 <Rule '/view/current_round' (GET, HEAD, OPTIONS) -> view.current_round>,
 <Rule '/view/' (GET, HEAD, OPTIONS) -> view.home>])
2025-02-26 09:00:40,328 - server - /home/marcuswrrn/Projects/Federated-Learning/src/coordination/server/aggregation.py - check_database - 11 : Starting database check
2025-02-26 09:00:40,329 - server - /home/marcuswrrn/Projects/Federated-Learning/src/coordination/server/aggregation.py - check_database - 19 : Training round : 5
2025-02-26 09:01:10,360 - server - /home/marcuswrrn/Projects/Federated-Learning/src/coordination/server/aggregation.py - check_database - 19 : Training round : 5
2025-02-26 09:01:21,628 - server - /home/marcuswrrn/Projects/Federated-Learning/src/coordination/server/server.py - upload_model - 35 : Received client model from : 3e650d3bda9f3da6546272b60f552360
2025-02-26 09:01:40,390 - server - /home/marcuswrrn/Projects/Federated-Learning/src/coordination/server/aggregation.py - check_database - 19 : Training round : 5
2025-02-26 09:01:40,391 - server - /home/marcuswrrn/Projects/Federated-Learning/src/coordination/server/aggregation.py - check_database - 30 : Aggregating
2025-02-26 09:01:40,470 - server - /home/marcuswrrn/Projects/Federated-Learning/src/coordination/server/aggregation.py - check_database - 44 : Loading Client ID : 3e650d3bda9f3da6546272b60f552360 . Loading file /home/marcuswrrn/Projects/Federated-Learning/src/coordination/instance/super_round_10/training_round_5/client_models/3e650d3bda9f3da6546272b60f552360.pth
2025-02-26 09:01:40,622 - server - /home/marcuswrrn/Projects/Federated-Learning/src/coordination/server/validation.py - validation - 41 : Running validation ...
2025-02-26 09:01:50,947 - server - /home/marcuswrrn/Projects/Federated-Learning/src/coordination/server/validation.py - validation - 97 : Accuracy: 0.4329826942653546,
2025-02-26 09:01:50,948 - server - /home/marcuswrrn/Projects/Federated-Learning/src/coordination/server/validation.py - validation - 108 : Micro Recall 0.4329826942653546, Macro Recall 0.6297416907292585, Weighted Recall 0.5126856198834591

2025-02-26 09:01:50,948 - server - /home/marcuswrrn/Projects/Federated-Learning/src/coordination/server/validation.py - validation - 116 : Micro Precision 0.4329826942653546, Macro Precision 0.42072001012149746, Weighted Precision 0.8530754571247855

2025-02-26 09:01:50,948 - server - /home/marcuswrrn/Projects/Federated-Learning/src/coordination/server/validation.py - validation - 123 : F1 Precision 0.4329826942653546, F1 Precision 0.33116546591760776, F1 Precision 0.348129214488252

2025-02-26 09:01:50,948 - server - /home/marcuswrrn/Projects/Federated-Learning/src/coordination/server/validation.py - validation - 131 : AUC Precision 0.0, AUC Precision 0.0, AUC Precision 0.0

2025-02-26 09:01:50,970 - server - /home/marcuswrrn/Projects/Federated-Learning/src/coordination/server/aggregation.py - check_database - 79 : Checking if done training (max round hit)
2025-02-26 09:01:50,970 - server - /home/marcuswrrn/Projects/Federated-Learning/src/coordination/server/aggregation.py - check_database - 80 : current round: 5, current + 1 : 6. max : 10
2025-02-26 09:01:51,012 - server - /home/marcuswrrn/Projects/Federated-Learning/src/coordination/server/aggregation.py - check_database - 90 : Starting training round 6
2025-02-26 09:01:51,697 - server - /home/marcuswrrn/Projects/Federated-Learning/src/coordination/server/server.py - get_model - 18 : Getting model to /home/marcuswrrn/Projects/Federated-Learning/src/coordination/instance/super_round_10/training_round_6/1a664e6009e12bd59e980b400d97c607.pth
2025-02-26 09:02:03,369 - server - /home/marcuswrrn/Projects/Federated-Learning/src/coordination/server/server.py - upload_model - 35 : Received client model from : 3e650d3bda9f3da6546272b60f552360
2025-02-26 09:02:21,043 - server - /home/marcuswrrn/Projects/Federated-Learning/src/coordination/server/aggregation.py - check_database - 19 : Training round : 6
2025-02-26 09:02:21,043 - server - /home/marcuswrrn/Projects/Federated-Learning/src/coordination/server/aggregation.py - check_database - 30 : Aggregating
2025-02-26 09:02:21,109 - server - /home/marcuswrrn/Projects/Federated-Learning/src/coordination/server/aggregation.py - check_database - 44 : Loading Client ID : 3e650d3bda9f3da6546272b60f552360 . Loading file /home/marcuswrrn/Projects/Federated-Learning/src/coordination/instance/super_round_10/training_round_6/client_models/3e650d3bda9f3da6546272b60f552360.pth
2025-02-26 09:02:21,238 - server - /home/marcuswrrn/Projects/Federated-Learning/src/coordination/server/validation.py - validation - 41 : Running validation ...
2025-02-26 09:02:31,750 - server - /home/marcuswrrn/Projects/Federated-Learning/src/coordination/server/__init__.py - create_app - 25 : Starting up server
2025-02-26 09:02:31,750 - server - /home/marcuswrrn/Projects/Federated-Learning/src/coordination/server/__init__.py - create_app - 31 : Database path : /home/marcuswrrn/Projects/Federated-Learning/src/coordination/instance/db.sqlite
2025-02-26 09:02:31,751 - server - /home/marcuswrrn/Projects/Federated-Learning/src/coordination/server/__init__.py - create_app - 47 : Map([<Rule '/static/<filename>' (GET, HEAD, OPTIONS) -> static>,
 <Rule '/training/get_model/<model_id>' (GET, HEAD, OPTIONS) -> training.get_model>,
 <Rule '/training/upload-model' (POST, OPTIONS) -> training.upload_model>,
 <Rule '/training/display_models' (GET, HEAD, OPTIONS) -> training.display>,
 <Rule '/training/ping' (POST, OPTIONS) -> training.ping_server>,
 <Rule '/training/initialize' (POST, OPTIONS) -> training.init_training>,
 <Rule '/training/shutdown' (POST, OPTIONS) -> training.shutdown>,
 <Rule '/training/connect_test' (GET, HEAD, POST, OPTIONS) -> training.connected>,
 <Rule '/view/models/<super_round>' (GET, HEAD, OPTIONS) -> view.models>,
 <Rule '/view/current_round' (GET, HEAD, OPTIONS) -> view.current_round>,
 <Rule '/view/' (GET, HEAD, OPTIONS) -> view.home>])
2025-02-26 09:02:31,752 - server - /home/marcuswrrn/Projects/Federated-Learning/src/coordination/server/aggregation.py - check_database - 11 : Starting database check
2025-02-26 09:02:31,753 - server - /home/marcuswrrn/Projects/Federated-Learning/src/coordination/server/aggregation.py - check_database - 19 : Training round : 6
2025-02-26 09:03:01,770 - server - /home/marcuswrrn/Projects/Federated-Learning/src/coordination/server/aggregation.py - check_database - 19 : Training round : 6
2025-02-26 09:03:31,800 - server - /home/marcuswrrn/Projects/Federated-Learning/src/coordination/server/aggregation.py - check_database - 19 : Training round : 6
2025-02-26 09:04:01,830 - server - /home/marcuswrrn/Projects/Federated-Learning/src/coordination/server/aggregation.py - check_database - 19 : Training round : 6
2025-02-26 09:04:31,860 - server - /home/marcuswrrn/Projects/Federated-Learning/src/coordination/server/aggregation.py - check_database - 19 : Training round : 6
2025-02-26 09:05:01,891 - server - /home/marcuswrrn/Projects/Federated-Learning/src/coordination/server/aggregation.py - check_database - 19 : Training round : 6
2025-02-26 17:09:16,717 - server - /home/marcuswrrn/Projects/Federated-Learning/src/coordination/server/__init__.py - create_app - 25 : Starting up server
2025-02-26 17:09:16,717 - server - /home/marcuswrrn/Projects/Federated-Learning/src/coordination/server/__init__.py - create_app - 31 : Database path : /home/marcuswrrn/Projects/Federated-Learning/src/coordination/instance/db.sqlite
2025-02-26 17:09:16,719 - server - /home/marcuswrrn/Projects/Federated-Learning/src/coordination/server/__init__.py - create_app - 47 : Map([<Rule '/static/<filename>' (OPTIONS, GET, HEAD) -> static>,
 <Rule '/training/get_model/<model_id>' (OPTIONS, GET, HEAD) -> training.get_model>,
 <Rule '/training/upload-model' (OPTIONS, POST) -> training.upload_model>,
 <Rule '/training/display_models' (OPTIONS, GET, HEAD) -> training.display>,
 <Rule '/training/ping' (OPTIONS, POST) -> training.ping_server>,
 <Rule '/training/initialize' (OPTIONS, POST) -> training.init_training>,
 <Rule '/training/shutdown' (OPTIONS, POST) -> training.shutdown>,
 <Rule '/training/connect_test' (OPTIONS, GET, HEAD, POST) -> training.connected>,
 <Rule '/view/models/<super_round>' (OPTIONS, GET, HEAD) -> view.models>,
 <Rule '/view/current_round' (OPTIONS, GET, HEAD) -> view.current_round>,
 <Rule '/view/' (OPTIONS, GET, HEAD) -> view.home>])
2025-02-26 17:09:16,720 - server - /home/marcuswrrn/Projects/Federated-Learning/src/coordination/server/aggregation.py - check_database - 11 : Starting database check
2025-02-26 17:09:16,721 - server - /home/marcuswrrn/Projects/Federated-Learning/src/coordination/server/aggregation.py - check_database - 19 : Training round : 6
2025-02-26 17:09:20,990 - server - /home/marcuswrrn/Projects/Federated-Learning/src/coordination/server/server.py - get_model - 18 : Getting model to /home/marcuswrrn/Projects/Federated-Learning/src/coordination/instance/super_round_10/training_round_6/1a664e6009e12bd59e980b400d97c607.pth
2025-02-26 17:09:46,752 - server - /home/marcuswrrn/Projects/Federated-Learning/src/coordination/server/aggregation.py - check_database - 19 : Training round : 6
2025-02-26 17:10:16,783 - server - /home/marcuswrrn/Projects/Federated-Learning/src/coordination/server/aggregation.py - check_database - 19 : Training round : 6
2025-02-26 17:10:34,873 - server - /home/marcuswrrn/Projects/Federated-Learning/src/coordination/server/server.py - init_training - 106 : New Super round
2025-02-26 17:10:34,873 - server - /home/marcuswrrn/Projects/Federated-Learning/src/coordination/server/server.py - init_training - 107 : Start training
2025-02-26 17:10:34,883 - server - /home/marcuswrrn/Projects/Federated-Learning/src/coordination/server/server.py - init_training - 126 : Round initializer
2025-02-26 17:10:46,807 - server - /home/marcuswrrn/Projects/Federated-Learning/src/coordination/server/aggregation.py - check_database - 19 : Training round : 1
2025-02-26 17:10:51,146 - server - /home/marcuswrrn/Projects/Federated-Learning/src/coordination/server/server.py - get_model - 18 : Getting model to /home/marcuswrrn/Projects/Federated-Learning/src/coordination/instance/super_round_11/training_round_1/7e6c4c2f0080ad42285a813e14d83ef4.pth
2025-02-26 17:11:03,799 - server - /home/marcuswrrn/Projects/Federated-Learning/src/coordination/server/server.py - upload_model - 35 : Received client model from : 3e650d3bda9f3da6546272b60f552360
2025-02-26 17:11:16,838 - server - /home/marcuswrrn/Projects/Federated-Learning/src/coordination/server/aggregation.py - check_database - 19 : Training round : 1
2025-02-26 17:11:16,838 - server - /home/marcuswrrn/Projects/Federated-Learning/src/coordination/server/aggregation.py - check_database - 30 : Aggregating
2025-02-26 17:11:16,922 - server - /home/marcuswrrn/Projects/Federated-Learning/src/coordination/server/aggregation.py - check_database - 44 : Loading Client ID : 3e650d3bda9f3da6546272b60f552360 . Loading file /home/marcuswrrn/Projects/Federated-Learning/src/coordination/instance/super_round_11/training_round_1/client_models/3e650d3bda9f3da6546272b60f552360.pth
2025-02-26 17:11:17,059 - server - /home/marcuswrrn/Projects/Federated-Learning/src/coordination/server/validation.py - validation - 41 : Running validation ...
2025-02-26 17:11:25,933 - server - /home/marcuswrrn/Projects/Federated-Learning/src/coordination/server/validation.py - validation - 97 : Accuracy: 0.32473702069901594,
2025-02-26 17:11:25,934 - server - /home/marcuswrrn/Projects/Federated-Learning/src/coordination/server/validation.py - validation - 108 : Micro Recall 0.32473702069901594, Macro Recall 0.12540385132576023, Weighted Recall 0.32572056510271785

2025-02-26 17:11:25,934 - server - /home/marcuswrrn/Projects/Federated-Learning/src/coordination/server/validation.py - validation - 116 : Micro Precision 0.32473702069901594, Macro Precision 0.3315894537745441, Weighted Precision 0.9927267025581894

2025-02-26 17:11:25,934 - server - /home/marcuswrrn/Projects/Federated-Learning/src/coordination/server/validation.py - validation - 123 : F1 Precision 0.32473702069901594, F1 Precision 0.1643447586323218, F1 Precision 0.8619493826615638

2025-02-26 17:11:25,934 - server - /home/marcuswrrn/Projects/Federated-Learning/src/coordination/server/validation.py - validation - 131 : AUC Precision 0.0, AUC Precision 0.0, AUC Precision 0.0

2025-02-26 17:11:25,958 - server - /home/marcuswrrn/Projects/Federated-Learning/src/coordination/server/aggregation.py - check_database - 79 : Checking if done training (max round hit)
2025-02-26 17:11:25,958 - server - /home/marcuswrrn/Projects/Federated-Learning/src/coordination/server/aggregation.py - check_database - 80 : current round: 1, current + 1 : 2. max : 10
2025-02-26 17:11:26,000 - server - /home/marcuswrrn/Projects/Federated-Learning/src/coordination/server/aggregation.py - check_database - 90 : Starting training round 2
2025-02-26 17:11:33,861 - server - /home/marcuswrrn/Projects/Federated-Learning/src/coordination/server/server.py - get_model - 18 : Getting model to /home/marcuswrrn/Projects/Federated-Learning/src/coordination/instance/super_round_11/training_round_2/fb7c03e68a0556c929d35d04349a07e4.pth
2025-02-26 17:11:46,109 - server - /home/marcuswrrn/Projects/Federated-Learning/src/coordination/server/server.py - upload_model - 35 : Received client model from : 3e650d3bda9f3da6546272b60f552360
2025-02-26 17:11:56,031 - server - /home/marcuswrrn/Projects/Federated-Learning/src/coordination/server/aggregation.py - check_database - 19 : Training round : 2
2025-02-26 17:11:56,031 - server - /home/marcuswrrn/Projects/Federated-Learning/src/coordination/server/aggregation.py - check_database - 30 : Aggregating
2025-02-26 17:11:56,098 - server - /home/marcuswrrn/Projects/Federated-Learning/src/coordination/server/aggregation.py - check_database - 44 : Loading Client ID : 3e650d3bda9f3da6546272b60f552360 . Loading file /home/marcuswrrn/Projects/Federated-Learning/src/coordination/instance/super_round_11/training_round_2/client_models/3e650d3bda9f3da6546272b60f552360.pth
2025-02-26 17:11:56,227 - server - /home/marcuswrrn/Projects/Federated-Learning/src/coordination/server/validation.py - validation - 41 : Running validation ...
2025-02-26 17:12:06,156 - server - /home/marcuswrrn/Projects/Federated-Learning/src/coordination/server/validation.py - validation - 97 : Accuracy: 0.39871055310485237,
2025-02-26 17:12:06,157 - server - /home/marcuswrrn/Projects/Federated-Learning/src/coordination/server/validation.py - validation - 108 : Micro Recall 0.39871055310485237, Macro Recall 0.40526732211350885, Weighted Recall 0.45079022814726993

2025-02-26 17:12:06,157 - server - /home/marcuswrrn/Projects/Federated-Learning/src/coordination/server/validation.py - validation - 116 : Micro Precision 0.39871055310485237, Macro Precision 0.39161702445670216, Weighted Precision 0.7265846040572299

2025-02-26 17:12:06,157 - server - /home/marcuswrrn/Projects/Federated-Learning/src/coordination/server/validation.py - validation - 123 : F1 Precision 0.39871055310485237, F1 Precision 0.30700214169512235, F1 Precision 0.43258493496988526

2025-02-26 17:12:06,157 - server - /home/marcuswrrn/Projects/Federated-Learning/src/coordination/server/validation.py - validation - 131 : AUC Precision 0.0, AUC Precision 0.0, AUC Precision 0.0

2025-02-26 17:12:06,181 - server - /home/marcuswrrn/Projects/Federated-Learning/src/coordination/server/aggregation.py - check_database - 79 : Checking if done training (max round hit)
2025-02-26 17:12:06,181 - server - /home/marcuswrrn/Projects/Federated-Learning/src/coordination/server/aggregation.py - check_database - 80 : current round: 2, current + 1 : 3. max : 10
2025-02-26 17:12:06,220 - server - /home/marcuswrrn/Projects/Federated-Learning/src/coordination/server/aggregation.py - check_database - 90 : Starting training round 3
2025-02-26 17:12:16,187 - server - /home/marcuswrrn/Projects/Federated-Learning/src/coordination/server/server.py - get_model - 18 : Getting model to /home/marcuswrrn/Projects/Federated-Learning/src/coordination/instance/super_round_11/training_round_3/74b5d1d3bb4281b3c9b5700f13f97679.pth
2025-02-26 17:12:29,066 - server - /home/marcuswrrn/Projects/Federated-Learning/src/coordination/server/server.py - upload_model - 35 : Received client model from : 3e650d3bda9f3da6546272b60f552360
2025-02-26 17:12:36,251 - server - /home/marcuswrrn/Projects/Federated-Learning/src/coordination/server/aggregation.py - check_database - 19 : Training round : 3
2025-02-26 17:12:36,251 - server - /home/marcuswrrn/Projects/Federated-Learning/src/coordination/server/aggregation.py - check_database - 30 : Aggregating
2025-02-26 17:12:36,298 - server - /home/marcuswrrn/Projects/Federated-Learning/src/coordination/server/aggregation.py - check_database - 44 : Loading Client ID : 3e650d3bda9f3da6546272b60f552360 . Loading file /home/marcuswrrn/Projects/Federated-Learning/src/coordination/instance/super_round_11/training_round_3/client_models/3e650d3bda9f3da6546272b60f552360.pth
2025-02-26 17:12:36,422 - server - /home/marcuswrrn/Projects/Federated-Learning/src/coordination/server/validation.py - validation - 41 : Running validation ...
2025-02-26 17:12:45,871 - server - /home/marcuswrrn/Projects/Federated-Learning/src/coordination/server/validation.py - validation - 97 : Accuracy: 0.38004750593824227,
2025-02-26 17:12:45,872 - server - /home/marcuswrrn/Projects/Federated-Learning/src/coordination/server/validation.py - validation - 108 : Micro Recall 0.38004750593824227, Macro Recall 0.3014411201035065, Weighted Recall 0.4713278390848077

2025-02-26 17:12:45,872 - server - /home/marcuswrrn/Projects/Federated-Learning/src/coordination/server/validation.py - validation - 116 : Micro Precision 0.38004750593824227, Macro Precision 0.3912674303962828, Weighted Precision 0.7614828133417794

2025-02-26 17:12:45,872 - server - /home/marcuswrrn/Projects/Federated-Learning/src/coordination/server/validation.py - validation - 123 : F1 Precision 0.3800475059382422, F1 Precision 0.3044606653739042, F1 Precision 0.6340360333153383

2025-02-26 17:12:45,872 - server - /home/marcuswrrn/Projects/Federated-Learning/src/coordination/server/validation.py - validation - 131 : AUC Precision 0.0, AUC Precision 0.0, AUC Precision 0.0

2025-02-26 17:12:45,893 - server - /home/marcuswrrn/Projects/Federated-Learning/src/coordination/server/aggregation.py - check_database - 79 : Checking if done training (max round hit)
2025-02-26 17:12:45,893 - server - /home/marcuswrrn/Projects/Federated-Learning/src/coordination/server/aggregation.py - check_database - 80 : current round: 3, current + 1 : 4. max : 10
2025-02-26 17:12:45,933 - server - /home/marcuswrrn/Projects/Federated-Learning/src/coordination/server/aggregation.py - check_database - 90 : Starting training round 4
2025-02-26 17:12:59,135 - server - /home/marcuswrrn/Projects/Federated-Learning/src/coordination/server/server.py - get_model - 18 : Getting model to /home/marcuswrrn/Projects/Federated-Learning/src/coordination/instance/super_round_11/training_round_4/dd069226e442267df879e0115e6dae48.pth
2025-02-26 17:13:10,956 - server - /home/marcuswrrn/Projects/Federated-Learning/src/coordination/server/server.py - upload_model - 35 : Received client model from : 3e650d3bda9f3da6546272b60f552360
2025-02-26 17:13:15,965 - server - /home/marcuswrrn/Projects/Federated-Learning/src/coordination/server/aggregation.py - check_database - 19 : Training round : 4
2025-02-26 17:13:15,965 - server - /home/marcuswrrn/Projects/Federated-Learning/src/coordination/server/aggregation.py - check_database - 30 : Aggregating
2025-02-26 17:13:16,011 - server - /home/marcuswrrn/Projects/Federated-Learning/src/coordination/server/aggregation.py - check_database - 44 : Loading Client ID : 3e650d3bda9f3da6546272b60f552360 . Loading file /home/marcuswrrn/Projects/Federated-Learning/src/coordination/instance/super_round_11/training_round_4/client_models/3e650d3bda9f3da6546272b60f552360.pth
2025-02-26 17:13:16,148 - server - /home/marcuswrrn/Projects/Federated-Learning/src/coordination/server/validation.py - validation - 41 : Running validation ...
2025-02-26 17:13:26,285 - server - /home/marcuswrrn/Projects/Federated-Learning/src/coordination/server/validation.py - validation - 97 : Accuracy: 0.504920257889379,
2025-02-26 17:13:26,286 - server - /home/marcuswrrn/Projects/Federated-Learning/src/coordination/server/validation.py - validation - 108 : Micro Recall 0.504920257889379, Macro Recall 0.4618695800506005, Weighted Recall 0.5802036208731133

2025-02-26 17:13:26,286 - server - /home/marcuswrrn/Projects/Federated-Learning/src/coordination/server/validation.py - validation - 116 : Micro Precision 0.504920257889379, Macro Precision 0.49683073729457544, Weighted Precision 0.9724089732743513

2025-02-26 17:13:26,286 - server - /home/marcuswrrn/Projects/Federated-Learning/src/coordination/server/validation.py - validation - 123 : F1 Precision 0.504920257889379, F1 Precision 0.36869718314840716, F1 Precision 0.6358362723282177

2025-02-26 17:13:26,286 - server - /home/marcuswrrn/Projects/Federated-Learning/src/coordination/server/validation.py - validation - 131 : AUC Precision 0.0, AUC Precision 0.0, AUC Precision 0.0

2025-02-26 17:13:26,306 - server - /home/marcuswrrn/Projects/Federated-Learning/src/coordination/server/aggregation.py - check_database - 79 : Checking if done training (max round hit)
2025-02-26 17:13:26,306 - server - /home/marcuswrrn/Projects/Federated-Learning/src/coordination/server/aggregation.py - check_database - 80 : current round: 4, current + 1 : 5. max : 10
2025-02-26 17:13:26,349 - server - /home/marcuswrrn/Projects/Federated-Learning/src/coordination/server/aggregation.py - check_database - 90 : Starting training round 5
2025-02-26 17:13:41,026 - server - /home/marcuswrrn/Projects/Federated-Learning/src/coordination/server/server.py - get_model - 18 : Getting model to /home/marcuswrrn/Projects/Federated-Learning/src/coordination/instance/super_round_11/training_round_5/609a2e4ff935e482d38fd65b65f4810d.pth
2025-02-26 17:13:53,673 - server - /home/marcuswrrn/Projects/Federated-Learning/src/coordination/server/server.py - upload_model - 35 : Received client model from : 3e650d3bda9f3da6546272b60f552360
2025-02-26 17:13:56,380 - server - /home/marcuswrrn/Projects/Federated-Learning/src/coordination/server/aggregation.py - check_database - 19 : Training round : 5
2025-02-26 17:13:56,381 - server - /home/marcuswrrn/Projects/Federated-Learning/src/coordination/server/aggregation.py - check_database - 30 : Aggregating
2025-02-26 17:13:56,431 - server - /home/marcuswrrn/Projects/Federated-Learning/src/coordination/server/aggregation.py - check_database - 44 : Loading Client ID : 3e650d3bda9f3da6546272b60f552360 . Loading file /home/marcuswrrn/Projects/Federated-Learning/src/coordination/instance/super_round_11/training_round_5/client_models/3e650d3bda9f3da6546272b60f552360.pth
2025-02-26 17:13:56,554 - server - /home/marcuswrrn/Projects/Federated-Learning/src/coordination/server/validation.py - validation - 41 : Running validation ...
2025-02-26 17:14:04,670 - server - /home/marcuswrrn/Projects/Federated-Learning/src/coordination/server/validation.py - validation - 97 : Accuracy: 0.6454021038344079,
2025-02-26 17:14:04,670 - server - /home/marcuswrrn/Projects/Federated-Learning/src/coordination/server/validation.py - validation - 108 : Micro Recall 0.6454021038344079, Macro Recall 0.769381441455116, Weighted Recall 0.7078612702429263

2025-02-26 17:14:04,670 - server - /home/marcuswrrn/Projects/Federated-Learning/src/coordination/server/validation.py - validation - 116 : Micro Precision 0.6454021038344079, Macro Precision 0.634923080218763, Weighted Precision 0.8146458279403355

2025-02-26 17:14:04,670 - server - /home/marcuswrrn/Projects/Federated-Learning/src/coordination/server/validation.py - validation - 123 : F1 Precision 0.6454021038344079, F1 Precision 0.604767308663169, F1 Precision 0.5821701777023245

2025-02-26 17:14:04,670 - server - /home/marcuswrrn/Projects/Federated-Learning/src/coordination/server/validation.py - validation - 131 : AUC Precision 0.0, AUC Precision 0.0, AUC Precision 0.0

2025-02-26 17:14:04,692 - server - /home/marcuswrrn/Projects/Federated-Learning/src/coordination/server/aggregation.py - check_database - 79 : Checking if done training (max round hit)
2025-02-26 17:14:04,692 - server - /home/marcuswrrn/Projects/Federated-Learning/src/coordination/server/aggregation.py - check_database - 80 : current round: 5, current + 1 : 6. max : 10
2025-02-26 17:14:04,732 - server - /home/marcuswrrn/Projects/Federated-Learning/src/coordination/server/aggregation.py - check_database - 90 : Starting training round 6
2025-02-26 17:14:23,744 - server - /home/marcuswrrn/Projects/Federated-Learning/src/coordination/server/server.py - get_model - 18 : Getting model to /home/marcuswrrn/Projects/Federated-Learning/src/coordination/instance/super_round_11/training_round_6/1393efd5b6c4c94a2bf65cc817563819.pth
2025-02-26 17:14:34,766 - server - /home/marcuswrrn/Projects/Federated-Learning/src/coordination/server/aggregation.py - check_database - 19 : Training round : 6
2025-02-26 17:14:35,713 - server - /home/marcuswrrn/Projects/Federated-Learning/src/coordination/server/server.py - upload_model - 35 : Received client model from : 3e650d3bda9f3da6546272b60f552360
2025-02-26 17:15:04,797 - server - /home/marcuswrrn/Projects/Federated-Learning/src/coordination/server/aggregation.py - check_database - 19 : Training round : 6
2025-02-26 17:15:04,797 - server - /home/marcuswrrn/Projects/Federated-Learning/src/coordination/server/aggregation.py - check_database - 30 : Aggregating
2025-02-26 17:15:04,845 - server - /home/marcuswrrn/Projects/Federated-Learning/src/coordination/server/aggregation.py - check_database - 44 : Loading Client ID : 3e650d3bda9f3da6546272b60f552360 . Loading file /home/marcuswrrn/Projects/Federated-Learning/src/coordination/instance/super_round_11/training_round_6/client_models/3e650d3bda9f3da6546272b60f552360.pth
2025-02-26 17:15:04,976 - server - /home/marcuswrrn/Projects/Federated-Learning/src/coordination/server/validation.py - validation - 41 : Running validation ...
2025-02-26 17:15:12,345 - server - /home/marcuswrrn/Projects/Federated-Learning/src/coordination/server/validation.py - validation - 97 : Accuracy: 0.7648456057007126,
2025-02-26 17:15:12,345 - server - /home/marcuswrrn/Projects/Federated-Learning/src/coordination/server/validation.py - validation - 108 : Micro Recall 0.7648456057007126, Macro Recall 0.8111051974303143, Weighted Recall 0.8064125490313468

2025-02-26 17:15:12,345 - server - /home/marcuswrrn/Projects/Federated-Learning/src/coordination/server/validation.py - validation - 116 : Micro Precision 0.7648456057007126, Macro Precision 0.7697541283690015, Weighted Precision 0.865330352014699

2025-02-26 17:15:12,345 - server - /home/marcuswrrn/Projects/Federated-Learning/src/coordination/server/validation.py - validation - 123 : F1 Precision 0.7648456057007126, F1 Precision 0.7458219439485552, F1 Precision 0.766324640808866

2025-02-26 17:15:12,345 - server - /home/marcuswrrn/Projects/Federated-Learning/src/coordination/server/validation.py - validation - 131 : AUC Precision 0.0, AUC Precision 0.0, AUC Precision 0.0

2025-02-26 17:15:12,368 - server - /home/marcuswrrn/Projects/Federated-Learning/src/coordination/server/aggregation.py - check_database - 79 : Checking if done training (max round hit)
2025-02-26 17:15:12,368 - server - /home/marcuswrrn/Projects/Federated-Learning/src/coordination/server/aggregation.py - check_database - 80 : current round: 6, current + 1 : 7. max : 10
2025-02-26 17:15:12,409 - server - /home/marcuswrrn/Projects/Federated-Learning/src/coordination/server/aggregation.py - check_database - 90 : Starting training round 7
2025-02-26 17:15:35,787 - server - /home/marcuswrrn/Projects/Federated-Learning/src/coordination/server/server.py - get_model - 18 : Getting model to /home/marcuswrrn/Projects/Federated-Learning/src/coordination/instance/super_round_11/training_round_7/96bde5b3bdce6e6020b9f1913ee1a4c4.pth
2025-02-26 17:15:42,419 - server - /home/marcuswrrn/Projects/Federated-Learning/src/coordination/server/aggregation.py - check_database - 19 : Training round : 7
2025-02-26 17:15:46,420 - server - /home/marcuswrrn/Projects/Federated-Learning/src/coordination/server/server.py - upload_model - 35 : Received client model from : 3e650d3bda9f3da6546272b60f552360
2025-02-26 17:16:12,432 - server - /home/marcuswrrn/Projects/Federated-Learning/src/coordination/server/aggregation.py - check_database - 19 : Training round : 7
2025-02-26 17:16:12,432 - server - /home/marcuswrrn/Projects/Federated-Learning/src/coordination/server/aggregation.py - check_database - 30 : Aggregating
2025-02-26 17:16:12,491 - server - /home/marcuswrrn/Projects/Federated-Learning/src/coordination/server/aggregation.py - check_database - 44 : Loading Client ID : 3e650d3bda9f3da6546272b60f552360 . Loading file /home/marcuswrrn/Projects/Federated-Learning/src/coordination/instance/super_round_11/training_round_7/client_models/3e650d3bda9f3da6546272b60f552360.pth
2025-02-26 17:16:12,608 - server - /home/marcuswrrn/Projects/Federated-Learning/src/coordination/server/validation.py - validation - 41 : Running validation ...
2025-02-26 17:16:20,308 - server - /home/marcuswrrn/Projects/Federated-Learning/src/coordination/server/validation.py - validation - 97 : Accuracy: 0.7621309806582965,
2025-02-26 17:16:20,308 - server - /home/marcuswrrn/Projects/Federated-Learning/src/coordination/server/validation.py - validation - 108 : Micro Recall 0.7621309806582965, Macro Recall 0.6868426574390379, Weighted Recall 0.8152134123216561

2025-02-26 17:16:20,308 - server - /home/marcuswrrn/Projects/Federated-Learning/src/coordination/server/validation.py - validation - 116 : Micro Precision 0.7621309806582965, Macro Precision 0.758635945030576, Weighted Precision 0.9196753326022182

2025-02-26 17:16:20,308 - server - /home/marcuswrrn/Projects/Federated-Learning/src/coordination/server/validation.py - validation - 123 : F1 Precision 0.7621309806582965, F1 Precision 0.7086049172448788, F1 Precision 0.9059359542045871

2025-02-26 17:16:20,309 - server - /home/marcuswrrn/Projects/Federated-Learning/src/coordination/server/validation.py - validation - 131 : AUC Precision 0.0, AUC Precision 0.0, AUC Precision 0.0

2025-02-26 17:16:20,329 - server - /home/marcuswrrn/Projects/Federated-Learning/src/coordination/server/aggregation.py - check_database - 79 : Checking if done training (max round hit)
2025-02-26 17:16:20,329 - server - /home/marcuswrrn/Projects/Federated-Learning/src/coordination/server/aggregation.py - check_database - 80 : current round: 7, current + 1 : 8. max : 10
2025-02-26 17:16:20,367 - server - /home/marcuswrrn/Projects/Federated-Learning/src/coordination/server/aggregation.py - check_database - 90 : Starting training round 8
2025-02-26 17:16:46,494 - server - /home/marcuswrrn/Projects/Federated-Learning/src/coordination/server/server.py - get_model - 18 : Getting model to /home/marcuswrrn/Projects/Federated-Learning/src/coordination/instance/super_round_11/training_round_8/4bf3a060b0a55343bfafe2ffecb20462.pth
2025-02-26 17:16:50,398 - server - /home/marcuswrrn/Projects/Federated-Learning/src/coordination/server/aggregation.py - check_database - 19 : Training round : 8
2025-02-26 17:16:58,620 - server - /home/marcuswrrn/Projects/Federated-Learning/src/coordination/server/server.py - upload_model - 35 : Received client model from : 3e650d3bda9f3da6546272b60f552360
2025-02-26 17:17:20,429 - server - /home/marcuswrrn/Projects/Federated-Learning/src/coordination/server/aggregation.py - check_database - 19 : Training round : 8
2025-02-26 17:17:20,430 - server - /home/marcuswrrn/Projects/Federated-Learning/src/coordination/server/aggregation.py - check_database - 30 : Aggregating
2025-02-26 17:17:20,475 - server - /home/marcuswrrn/Projects/Federated-Learning/src/coordination/server/aggregation.py - check_database - 44 : Loading Client ID : 3e650d3bda9f3da6546272b60f552360 . Loading file /home/marcuswrrn/Projects/Federated-Learning/src/coordination/instance/super_round_11/training_round_8/client_models/3e650d3bda9f3da6546272b60f552360.pth
2025-02-26 17:17:20,598 - server - /home/marcuswrrn/Projects/Federated-Learning/src/coordination/server/validation.py - validation - 41 : Running validation ...
2025-02-26 17:17:29,375 - server - /home/marcuswrrn/Projects/Federated-Learning/src/coordination/server/validation.py - validation - 97 : Accuracy: 0.7780794027824907,
2025-02-26 17:17:29,375 - server - /home/marcuswrrn/Projects/Federated-Learning/src/coordination/server/validation.py - validation - 108 : Micro Recall 0.7780794027824907, Macro Recall 0.8145724994359043, Weighted Recall 0.8105198346616231

2025-02-26 17:17:29,375 - server - /home/marcuswrrn/Projects/Federated-Learning/src/coordination/server/validation.py - validation - 116 : Micro Precision 0.7780794027824907, Macro Precision 0.7778672874741583, Weighted Precision 0.8910170137668145

2025-02-26 17:17:29,375 - server - /home/marcuswrrn/Projects/Federated-Learning/src/coordination/server/validation.py - validation - 123 : F1 Precision 0.7780794027824907, F1 Precision 0.7428560584376372, F1 Precision 0.7758569800254073

2025-02-26 17:17:29,376 - server - /home/marcuswrrn/Projects/Federated-Learning/src/coordination/server/validation.py - validation - 131 : AUC Precision 0.0, AUC Precision 0.0, AUC Precision 0.0

2025-02-26 17:17:29,398 - server - /home/marcuswrrn/Projects/Federated-Learning/src/coordination/server/aggregation.py - check_database - 79 : Checking if done training (max round hit)
2025-02-26 17:17:29,398 - server - /home/marcuswrrn/Projects/Federated-Learning/src/coordination/server/aggregation.py - check_database - 80 : current round: 8, current + 1 : 9. max : 10
2025-02-26 17:17:29,438 - server - /home/marcuswrrn/Projects/Federated-Learning/src/coordination/server/aggregation.py - check_database - 90 : Starting training round 9
2025-02-26 17:17:58,694 - server - /home/marcuswrrn/Projects/Federated-Learning/src/coordination/server/server.py - get_model - 18 : Getting model to /home/marcuswrrn/Projects/Federated-Learning/src/coordination/instance/super_round_11/training_round_9/acfd8305234924749d71d9c2383a8ad9.pth
2025-02-26 17:17:59,469 - server - /home/marcuswrrn/Projects/Federated-Learning/src/coordination/server/aggregation.py - check_database - 19 : Training round : 9
2025-02-26 17:18:11,403 - server - /home/marcuswrrn/Projects/Federated-Learning/src/coordination/server/server.py - upload_model - 35 : Received client model from : 3e650d3bda9f3da6546272b60f552360
2025-02-26 17:18:29,482 - server - /home/marcuswrrn/Projects/Federated-Learning/src/coordination/server/aggregation.py - check_database - 19 : Training round : 9
2025-02-26 17:18:29,482 - server - /home/marcuswrrn/Projects/Federated-Learning/src/coordination/server/aggregation.py - check_database - 30 : Aggregating
2025-02-26 17:18:29,529 - server - /home/marcuswrrn/Projects/Federated-Learning/src/coordination/server/aggregation.py - check_database - 44 : Loading Client ID : 3e650d3bda9f3da6546272b60f552360 . Loading file /home/marcuswrrn/Projects/Federated-Learning/src/coordination/instance/super_round_11/training_round_9/client_models/3e650d3bda9f3da6546272b60f552360.pth
2025-02-26 17:18:29,655 - server - /home/marcuswrrn/Projects/Federated-Learning/src/coordination/server/validation.py - validation - 41 : Running validation ...
2025-02-26 17:18:38,369 - server - /home/marcuswrrn/Projects/Federated-Learning/src/coordination/server/validation.py - validation - 97 : Accuracy: 0.7054631828978623,
2025-02-26 17:18:38,369 - server - /home/marcuswrrn/Projects/Federated-Learning/src/coordination/server/validation.py - validation - 108 : Micro Recall 0.7054631828978623, Macro Recall 0.8266959644618023, Weighted Recall 0.7670201874575218

2025-02-26 17:18:38,369 - server - /home/marcuswrrn/Projects/Federated-Learning/src/coordination/server/validation.py - validation - 116 : Micro Precision 0.7054631828978623, Macro Precision 0.7033686381950733, Weighted Precision 0.9233538048013447

2025-02-26 17:18:38,369 - server - /home/marcuswrrn/Projects/Federated-Learning/src/coordination/server/validation.py - validation - 123 : F1 Precision 0.7054631828978623, F1 Precision 0.6369816528502005, F1 Precision 0.6496530814118333

2025-02-26 17:18:38,369 - server - /home/marcuswrrn/Projects/Federated-Learning/src/coordination/server/validation.py - validation - 131 : AUC Precision 0.0, AUC Precision 0.0, AUC Precision 0.0

2025-02-26 17:18:38,393 - server - /home/marcuswrrn/Projects/Federated-Learning/src/coordination/server/aggregation.py - check_database - 79 : Checking if done training (max round hit)
2025-02-26 17:18:38,393 - server - /home/marcuswrrn/Projects/Federated-Learning/src/coordination/server/aggregation.py - check_database - 80 : current round: 9, current + 1 : 10. max : 10
2025-02-26 17:18:38,432 - server - /home/marcuswrrn/Projects/Federated-Learning/src/coordination/server/aggregation.py - check_database - 90 : Starting training round 10
2025-02-26 17:18:41,478 - server - /home/marcuswrrn/Projects/Federated-Learning/src/coordination/server/server.py - get_model - 18 : Getting model to /home/marcuswrrn/Projects/Federated-Learning/src/coordination/instance/super_round_11/training_round_10/05461509fa896ffe9b60c544485008c0.pth
2025-02-26 17:18:52,945 - server - /home/marcuswrrn/Projects/Federated-Learning/src/coordination/server/server.py - upload_model - 35 : Received client model from : 3e650d3bda9f3da6546272b60f552360
2025-02-26 17:19:08,435 - server - /home/marcuswrrn/Projects/Federated-Learning/src/coordination/server/aggregation.py - check_database - 19 : Training round : 10
2025-02-26 17:19:08,435 - server - /home/marcuswrrn/Projects/Federated-Learning/src/coordination/server/aggregation.py - check_database - 30 : Aggregating
2025-02-26 17:19:08,482 - server - /home/marcuswrrn/Projects/Federated-Learning/src/coordination/server/aggregation.py - check_database - 44 : Loading Client ID : 3e650d3bda9f3da6546272b60f552360 . Loading file /home/marcuswrrn/Projects/Federated-Learning/src/coordination/instance/super_round_11/training_round_10/client_models/3e650d3bda9f3da6546272b60f552360.pth
2025-02-26 17:19:08,608 - server - /home/marcuswrrn/Projects/Federated-Learning/src/coordination/server/validation.py - validation - 41 : Running validation ...
2025-02-26 17:19:16,622 - server - /home/marcuswrrn/Projects/Federated-Learning/src/coordination/server/validation.py - validation - 97 : Accuracy: 0.7553444180522565,
2025-02-26 17:19:16,622 - server - /home/marcuswrrn/Projects/Federated-Learning/src/coordination/server/validation.py - validation - 108 : Micro Recall 0.7553444180522565, Macro Recall 0.8400981748320161, Weighted Recall 0.8052823053002416

2025-02-26 17:19:16,622 - server - /home/marcuswrrn/Projects/Federated-Learning/src/coordination/server/validation.py - validation - 116 : Micro Precision 0.7553444180522565, Macro Precision 0.7472270770217554, Weighted Precision 0.8385677668768835

2025-02-26 17:19:16,622 - server - /home/marcuswrrn/Projects/Federated-Learning/src/coordination/server/validation.py - validation - 123 : F1 Precision 0.7553444180522564, F1 Precision 0.7408138252493762, F1 Precision 0.7161126555434887

2025-02-26 17:19:16,622 - server - /home/marcuswrrn/Projects/Federated-Learning/src/coordination/server/validation.py - validation - 131 : AUC Precision 0.0, AUC Precision 0.0, AUC Precision 0.0

2025-02-26 17:19:16,646 - server - /home/marcuswrrn/Projects/Federated-Learning/src/coordination/server/aggregation.py - check_database - 79 : Checking if done training (max round hit)
2025-02-26 17:19:16,647 - server - /home/marcuswrrn/Projects/Federated-Learning/src/coordination/server/aggregation.py - check_database - 80 : current round: 10, current + 1 : 11. max : 10
2025-02-26 17:19:16,647 - server - /home/marcuswrrn/Projects/Federated-Learning/src/coordination/server/aggregation.py - check_database - 92 : Max rounds has been hit. Training done
2025-02-26 17:23:04,915 - server - /home/marcuswrrn/Projects/Federated-Learning/src/coordination/server/server.py - init_training - 106 : New Super round
2025-02-26 17:23:04,915 - server - /home/marcuswrrn/Projects/Federated-Learning/src/coordination/server/server.py - init_training - 107 : Start training
2025-02-26 17:23:04,927 - server - /home/marcuswrrn/Projects/Federated-Learning/src/coordination/server/server.py - init_training - 126 : Round initializer
2025-02-26 17:23:04,935 - server - /home/marcuswrrn/Projects/Federated-Learning/src/coordination/server/aggregation.py - check_database - 19 : Training round : 1
2025-02-26 17:23:23,059 - server - /home/marcuswrrn/Projects/Federated-Learning/src/coordination/server/server.py - get_model - 18 : Getting model to /home/marcuswrrn/Projects/Federated-Learning/src/coordination/instance/super_round_12/training_round_1/51ba6760314ba2e40f3ecd9f1b8c4176.pth
2025-02-26 17:23:33,832 - server - /home/marcuswrrn/Projects/Federated-Learning/src/coordination/server/server.py - upload_model - 35 : Received client model from : 3e650d3bda9f3da6546272b60f552360
2025-02-26 17:23:34,941 - server - /home/marcuswrrn/Projects/Federated-Learning/src/coordination/server/aggregation.py - check_database - 19 : Training round : 1
2025-02-26 17:23:34,941 - server - /home/marcuswrrn/Projects/Federated-Learning/src/coordination/server/aggregation.py - check_database - 30 : Aggregating
2025-02-26 17:23:34,991 - server - /home/marcuswrrn/Projects/Federated-Learning/src/coordination/server/aggregation.py - check_database - 44 : Loading Client ID : 3e650d3bda9f3da6546272b60f552360 . Loading file /home/marcuswrrn/Projects/Federated-Learning/src/coordination/instance/super_round_12/training_round_1/client_models/3e650d3bda9f3da6546272b60f552360.pth
2025-02-26 17:23:35,100 - server - /home/marcuswrrn/Projects/Federated-Learning/src/coordination/server/validation.py - validation - 41 : Running validation ...
2025-02-26 17:23:42,445 - server - /home/marcuswrrn/Projects/Federated-Learning/src/coordination/server/validation.py - validation - 97 : Accuracy: 0.3474720054292501,
2025-02-26 17:23:42,445 - server - /home/marcuswrrn/Projects/Federated-Learning/src/coordination/server/validation.py - validation - 108 : Micro Recall 0.3474720054292501, Macro Recall 0.11612019198081429, Weighted Recall 0.34782107310291654

2025-02-26 17:23:42,445 - server - /home/marcuswrrn/Projects/Federated-Learning/src/coordination/server/validation.py - validation - 116 : Micro Precision 0.3474720054292501, Macro Precision 0.33030913978494625, Weighted Precision 0.9913704164566532

2025-02-26 17:23:42,445 - server - /home/marcuswrrn/Projects/Federated-Learning/src/coordination/server/validation.py - validation - 123 : F1 Precision 0.3474720054292501, F1 Precision 0.1717773736275662, F1 Precision 0.9906396626017208

2025-02-26 17:23:42,445 - server - /home/marcuswrrn/Projects/Federated-Learning/src/coordination/server/validation.py - validation - 131 : AUC Precision 0.0, AUC Precision 0.0, AUC Precision 0.0

2025-02-26 17:23:42,468 - server - /home/marcuswrrn/Projects/Federated-Learning/src/coordination/server/aggregation.py - check_database - 79 : Checking if done training (max round hit)
2025-02-26 17:23:42,468 - server - /home/marcuswrrn/Projects/Federated-Learning/src/coordination/server/aggregation.py - check_database - 80 : current round: 1, current + 1 : 2. max : 10
2025-02-26 17:23:42,506 - server - /home/marcuswrrn/Projects/Federated-Learning/src/coordination/server/aggregation.py - check_database - 90 : Starting training round 2
2025-02-26 17:24:03,901 - server - /home/marcuswrrn/Projects/Federated-Learning/src/coordination/server/server.py - get_model - 18 : Getting model to /home/marcuswrrn/Projects/Federated-Learning/src/coordination/instance/super_round_12/training_round_2/69362336f2147cade1a4fc90a8f785e3.pth
2025-02-26 17:24:12,510 - server - /home/marcuswrrn/Projects/Federated-Learning/src/coordination/server/aggregation.py - check_database - 19 : Training round : 2
2025-02-26 17:24:15,377 - server - /home/marcuswrrn/Projects/Federated-Learning/src/coordination/server/server.py - upload_model - 35 : Received client model from : 3e650d3bda9f3da6546272b60f552360
2025-02-26 17:24:42,515 - server - /home/marcuswrrn/Projects/Federated-Learning/src/coordination/server/aggregation.py - check_database - 19 : Training round : 2
2025-02-26 17:24:42,515 - server - /home/marcuswrrn/Projects/Federated-Learning/src/coordination/server/aggregation.py - check_database - 30 : Aggregating
2025-02-26 17:24:42,561 - server - /home/marcuswrrn/Projects/Federated-Learning/src/coordination/server/aggregation.py - check_database - 44 : Loading Client ID : 3e650d3bda9f3da6546272b60f552360 . Loading file /home/marcuswrrn/Projects/Federated-Learning/src/coordination/instance/super_round_12/training_round_2/client_models/3e650d3bda9f3da6546272b60f552360.pth
2025-02-26 17:24:42,673 - server - /home/marcuswrrn/Projects/Federated-Learning/src/coordination/server/validation.py - validation - 41 : Running validation ...
2025-02-26 17:24:48,761 - server - /home/marcuswrrn/Projects/Federated-Learning/src/coordination/server/validation.py - validation - 97 : Accuracy: 0.5307091957923312,
2025-02-26 17:24:48,761 - server - /home/marcuswrrn/Projects/Federated-Learning/src/coordination/server/validation.py - validation - 108 : Micro Recall 0.5307091957923312, Macro Recall 0.5036639100009175, Weighted Recall 0.6058301025407883

2025-02-26 17:24:48,761 - server - /home/marcuswrrn/Projects/Federated-Learning/src/coordination/server/validation.py - validation - 116 : Micro Precision 0.5307091957923312, Macro Precision 0.5396089636272652, Weighted Precision 0.7305935112124968

2025-02-26 17:24:48,761 - server - /home/marcuswrrn/Projects/Federated-Learning/src/coordination/server/validation.py - validation - 123 : F1 Precision 0.5307091957923312, F1 Precision 0.4777173685236862, F1 Precision 0.6295908474996997

2025-02-26 17:24:48,761 - server - /home/marcuswrrn/Projects/Federated-Learning/src/coordination/server/validation.py - validation - 131 : AUC Precision 0.0, AUC Precision 0.0, AUC Precision 0.0

2025-02-26 17:24:48,784 - server - /home/marcuswrrn/Projects/Federated-Learning/src/coordination/server/aggregation.py - check_database - 79 : Checking if done training (max round hit)
2025-02-26 17:24:48,784 - server - /home/marcuswrrn/Projects/Federated-Learning/src/coordination/server/aggregation.py - check_database - 80 : current round: 2, current + 1 : 3. max : 10
2025-02-26 17:24:48,823 - server - /home/marcuswrrn/Projects/Federated-Learning/src/coordination/server/aggregation.py - check_database - 90 : Starting training round 3
2025-02-26 17:25:15,451 - server - /home/marcuswrrn/Projects/Federated-Learning/src/coordination/server/server.py - get_model - 18 : Getting model to /home/marcuswrrn/Projects/Federated-Learning/src/coordination/instance/super_round_12/training_round_3/13882f94c3903598722393df817a67f8.pth
2025-02-26 17:25:18,855 - server - /home/marcuswrrn/Projects/Federated-Learning/src/coordination/server/aggregation.py - check_database - 19 : Training round : 3
2025-02-26 17:25:26,412 - server - /home/marcuswrrn/Projects/Federated-Learning/src/coordination/server/server.py - upload_model - 35 : Received client model from : 3e650d3bda9f3da6546272b60f552360
2025-02-26 17:25:48,860 - server - /home/marcuswrrn/Projects/Federated-Learning/src/coordination/server/aggregation.py - check_database - 19 : Training round : 3
2025-02-26 17:25:48,861 - server - /home/marcuswrrn/Projects/Federated-Learning/src/coordination/server/aggregation.py - check_database - 30 : Aggregating
2025-02-26 17:25:48,906 - server - /home/marcuswrrn/Projects/Federated-Learning/src/coordination/server/aggregation.py - check_database - 44 : Loading Client ID : 3e650d3bda9f3da6546272b60f552360 . Loading file /home/marcuswrrn/Projects/Federated-Learning/src/coordination/instance/super_round_12/training_round_3/client_models/3e650d3bda9f3da6546272b60f552360.pth
2025-02-26 17:25:49,026 - server - /home/marcuswrrn/Projects/Federated-Learning/src/coordination/server/validation.py - validation - 41 : Running validation ...
2025-02-26 17:25:55,708 - server - /home/marcuswrrn/Projects/Federated-Learning/src/coordination/server/validation.py - validation - 97 : Accuracy: 0.3651170682049542,
2025-02-26 17:25:55,708 - server - /home/marcuswrrn/Projects/Federated-Learning/src/coordination/server/validation.py - validation - 108 : Micro Recall 0.3651170682049542, Macro Recall 0.21960925126733435, Weighted Recall 0.4359550781639072

2025-02-26 17:25:55,708 - server - /home/marcuswrrn/Projects/Federated-Learning/src/coordination/server/validation.py - validation - 116 : Micro Precision 0.3651170682049542, Macro Precision 0.3545454934593521, Weighted Precision 0.7803867852344483

2025-02-26 17:25:55,708 - server - /home/marcuswrrn/Projects/Federated-Learning/src/coordination/server/validation.py - validation - 123 : F1 Precision 0.36511706820495426, F1 Precision 0.26502793394569774, F1 Precision 0.7063544747294931

2025-02-26 17:25:55,708 - server - /home/marcuswrrn/Projects/Federated-Learning/src/coordination/server/validation.py - validation - 131 : AUC Precision 0.0, AUC Precision 0.0, AUC Precision 0.0

2025-02-26 17:25:55,730 - server - /home/marcuswrrn/Projects/Federated-Learning/src/coordination/server/aggregation.py - check_database - 79 : Checking if done training (max round hit)
2025-02-26 17:25:55,730 - server - /home/marcuswrrn/Projects/Federated-Learning/src/coordination/server/aggregation.py - check_database - 80 : current round: 3, current + 1 : 4. max : 10
2025-02-26 17:25:55,770 - server - /home/marcuswrrn/Projects/Federated-Learning/src/coordination/server/aggregation.py - check_database - 90 : Starting training round 4
2025-02-26 17:25:56,472 - server - /home/marcuswrrn/Projects/Federated-Learning/src/coordination/server/server.py - get_model - 18 : Getting model to /home/marcuswrrn/Projects/Federated-Learning/src/coordination/instance/super_round_12/training_round_4/de78144f23527c6d17dcf3682bffef02.pth
2025-02-26 17:26:08,211 - server - /home/marcuswrrn/Projects/Federated-Learning/src/coordination/server/server.py - upload_model - 35 : Received client model from : 3e650d3bda9f3da6546272b60f552360
2025-02-26 17:26:25,777 - server - /home/marcuswrrn/Projects/Federated-Learning/src/coordination/server/aggregation.py - check_database - 19 : Training round : 4
2025-02-26 17:26:25,777 - server - /home/marcuswrrn/Projects/Federated-Learning/src/coordination/server/aggregation.py - check_database - 30 : Aggregating
2025-02-26 17:26:25,823 - server - /home/marcuswrrn/Projects/Federated-Learning/src/coordination/server/aggregation.py - check_database - 44 : Loading Client ID : 3e650d3bda9f3da6546272b60f552360 . Loading file /home/marcuswrrn/Projects/Federated-Learning/src/coordination/instance/super_round_12/training_round_4/client_models/3e650d3bda9f3da6546272b60f552360.pth
2025-02-26 17:26:25,946 - server - /home/marcuswrrn/Projects/Federated-Learning/src/coordination/server/validation.py - validation - 41 : Running validation ...
2025-02-26 17:26:32,387 - server - /home/marcuswrrn/Projects/Federated-Learning/src/coordination/server/validation.py - validation - 97 : Accuracy: 0.40719375636240246,
2025-02-26 17:26:32,387 - server - /home/marcuswrrn/Projects/Federated-Learning/src/coordination/server/validation.py - validation - 108 : Micro Recall 0.40719375636240246, Macro Recall 0.5055012030437142, Weighted Recall 0.6943316975210646

2025-02-26 17:26:32,387 - server - /home/marcuswrrn/Projects/Federated-Learning/src/coordination/server/validation.py - validation - 116 : Micro Precision 0.40719375636240246, Macro Precision 0.4007528507220132, Weighted Precision 0.8294041180378197

2025-02-26 17:26:32,387 - server - /home/marcuswrrn/Projects/Federated-Learning/src/coordination/server/validation.py - validation - 123 : F1 Precision 0.40719375636240246, F1 Precision 0.36382178666568477, F1 Precision 0.5489994103223579

2025-02-26 17:26:32,387 - server - /home/marcuswrrn/Projects/Federated-Learning/src/coordination/server/validation.py - validation - 131 : AUC Precision 0.0, AUC Precision 0.0, AUC Precision 0.0

2025-02-26 17:26:32,410 - server - /home/marcuswrrn/Projects/Federated-Learning/src/coordination/server/aggregation.py - check_database - 79 : Checking if done training (max round hit)
2025-02-26 17:26:32,410 - server - /home/marcuswrrn/Projects/Federated-Learning/src/coordination/server/aggregation.py - check_database - 80 : current round: 4, current + 1 : 5. max : 10
2025-02-26 17:26:32,450 - server - /home/marcuswrrn/Projects/Federated-Learning/src/coordination/server/aggregation.py - check_database - 90 : Starting training round 5
2025-02-26 17:26:38,283 - server - /home/marcuswrrn/Projects/Federated-Learning/src/coordination/server/server.py - get_model - 18 : Getting model to /home/marcuswrrn/Projects/Federated-Learning/src/coordination/instance/super_round_12/training_round_5/4fc486e80c64ca39b42a04b8a9a4e870.pth
2025-02-26 17:26:48,580 - server - /home/marcuswrrn/Projects/Federated-Learning/src/coordination/server/server.py - upload_model - 35 : Received client model from : 3e650d3bda9f3da6546272b60f552360
2025-02-26 17:27:02,464 - server - /home/marcuswrrn/Projects/Federated-Learning/src/coordination/server/aggregation.py - check_database - 19 : Training round : 5
2025-02-26 17:27:02,464 - server - /home/marcuswrrn/Projects/Federated-Learning/src/coordination/server/aggregation.py - check_database - 30 : Aggregating
2025-02-26 17:27:02,508 - server - /home/marcuswrrn/Projects/Federated-Learning/src/coordination/server/aggregation.py - check_database - 44 : Loading Client ID : 3e650d3bda9f3da6546272b60f552360 . Loading file /home/marcuswrrn/Projects/Federated-Learning/src/coordination/instance/super_round_12/training_round_5/client_models/3e650d3bda9f3da6546272b60f552360.pth
2025-02-26 17:27:02,625 - server - /home/marcuswrrn/Projects/Federated-Learning/src/coordination/server/validation.py - validation - 41 : Running validation ...
2025-02-26 17:27:08,887 - server - /home/marcuswrrn/Projects/Federated-Learning/src/coordination/server/validation.py - validation - 97 : Accuracy: 0.5042416016287751,
2025-02-26 17:27:08,887 - server - /home/marcuswrrn/Projects/Federated-Learning/src/coordination/server/validation.py - validation - 108 : Micro Recall 0.5042416016287751, Macro Recall 0.42547241778840417, Weighted Recall 0.6013882081790667

2025-02-26 17:27:08,887 - server - /home/marcuswrrn/Projects/Federated-Learning/src/coordination/server/validation.py - validation - 116 : Micro Precision 0.5042416016287751, Macro Precision 0.47398885832825727, Weighted Precision 0.8614620610569311

2025-02-26 17:27:08,887 - server - /home/marcuswrrn/Projects/Federated-Learning/src/coordination/server/validation.py - validation - 123 : F1 Precision 0.5042416016287751, F1 Precision 0.38494919870978683, F1 Precision 0.6661492916836925

2025-02-26 17:27:08,887 - server - /home/marcuswrrn/Projects/Federated-Learning/src/coordination/server/validation.py - validation - 131 : AUC Precision 0.0, AUC Precision 0.0, AUC Precision 0.0

2025-02-26 17:27:08,911 - server - /home/marcuswrrn/Projects/Federated-Learning/src/coordination/server/aggregation.py - check_database - 79 : Checking if done training (max round hit)
2025-02-26 17:27:08,911 - server - /home/marcuswrrn/Projects/Federated-Learning/src/coordination/server/aggregation.py - check_database - 80 : current round: 5, current + 1 : 6. max : 10
2025-02-26 17:27:08,953 - server - /home/marcuswrrn/Projects/Federated-Learning/src/coordination/server/aggregation.py - check_database - 90 : Starting training round 6
2025-02-26 17:27:18,649 - server - /home/marcuswrrn/Projects/Federated-Learning/src/coordination/server/server.py - get_model - 18 : Getting model to /home/marcuswrrn/Projects/Federated-Learning/src/coordination/instance/super_round_12/training_round_6/75037dd9f43a3a326f6de1817cab7c20.pth
2025-02-26 17:27:30,041 - server - /home/marcuswrrn/Projects/Federated-Learning/src/coordination/server/server.py - upload_model - 35 : Received client model from : 3e650d3bda9f3da6546272b60f552360
2025-02-26 17:27:38,983 - server - /home/marcuswrrn/Projects/Federated-Learning/src/coordination/server/aggregation.py - check_database - 19 : Training round : 6
2025-02-26 17:27:38,983 - server - /home/marcuswrrn/Projects/Federated-Learning/src/coordination/server/aggregation.py - check_database - 30 : Aggregating
2025-02-26 17:27:39,041 - server - /home/marcuswrrn/Projects/Federated-Learning/src/coordination/server/aggregation.py - check_database - 44 : Loading Client ID : 3e650d3bda9f3da6546272b60f552360 . Loading file /home/marcuswrrn/Projects/Federated-Learning/src/coordination/instance/super_round_12/training_round_6/client_models/3e650d3bda9f3da6546272b60f552360.pth
2025-02-26 17:27:39,163 - server - /home/marcuswrrn/Projects/Federated-Learning/src/coordination/server/validation.py - validation - 41 : Running validation ...
2025-02-26 17:27:46,143 - server - /home/marcuswrrn/Projects/Federated-Learning/src/coordination/server/validation.py - validation - 97 : Accuracy: 0.4428232100441127,
2025-02-26 17:27:46,143 - server - /home/marcuswrrn/Projects/Federated-Learning/src/coordination/server/validation.py - validation - 108 : Micro Recall 0.4428232100441127, Macro Recall 0.34712199450678405, Weighted Recall 0.47302426394065317

2025-02-26 17:27:46,143 - server - /home/marcuswrrn/Projects/Federated-Learning/src/coordination/server/validation.py - validation - 116 : Micro Precision 0.4428232100441127, Macro Precision 0.4531646356577012, Weighted Precision 0.8205912834208783

2025-02-26 17:27:46,143 - server - /home/marcuswrrn/Projects/Federated-Learning/src/coordination/server/validation.py - validation - 123 : F1 Precision 0.4428232100441127, F1 Precision 0.34987581433774934, F1 Precision 0.626855262881804

2025-02-26 17:27:46,144 - server - /home/marcuswrrn/Projects/Federated-Learning/src/coordination/server/validation.py - validation - 131 : AUC Precision 0.0, AUC Precision 0.0, AUC Precision 0.0

2025-02-26 17:27:46,166 - server - /home/marcuswrrn/Projects/Federated-Learning/src/coordination/server/aggregation.py - check_database - 79 : Checking if done training (max round hit)
2025-02-26 17:27:46,166 - server - /home/marcuswrrn/Projects/Federated-Learning/src/coordination/server/aggregation.py - check_database - 80 : current round: 6, current + 1 : 7. max : 10
2025-02-26 17:27:46,204 - server - /home/marcuswrrn/Projects/Federated-Learning/src/coordination/server/aggregation.py - check_database - 90 : Starting training round 7
2025-02-26 17:28:00,116 - server - /home/marcuswrrn/Projects/Federated-Learning/src/coordination/server/server.py - get_model - 18 : Getting model to /home/marcuswrrn/Projects/Federated-Learning/src/coordination/instance/super_round_12/training_round_7/dfe20141c4c70cb637b966b4c6b4f582.pth
2025-02-26 17:28:11,566 - server - /home/marcuswrrn/Projects/Federated-Learning/src/coordination/server/server.py - upload_model - 35 : Received client model from : 3e650d3bda9f3da6546272b60f552360
2025-02-26 17:28:16,234 - server - /home/marcuswrrn/Projects/Federated-Learning/src/coordination/server/aggregation.py - check_database - 19 : Training round : 7
2025-02-26 17:28:16,234 - server - /home/marcuswrrn/Projects/Federated-Learning/src/coordination/server/aggregation.py - check_database - 30 : Aggregating
2025-02-26 17:28:16,282 - server - /home/marcuswrrn/Projects/Federated-Learning/src/coordination/server/aggregation.py - check_database - 44 : Loading Client ID : 3e650d3bda9f3da6546272b60f552360 . Loading file /home/marcuswrrn/Projects/Federated-Learning/src/coordination/instance/super_round_12/training_round_7/client_models/3e650d3bda9f3da6546272b60f552360.pth
2025-02-26 17:28:16,400 - server - /home/marcuswrrn/Projects/Federated-Learning/src/coordination/server/validation.py - validation - 41 : Running validation ...
2025-02-26 17:28:22,726 - server - /home/marcuswrrn/Projects/Federated-Learning/src/coordination/server/validation.py - validation - 97 : Accuracy: 0.47879199185612487,
2025-02-26 17:28:22,726 - server - /home/marcuswrrn/Projects/Federated-Learning/src/coordination/server/validation.py - validation - 108 : Micro Recall 0.47879199185612487, Macro Recall 0.5973721828022213, Weighted Recall 0.5562864850289259

2025-02-26 17:28:22,726 - server - /home/marcuswrrn/Projects/Federated-Learning/src/coordination/server/validation.py - validation - 116 : Micro Precision 0.47879199185612487, Macro Precision 0.481530190107829, Weighted Precision 0.8549112225270782

2025-02-26 17:28:22,726 - server - /home/marcuswrrn/Projects/Federated-Learning/src/coordination/server/validation.py - validation - 123 : F1 Precision 0.47879199185612487, F1 Precision 0.38957004177240656, F1 Precision 0.46547919086853173

2025-02-26 17:28:22,726 - server - /home/marcuswrrn/Projects/Federated-Learning/src/coordination/server/validation.py - validation - 131 : AUC Precision 0.0, AUC Precision 0.0, AUC Precision 0.0

2025-02-26 17:28:22,749 - server - /home/marcuswrrn/Projects/Federated-Learning/src/coordination/server/aggregation.py - check_database - 79 : Checking if done training (max round hit)
2025-02-26 17:28:22,749 - server - /home/marcuswrrn/Projects/Federated-Learning/src/coordination/server/aggregation.py - check_database - 80 : current round: 7, current + 1 : 8. max : 10
2025-02-26 17:28:22,785 - server - /home/marcuswrrn/Projects/Federated-Learning/src/coordination/server/aggregation.py - check_database - 90 : Starting training round 8
2025-02-26 17:28:41,629 - server - /home/marcuswrrn/Projects/Federated-Learning/src/coordination/server/server.py - get_model - 18 : Getting model to /home/marcuswrrn/Projects/Federated-Learning/src/coordination/instance/super_round_12/training_round_8/a33ab98c6a7c32b977aa3a5cd98ef609.pth
2025-02-26 17:28:52,816 - server - /home/marcuswrrn/Projects/Federated-Learning/src/coordination/server/aggregation.py - check_database - 19 : Training round : 8
2025-02-26 17:28:53,060 - server - /home/marcuswrrn/Projects/Federated-Learning/src/coordination/server/server.py - upload_model - 35 : Received client model from : 3e650d3bda9f3da6546272b60f552360
2025-02-26 17:29:22,847 - server - /home/marcuswrrn/Projects/Federated-Learning/src/coordination/server/aggregation.py - check_database - 19 : Training round : 8
2025-02-26 17:29:22,847 - server - /home/marcuswrrn/Projects/Federated-Learning/src/coordination/server/aggregation.py - check_database - 30 : Aggregating
2025-02-26 17:29:22,892 - server - /home/marcuswrrn/Projects/Federated-Learning/src/coordination/server/aggregation.py - check_database - 44 : Loading Client ID : 3e650d3bda9f3da6546272b60f552360 . Loading file /home/marcuswrrn/Projects/Federated-Learning/src/coordination/instance/super_round_12/training_round_8/client_models/3e650d3bda9f3da6546272b60f552360.pth
2025-02-26 17:29:23,016 - server - /home/marcuswrrn/Projects/Federated-Learning/src/coordination/server/validation.py - validation - 41 : Running validation ...
2025-02-26 17:29:29,787 - server - /home/marcuswrrn/Projects/Federated-Learning/src/coordination/server/validation.py - validation - 97 : Accuracy: 0.500508992195453,
2025-02-26 17:29:29,787 - server - /home/marcuswrrn/Projects/Federated-Learning/src/coordination/server/validation.py - validation - 108 : Micro Recall 0.500508992195453, Macro Recall 0.5973606898340819, Weighted Recall 0.6783049185259605

2025-02-26 17:29:29,787 - server - /home/marcuswrrn/Projects/Federated-Learning/src/coordination/server/validation.py - validation - 116 : Micro Precision 0.500508992195453, Macro Precision 0.49193031406432897, Weighted Precision 0.8838298485347214

2025-02-26 17:29:29,787 - server - /home/marcuswrrn/Projects/Federated-Learning/src/coordination/server/validation.py - validation - 123 : F1 Precision 0.500508992195453, F1 Precision 0.4290892262974197, F1 Precision 0.565058362258724

2025-02-26 17:29:29,787 - server - /home/marcuswrrn/Projects/Federated-Learning/src/coordination/server/validation.py - validation - 131 : AUC Precision 0.0, AUC Precision 0.0, AUC Precision 0.0

2025-02-26 17:29:29,809 - server - /home/marcuswrrn/Projects/Federated-Learning/src/coordination/server/aggregation.py - check_database - 79 : Checking if done training (max round hit)
2025-02-26 17:29:29,809 - server - /home/marcuswrrn/Projects/Federated-Learning/src/coordination/server/aggregation.py - check_database - 80 : current round: 8, current + 1 : 9. max : 10
2025-02-26 17:29:29,847 - server - /home/marcuswrrn/Projects/Federated-Learning/src/coordination/server/aggregation.py - check_database - 90 : Starting training round 9
2025-02-26 17:29:53,142 - server - /home/marcuswrrn/Projects/Federated-Learning/src/coordination/server/server.py - get_model - 18 : Getting model to /home/marcuswrrn/Projects/Federated-Learning/src/coordination/instance/super_round_12/training_round_9/9502a4065b8389aeada814c76aaa2811.pth
2025-02-26 17:29:59,880 - server - /home/marcuswrrn/Projects/Federated-Learning/src/coordination/server/aggregation.py - check_database - 19 : Training round : 9
2025-02-26 17:30:02,957 - server - /home/marcuswrrn/Projects/Federated-Learning/src/coordination/server/server.py - upload_model - 35 : Received client model from : 3e650d3bda9f3da6546272b60f552360
2025-02-26 17:30:29,907 - server - /home/marcuswrrn/Projects/Federated-Learning/src/coordination/server/aggregation.py - check_database - 19 : Training round : 9
2025-02-26 17:30:29,907 - server - /home/marcuswrrn/Projects/Federated-Learning/src/coordination/server/aggregation.py - check_database - 30 : Aggregating
2025-02-26 17:30:29,952 - server - /home/marcuswrrn/Projects/Federated-Learning/src/coordination/server/aggregation.py - check_database - 44 : Loading Client ID : 3e650d3bda9f3da6546272b60f552360 . Loading file /home/marcuswrrn/Projects/Federated-Learning/src/coordination/instance/super_round_12/training_round_9/client_models/3e650d3bda9f3da6546272b60f552360.pth
2025-02-26 17:30:30,066 - server - /home/marcuswrrn/Projects/Federated-Learning/src/coordination/server/validation.py - validation - 41 : Running validation ...
2025-02-26 17:30:37,224 - server - /home/marcuswrrn/Projects/Federated-Learning/src/coordination/server/validation.py - validation - 97 : Accuracy: 0.7074991516796743,
2025-02-26 17:30:37,224 - server - /home/marcuswrrn/Projects/Federated-Learning/src/coordination/server/validation.py - validation - 108 : Micro Recall 0.7074991516796743, Macro Recall 0.7271512779636393, Weighted Recall 0.7573656260208304

2025-02-26 17:30:37,224 - server - /home/marcuswrrn/Projects/Federated-Learning/src/coordination/server/validation.py - validation - 116 : Micro Precision 0.7074991516796743, Macro Precision 0.7053760455933875, Weighted Precision 0.8851550675402983

2025-02-26 17:30:37,225 - server - /home/marcuswrrn/Projects/Federated-Learning/src/coordination/server/validation.py - validation - 123 : F1 Precision 0.7074991516796741, F1 Precision 0.6560380288724014, F1 Precision 0.7357982455976172

2025-02-26 17:30:37,225 - server - /home/marcuswrrn/Projects/Federated-Learning/src/coordination/server/validation.py - validation - 131 : AUC Precision 0.0, AUC Precision 0.0, AUC Precision 0.0

2025-02-26 17:30:37,248 - server - /home/marcuswrrn/Projects/Federated-Learning/src/coordination/server/aggregation.py - check_database - 79 : Checking if done training (max round hit)
2025-02-26 17:30:37,249 - server - /home/marcuswrrn/Projects/Federated-Learning/src/coordination/server/aggregation.py - check_database - 80 : current round: 9, current + 1 : 10. max : 10
2025-02-26 17:30:37,287 - server - /home/marcuswrrn/Projects/Federated-Learning/src/coordination/server/aggregation.py - check_database - 90 : Starting training round 10
2025-02-26 17:31:03,038 - server - /home/marcuswrrn/Projects/Federated-Learning/src/coordination/server/server.py - get_model - 18 : Getting model to /home/marcuswrrn/Projects/Federated-Learning/src/coordination/instance/super_round_12/training_round_10/f7d6326c9ee832915f7aabfd83c84c07.pth
2025-02-26 17:31:07,319 - server - /home/marcuswrrn/Projects/Federated-Learning/src/coordination/server/aggregation.py - check_database - 19 : Training round : 10
2025-02-26 17:31:14,338 - server - /home/marcuswrrn/Projects/Federated-Learning/src/coordination/server/server.py - upload_model - 35 : Received client model from : 3e650d3bda9f3da6546272b60f552360
2025-02-26 17:31:37,350 - server - /home/marcuswrrn/Projects/Federated-Learning/src/coordination/server/aggregation.py - check_database - 19 : Training round : 10
2025-02-26 17:31:37,350 - server - /home/marcuswrrn/Projects/Federated-Learning/src/coordination/server/aggregation.py - check_database - 30 : Aggregating
2025-02-26 17:31:37,399 - server - /home/marcuswrrn/Projects/Federated-Learning/src/coordination/server/aggregation.py - check_database - 44 : Loading Client ID : 3e650d3bda9f3da6546272b60f552360 . Loading file /home/marcuswrrn/Projects/Federated-Learning/src/coordination/instance/super_round_12/training_round_10/client_models/3e650d3bda9f3da6546272b60f552360.pth
2025-02-26 17:31:37,522 - server - /home/marcuswrrn/Projects/Federated-Learning/src/coordination/server/validation.py - validation - 41 : Running validation ...
2025-02-26 17:31:45,268 - server - /home/marcuswrrn/Projects/Federated-Learning/src/coordination/server/validation.py - validation - 97 : Accuracy: 0.6501526976586359,
2025-02-26 17:31:45,268 - server - /home/marcuswrrn/Projects/Federated-Learning/src/coordination/server/validation.py - validation - 108 : Micro Recall 0.6501526976586359, Macro Recall 0.7141238015549477, Weighted Recall 0.7360360044701055

2025-02-26 17:31:45,268 - server - /home/marcuswrrn/Projects/Federated-Learning/src/coordination/server/validation.py - validation - 116 : Micro Precision 0.6501526976586359, Macro Precision 0.6440977968006946, Weighted Precision 0.7335643524263564

2025-02-26 17:31:45,268 - server - /home/marcuswrrn/Projects/Federated-Learning/src/coordination/server/validation.py - validation - 123 : F1 Precision 0.6501526976586359, F1 Precision 0.6502097910448573, F1 Precision 0.6659502864618504

2025-02-26 17:31:45,268 - server - /home/marcuswrrn/Projects/Federated-Learning/src/coordination/server/validation.py - validation - 131 : AUC Precision 0.0, AUC Precision 0.0, AUC Precision 0.0

2025-02-26 17:31:45,291 - server - /home/marcuswrrn/Projects/Federated-Learning/src/coordination/server/aggregation.py - check_database - 79 : Checking if done training (max round hit)
2025-02-26 17:31:45,291 - server - /home/marcuswrrn/Projects/Federated-Learning/src/coordination/server/aggregation.py - check_database - 80 : current round: 10, current + 1 : 11. max : 10
2025-02-26 17:31:45,291 - server - /home/marcuswrrn/Projects/Federated-Learning/src/coordination/server/aggregation.py - check_database - 92 : Max rounds has been hit. Training done
2025-02-26 17:50:19,474 - server - /home/marcuswrrn/Projects/Federated-Learning/src/coordination/server/server.py - init_training - 106 : New Super round
2025-02-26 17:50:19,474 - server - /home/marcuswrrn/Projects/Federated-Learning/src/coordination/server/server.py - init_training - 107 : Start training
2025-02-26 17:50:19,485 - server - /home/marcuswrrn/Projects/Federated-Learning/src/coordination/server/server.py - init_training - 126 : Round initializer
2025-02-26 17:50:19,493 - server - /home/marcuswrrn/Projects/Federated-Learning/src/coordination/server/aggregation.py - check_database - 19 : Training round : 1
2025-02-26 17:50:44,617 - server - /home/marcuswrrn/Projects/Federated-Learning/src/coordination/server/server.py - get_model - 18 : Getting model to /home/marcuswrrn/Projects/Federated-Learning/src/coordination/instance/super_round_13/training_round_1/b17f19ae6e57c882a4d255c3bffacc2b.pth
2025-02-26 17:50:49,524 - server - /home/marcuswrrn/Projects/Federated-Learning/src/coordination/server/aggregation.py - check_database - 19 : Training round : 1
2025-02-26 17:50:56,880 - server - /home/marcuswrrn/Projects/Federated-Learning/src/coordination/server/server.py - upload_model - 35 : Received client model from : 3e650d3bda9f3da6546272b60f552360
2025-02-26 17:51:19,554 - server - /home/marcuswrrn/Projects/Federated-Learning/src/coordination/server/aggregation.py - check_database - 19 : Training round : 1
2025-02-26 17:51:19,555 - server - /home/marcuswrrn/Projects/Federated-Learning/src/coordination/server/aggregation.py - check_database - 30 : Aggregating
2025-02-26 17:51:19,598 - server - /home/marcuswrrn/Projects/Federated-Learning/src/coordination/server/aggregation.py - check_database - 44 : Loading Client ID : 3e650d3bda9f3da6546272b60f552360 . Loading file /home/marcuswrrn/Projects/Federated-Learning/src/coordination/instance/super_round_13/training_round_1/client_models/3e650d3bda9f3da6546272b60f552360.pth
2025-02-26 17:51:19,731 - server - /home/marcuswrrn/Projects/Federated-Learning/src/coordination/server/validation.py - validation - 41 : Running validation ...
2025-02-26 17:51:26,877 - server - /home/marcuswrrn/Projects/Federated-Learning/src/coordination/server/validation.py - validation - 97 : Accuracy: 0.32304038004750596,
2025-02-26 17:51:26,877 - server - /home/marcuswrrn/Projects/Federated-Learning/src/coordination/server/validation.py - validation - 108 : Micro Recall 0.32304038004750596, Macro Recall 0.10734284576275159, Weighted Recall 0.3243149934465949

2025-02-26 17:51:26,877 - server - /home/marcuswrrn/Projects/Federated-Learning/src/coordination/server/validation.py - validation - 116 : Micro Precision 0.32304038004750596, Macro Precision 0.3333333333333333, Weighted Precision 1.0

2025-02-26 17:51:26,877 - server - /home/marcuswrrn/Projects/Federated-Learning/src/coordination/server/validation.py - validation - 123 : F1 Precision 0.32304038004750596, F1 Precision 0.16228211316706895, F1 Precision 1.0

2025-02-26 17:51:26,877 - server - /home/marcuswrrn/Projects/Federated-Learning/src/coordination/server/validation.py - validation - 131 : AUC Precision 0.0, AUC Precision 0.0, AUC Precision 0.0

2025-02-26 17:51:26,903 - server - /home/marcuswrrn/Projects/Federated-Learning/src/coordination/server/aggregation.py - check_database - 79 : Checking if done training (max round hit)
2025-02-26 17:51:26,903 - server - /home/marcuswrrn/Projects/Federated-Learning/src/coordination/server/aggregation.py - check_database - 80 : current round: 1, current + 1 : 2. max : 10
2025-02-26 17:51:26,943 - server - /home/marcuswrrn/Projects/Federated-Learning/src/coordination/server/aggregation.py - check_database - 90 : Starting training round 2
2025-02-26 17:51:26,949 - server - /home/marcuswrrn/Projects/Federated-Learning/src/coordination/server/server.py - get_model - 18 : Getting model to /home/marcuswrrn/Projects/Federated-Learning/src/coordination/instance/super_round_13/training_round_2/53147dd78e52a45c8376d4022496fcbd.pth
2025-02-26 17:51:37,602 - server - /home/marcuswrrn/Projects/Federated-Learning/src/coordination/server/server.py - upload_model - 35 : Received client model from : 3e650d3bda9f3da6546272b60f552360
2025-02-26 17:51:56,973 - server - /home/marcuswrrn/Projects/Federated-Learning/src/coordination/server/aggregation.py - check_database - 19 : Training round : 2
2025-02-26 17:51:56,973 - server - /home/marcuswrrn/Projects/Federated-Learning/src/coordination/server/aggregation.py - check_database - 30 : Aggregating
2025-02-26 17:51:57,023 - server - /home/marcuswrrn/Projects/Federated-Learning/src/coordination/server/aggregation.py - check_database - 44 : Loading Client ID : 3e650d3bda9f3da6546272b60f552360 . Loading file /home/marcuswrrn/Projects/Federated-Learning/src/coordination/instance/super_round_13/training_round_2/client_models/3e650d3bda9f3da6546272b60f552360.pth
2025-02-26 17:51:57,138 - server - /home/marcuswrrn/Projects/Federated-Learning/src/coordination/server/validation.py - validation - 41 : Running validation ...
2025-02-26 17:52:04,936 - server - /home/marcuswrrn/Projects/Federated-Learning/src/coordination/server/validation.py - validation - 97 : Accuracy: 0.42585680352901256,
2025-02-26 17:52:04,936 - server - /home/marcuswrrn/Projects/Federated-Learning/src/coordination/server/validation.py - validation - 108 : Micro Recall 0.42585680352901256, Macro Recall 0.5088078277280007, Weighted Recall 0.5198148037742369

2025-02-26 17:52:04,936 - server - /home/marcuswrrn/Projects/Federated-Learning/src/coordination/server/validation.py - validation - 116 : Micro Precision 0.42585680352901256, Macro Precision 0.4408315861860986, Weighted Precision 0.834262941176315

2025-02-26 17:52:04,936 - server - /home/marcuswrrn/Projects/Federated-Learning/src/coordination/server/validation.py - validation - 123 : F1 Precision 0.42585680352901256, F1 Precision 0.3270410595149739, F1 Precision 0.43271338382661284

2025-02-26 17:52:04,936 - server - /home/marcuswrrn/Projects/Federated-Learning/src/coordination/server/validation.py - validation - 131 : AUC Precision 0.0, AUC Precision 0.0, AUC Precision 0.0

2025-02-26 17:52:04,961 - server - /home/marcuswrrn/Projects/Federated-Learning/src/coordination/server/aggregation.py - check_database - 79 : Checking if done training (max round hit)
2025-02-26 17:52:04,961 - server - /home/marcuswrrn/Projects/Federated-Learning/src/coordination/server/aggregation.py - check_database - 80 : current round: 2, current + 1 : 3. max : 10
2025-02-26 17:52:05,000 - server - /home/marcuswrrn/Projects/Federated-Learning/src/coordination/server/aggregation.py - check_database - 90 : Starting training round 3
2025-02-26 17:52:07,680 - server - /home/marcuswrrn/Projects/Federated-Learning/src/coordination/server/server.py - get_model - 18 : Getting model to /home/marcuswrrn/Projects/Federated-Learning/src/coordination/instance/super_round_13/training_round_3/05275d06ff23f50fe6e3946f870dab41.pth
2025-02-26 17:52:20,055 - server - /home/marcuswrrn/Projects/Federated-Learning/src/coordination/server/server.py - upload_model - 35 : Received client model from : 3e650d3bda9f3da6546272b60f552360
2025-02-26 17:52:35,023 - server - /home/marcuswrrn/Projects/Federated-Learning/src/coordination/server/aggregation.py - check_database - 19 : Training round : 3
2025-02-26 17:52:35,024 - server - /home/marcuswrrn/Projects/Federated-Learning/src/coordination/server/aggregation.py - check_database - 30 : Aggregating
2025-02-26 17:52:35,070 - server - /home/marcuswrrn/Projects/Federated-Learning/src/coordination/server/aggregation.py - check_database - 44 : Loading Client ID : 3e650d3bda9f3da6546272b60f552360 . Loading file /home/marcuswrrn/Projects/Federated-Learning/src/coordination/instance/super_round_13/training_round_3/client_models/3e650d3bda9f3da6546272b60f552360.pth
2025-02-26 17:52:35,197 - server - /home/marcuswrrn/Projects/Federated-Learning/src/coordination/server/validation.py - validation - 41 : Running validation ...
2025-02-26 17:52:43,869 - server - /home/marcuswrrn/Projects/Federated-Learning/src/coordination/server/validation.py - validation - 97 : Accuracy: 0.4336613505259586,
2025-02-26 17:52:43,869 - server - /home/marcuswrrn/Projects/Federated-Learning/src/coordination/server/validation.py - validation - 108 : Micro Recall 0.4336613505259586, Macro Recall 0.4928052341973374, Weighted Recall 0.5017721589091912

2025-02-26 17:52:43,869 - server - /home/marcuswrrn/Projects/Federated-Learning/src/coordination/server/validation.py - validation - 116 : Micro Precision 0.4336613505259586, Macro Precision 0.43967411225708924, Weighted Precision 0.90847984484407

2025-02-26 17:52:43,869 - server - /home/marcuswrrn/Projects/Federated-Learning/src/coordination/server/validation.py - validation - 123 : F1 Precision 0.4336613505259586, F1 Precision 0.3174647890098374, F1 Precision 0.4644977912409776

2025-02-26 17:52:43,869 - server - /home/marcuswrrn/Projects/Federated-Learning/src/coordination/server/validation.py - validation - 131 : AUC Precision 0.0, AUC Precision 0.0, AUC Precision 0.0

2025-02-26 17:52:43,891 - server - /home/marcuswrrn/Projects/Federated-Learning/src/coordination/server/aggregation.py - check_database - 79 : Checking if done training (max round hit)
2025-02-26 17:52:43,891 - server - /home/marcuswrrn/Projects/Federated-Learning/src/coordination/server/aggregation.py - check_database - 80 : current round: 3, current + 1 : 4. max : 10
2025-02-26 17:52:43,932 - server - /home/marcuswrrn/Projects/Federated-Learning/src/coordination/server/aggregation.py - check_database - 90 : Starting training round 4
2025-02-26 17:52:50,129 - server - /home/marcuswrrn/Projects/Federated-Learning/src/coordination/server/server.py - get_model - 18 : Getting model to /home/marcuswrrn/Projects/Federated-Learning/src/coordination/instance/super_round_13/training_round_4/118b92fabdf2e1328d18fd82561e0c7a.pth
2025-02-26 17:53:03,087 - server - /home/marcuswrrn/Projects/Federated-Learning/src/coordination/server/server.py - upload_model - 35 : Received client model from : 3e650d3bda9f3da6546272b60f552360
2025-02-26 17:53:13,950 - server - /home/marcuswrrn/Projects/Federated-Learning/src/coordination/server/aggregation.py - check_database - 19 : Training round : 4
2025-02-26 17:53:13,950 - server - /home/marcuswrrn/Projects/Federated-Learning/src/coordination/server/aggregation.py - check_database - 30 : Aggregating
2025-02-26 17:53:14,006 - server - /home/marcuswrrn/Projects/Federated-Learning/src/coordination/server/aggregation.py - check_database - 44 : Loading Client ID : 3e650d3bda9f3da6546272b60f552360 . Loading file /home/marcuswrrn/Projects/Federated-Learning/src/coordination/instance/super_round_13/training_round_4/client_models/3e650d3bda9f3da6546272b60f552360.pth
2025-02-26 17:53:14,131 - server - /home/marcuswrrn/Projects/Federated-Learning/src/coordination/server/validation.py - validation - 41 : Running validation ...
2025-02-26 17:53:23,352 - server - /home/marcuswrrn/Projects/Federated-Learning/src/coordination/server/validation.py - validation - 97 : Accuracy: 0.44418052256532065,
2025-02-26 17:53:23,352 - server - /home/marcuswrrn/Projects/Federated-Learning/src/coordination/server/validation.py - validation - 108 : Micro Recall 0.44418052256532065, Macro Recall 0.39968113436251745, Weighted Recall 0.5197642146935343

2025-02-26 17:53:23,352 - server - /home/marcuswrrn/Projects/Federated-Learning/src/coordination/server/validation.py - validation - 116 : Micro Precision 0.44418052256532065, Macro Precision 0.4632893321133739, Weighted Precision 0.9298939844043499

2025-02-26 17:53:23,352 - server - /home/marcuswrrn/Projects/Federated-Learning/src/coordination/server/validation.py - validation - 123 : F1 Precision 0.4441805225653207, F1 Precision 0.32855461383654394, F1 Precision 0.620380252757882

2025-02-26 17:53:23,352 - server - /home/marcuswrrn/Projects/Federated-Learning/src/coordination/server/validation.py - validation - 131 : AUC Precision 0.0, AUC Precision 0.0, AUC Precision 0.0

2025-02-26 17:53:23,374 - server - /home/marcuswrrn/Projects/Federated-Learning/src/coordination/server/aggregation.py - check_database - 79 : Checking if done training (max round hit)
2025-02-26 17:53:23,375 - server - /home/marcuswrrn/Projects/Federated-Learning/src/coordination/server/aggregation.py - check_database - 80 : current round: 4, current + 1 : 5. max : 10
2025-02-26 17:53:23,415 - server - /home/marcuswrrn/Projects/Federated-Learning/src/coordination/server/aggregation.py - check_database - 90 : Starting training round 5
2025-02-26 17:53:33,179 - server - /home/marcuswrrn/Projects/Federated-Learning/src/coordination/server/server.py - get_model - 18 : Getting model to /home/marcuswrrn/Projects/Federated-Learning/src/coordination/instance/super_round_13/training_round_5/cae94e45d05b88b565f9dc497bbd7d71.pth
2025-02-26 17:53:45,529 - server - /home/marcuswrrn/Projects/Federated-Learning/src/coordination/server/server.py - upload_model - 35 : Received client model from : 3e650d3bda9f3da6546272b60f552360
2025-02-26 17:53:53,446 - server - /home/marcuswrrn/Projects/Federated-Learning/src/coordination/server/aggregation.py - check_database - 19 : Training round : 5
2025-02-26 17:53:53,446 - server - /home/marcuswrrn/Projects/Federated-Learning/src/coordination/server/aggregation.py - check_database - 30 : Aggregating
2025-02-26 17:53:53,494 - server - /home/marcuswrrn/Projects/Federated-Learning/src/coordination/server/aggregation.py - check_database - 44 : Loading Client ID : 3e650d3bda9f3da6546272b60f552360 . Loading file /home/marcuswrrn/Projects/Federated-Learning/src/coordination/instance/super_round_13/training_round_5/client_models/3e650d3bda9f3da6546272b60f552360.pth
2025-02-26 17:53:53,624 - server - /home/marcuswrrn/Projects/Federated-Learning/src/coordination/server/validation.py - validation - 41 : Running validation ...
2025-02-26 17:54:01,829 - server - /home/marcuswrrn/Projects/Federated-Learning/src/coordination/server/validation.py - validation - 97 : Accuracy: 0.6582965727858839,
2025-02-26 17:54:01,829 - server - /home/marcuswrrn/Projects/Federated-Learning/src/coordination/server/validation.py - validation - 108 : Micro Recall 0.6582965727858839, Macro Recall 0.6339163721531542, Weighted Recall 0.7252225303830618

2025-02-26 17:54:01,829 - server - /home/marcuswrrn/Projects/Federated-Learning/src/coordination/server/validation.py - validation - 116 : Micro Precision 0.6582965727858839, Macro Precision 0.6550589734575144, Weighted Precision 0.8663972555839478

2025-02-26 17:54:01,829 - server - /home/marcuswrrn/Projects/Federated-Learning/src/coordination/server/validation.py - validation - 123 : F1 Precision 0.6582965727858839, F1 Precision 0.5987146970095766, F1 Precision 0.7479340513874496

2025-02-26 17:54:01,830 - server - /home/marcuswrrn/Projects/Federated-Learning/src/coordination/server/validation.py - validation - 131 : AUC Precision 0.0, AUC Precision 0.0, AUC Precision 0.0

2025-02-26 17:54:01,855 - server - /home/marcuswrrn/Projects/Federated-Learning/src/coordination/server/aggregation.py - check_database - 79 : Checking if done training (max round hit)
2025-02-26 17:54:01,855 - server - /home/marcuswrrn/Projects/Federated-Learning/src/coordination/server/aggregation.py - check_database - 80 : current round: 5, current + 1 : 6. max : 10
2025-02-26 17:54:01,896 - server - /home/marcuswrrn/Projects/Federated-Learning/src/coordination/server/aggregation.py - check_database - 90 : Starting training round 6
2025-02-26 17:54:15,598 - server - /home/marcuswrrn/Projects/Federated-Learning/src/coordination/server/server.py - get_model - 18 : Getting model to /home/marcuswrrn/Projects/Federated-Learning/src/coordination/instance/super_round_13/training_round_6/f3b2eaae2e2d488ae7b2dd0341a129d1.pth
2025-02-26 17:54:27,880 - server - /home/marcuswrrn/Projects/Federated-Learning/src/coordination/server/server.py - upload_model - 35 : Received client model from : 3e650d3bda9f3da6546272b60f552360
2025-02-26 17:54:31,926 - server - /home/marcuswrrn/Projects/Federated-Learning/src/coordination/server/aggregation.py - check_database - 19 : Training round : 6
2025-02-26 17:54:31,926 - server - /home/marcuswrrn/Projects/Federated-Learning/src/coordination/server/aggregation.py - check_database - 30 : Aggregating
2025-02-26 17:54:31,972 - server - /home/marcuswrrn/Projects/Federated-Learning/src/coordination/server/aggregation.py - check_database - 44 : Loading Client ID : 3e650d3bda9f3da6546272b60f552360 . Loading file /home/marcuswrrn/Projects/Federated-Learning/src/coordination/instance/super_round_13/training_round_6/client_models/3e650d3bda9f3da6546272b60f552360.pth
2025-02-26 17:54:32,098 - server - /home/marcuswrrn/Projects/Federated-Learning/src/coordination/server/validation.py - validation - 41 : Running validation ...
2025-02-26 17:54:39,979 - server - /home/marcuswrrn/Projects/Federated-Learning/src/coordination/server/validation.py - validation - 97 : Accuracy: 0.5415676959619953,
2025-02-26 17:54:39,979 - server - /home/marcuswrrn/Projects/Federated-Learning/src/coordination/server/validation.py - validation - 108 : Micro Recall 0.5415676959619953, Macro Recall 0.6213807225731904, Weighted Recall 0.6614315555018434

2025-02-26 17:54:39,979 - server - /home/marcuswrrn/Projects/Federated-Learning/src/coordination/server/validation.py - validation - 116 : Micro Precision 0.5415676959619953, Macro Precision 0.5373582249048785, Weighted Precision 0.8583000053629314

2025-02-26 17:54:39,979 - server - /home/marcuswrrn/Projects/Federated-Learning/src/coordination/server/validation.py - validation - 123 : F1 Precision 0.5415676959619953, F1 Precision 0.45569789287042317, F1 Precision 0.5717383037551982

2025-02-26 17:54:39,979 - server - /home/marcuswrrn/Projects/Federated-Learning/src/coordination/server/validation.py - validation - 131 : AUC Precision 0.0, AUC Precision 0.0, AUC Precision 0.0

2025-02-26 17:54:39,999 - server - /home/marcuswrrn/Projects/Federated-Learning/src/coordination/server/aggregation.py - check_database - 79 : Checking if done training (max round hit)
2025-02-26 17:54:40,000 - server - /home/marcuswrrn/Projects/Federated-Learning/src/coordination/server/aggregation.py - check_database - 80 : current round: 6, current + 1 : 7. max : 10
2025-02-26 17:54:40,041 - server - /home/marcuswrrn/Projects/Federated-Learning/src/coordination/server/aggregation.py - check_database - 90 : Starting training round 7
2025-02-26 17:54:57,951 - server - /home/marcuswrrn/Projects/Federated-Learning/src/coordination/server/server.py - get_model - 18 : Getting model to /home/marcuswrrn/Projects/Federated-Learning/src/coordination/instance/super_round_13/training_round_7/c4d71993a2e17a411da614c2f49ad021.pth
2025-02-26 17:55:10,071 - server - /home/marcuswrrn/Projects/Federated-Learning/src/coordination/server/aggregation.py - check_database - 19 : Training round : 7
2025-02-26 17:55:10,141 - server - /home/marcuswrrn/Projects/Federated-Learning/src/coordination/server/server.py - upload_model - 35 : Received client model from : 3e650d3bda9f3da6546272b60f552360
2025-02-26 17:55:40,102 - server - /home/marcuswrrn/Projects/Federated-Learning/src/coordination/server/aggregation.py - check_database - 19 : Training round : 7
2025-02-26 17:55:40,103 - server - /home/marcuswrrn/Projects/Federated-Learning/src/coordination/server/aggregation.py - check_database - 30 : Aggregating
2025-02-26 17:55:40,150 - server - /home/marcuswrrn/Projects/Federated-Learning/src/coordination/server/aggregation.py - check_database - 44 : Loading Client ID : 3e650d3bda9f3da6546272b60f552360 . Loading file /home/marcuswrrn/Projects/Federated-Learning/src/coordination/instance/super_round_13/training_round_7/client_models/3e650d3bda9f3da6546272b60f552360.pth
2025-02-26 17:55:40,273 - server - /home/marcuswrrn/Projects/Federated-Learning/src/coordination/server/validation.py - validation - 41 : Running validation ...
2025-02-26 17:55:47,204 - server - /home/marcuswrrn/Projects/Federated-Learning/src/coordination/server/validation.py - validation - 97 : Accuracy: 0.6230064472344757,
2025-02-26 17:55:47,204 - server - /home/marcuswrrn/Projects/Federated-Learning/src/coordination/server/validation.py - validation - 108 : Micro Recall 0.6230064472344757, Macro Recall 0.5108574811254816, Weighted Recall 0.6731961233574355

2025-02-26 17:55:47,204 - server - /home/marcuswrrn/Projects/Federated-Learning/src/coordination/server/validation.py - validation - 116 : Micro Precision 0.6230064472344757, Macro Precision 0.6179122352692181, Weighted Precision 0.9068255545273645

2025-02-26 17:55:47,204 - server - /home/marcuswrrn/Projects/Federated-Learning/src/coordination/server/validation.py - validation - 123 : F1 Precision 0.6230064472344757, F1 Precision 0.5189422175640067, F1 Precision 0.8072367464265532

2025-02-26 17:55:47,204 - server - /home/marcuswrrn/Projects/Federated-Learning/src/coordination/server/validation.py - validation - 131 : AUC Precision 0.0, AUC Precision 0.0, AUC Precision 0.0

2025-02-26 17:55:47,225 - server - /home/marcuswrrn/Projects/Federated-Learning/src/coordination/server/aggregation.py - check_database - 79 : Checking if done training (max round hit)
2025-02-26 17:55:47,225 - server - /home/marcuswrrn/Projects/Federated-Learning/src/coordination/server/aggregation.py - check_database - 80 : current round: 7, current + 1 : 8. max : 10
2025-02-26 17:55:47,271 - server - /home/marcuswrrn/Projects/Federated-Learning/src/coordination/server/aggregation.py - check_database - 90 : Starting training round 8
2025-02-26 17:56:10,241 - server - /home/marcuswrrn/Projects/Federated-Learning/src/coordination/server/server.py - get_model - 18 : Getting model to /home/marcuswrrn/Projects/Federated-Learning/src/coordination/instance/super_round_13/training_round_8/3aa972fae7b13aa6f5891e644092caa8.pth
2025-02-26 17:56:17,305 - server - /home/marcuswrrn/Projects/Federated-Learning/src/coordination/server/aggregation.py - check_database - 19 : Training round : 8
2025-02-26 17:56:22,361 - server - /home/marcuswrrn/Projects/Federated-Learning/src/coordination/server/server.py - upload_model - 35 : Received client model from : 3e650d3bda9f3da6546272b60f552360
2025-02-26 17:56:47,314 - server - /home/marcuswrrn/Projects/Federated-Learning/src/coordination/server/aggregation.py - check_database - 19 : Training round : 8
2025-02-26 17:56:47,315 - server - /home/marcuswrrn/Projects/Federated-Learning/src/coordination/server/aggregation.py - check_database - 30 : Aggregating
2025-02-26 17:56:47,362 - server - /home/marcuswrrn/Projects/Federated-Learning/src/coordination/server/aggregation.py - check_database - 44 : Loading Client ID : 3e650d3bda9f3da6546272b60f552360 . Loading file /home/marcuswrrn/Projects/Federated-Learning/src/coordination/instance/super_round_13/training_round_8/client_models/3e650d3bda9f3da6546272b60f552360.pth
2025-02-26 17:56:47,484 - server - /home/marcuswrrn/Projects/Federated-Learning/src/coordination/server/validation.py - validation - 41 : Running validation ...
2025-02-26 17:56:54,438 - server - /home/marcuswrrn/Projects/Federated-Learning/src/coordination/server/validation.py - validation - 97 : Accuracy: 0.6413301662707839,
2025-02-26 17:56:54,438 - server - /home/marcuswrrn/Projects/Federated-Learning/src/coordination/server/validation.py - validation - 108 : Micro Recall 0.6413301662707839, Macro Recall 0.6666446149316627, Weighted Recall 0.761606028620137

2025-02-26 17:56:54,438 - server - /home/marcuswrrn/Projects/Federated-Learning/src/coordination/server/validation.py - validation - 116 : Micro Precision 0.6413301662707839, Macro Precision 0.6521461401458089, Weighted Precision 0.8668579682012892

2025-02-26 17:56:54,438 - server - /home/marcuswrrn/Projects/Federated-Learning/src/coordination/server/validation.py - validation - 123 : F1 Precision 0.6413301662707839, F1 Precision 0.6053513363243129, F1 Precision 0.7429858203992271

2025-02-26 17:56:54,439 - server - /home/marcuswrrn/Projects/Federated-Learning/src/coordination/server/validation.py - validation - 131 : AUC Precision 0.0, AUC Precision 0.0, AUC Precision 0.0

2025-02-26 17:56:54,461 - server - /home/marcuswrrn/Projects/Federated-Learning/src/coordination/server/aggregation.py - check_database - 79 : Checking if done training (max round hit)
2025-02-26 17:56:54,461 - server - /home/marcuswrrn/Projects/Federated-Learning/src/coordination/server/aggregation.py - check_database - 80 : current round: 8, current + 1 : 9. max : 10
2025-02-26 17:56:54,501 - server - /home/marcuswrrn/Projects/Federated-Learning/src/coordination/server/aggregation.py - check_database - 90 : Starting training round 9
2025-02-26 17:57:22,436 - server - /home/marcuswrrn/Projects/Federated-Learning/src/coordination/server/server.py - get_model - 18 : Getting model to /home/marcuswrrn/Projects/Federated-Learning/src/coordination/instance/super_round_13/training_round_9/b342cbab13ce5d3b13920fff19a225bf.pth
2025-02-26 17:57:24,519 - server - /home/marcuswrrn/Projects/Federated-Learning/src/coordination/server/aggregation.py - check_database - 19 : Training round : 9
2025-02-26 17:57:34,926 - server - /home/marcuswrrn/Projects/Federated-Learning/src/coordination/server/server.py - upload_model - 35 : Received client model from : 3e650d3bda9f3da6546272b60f552360
2025-02-26 17:57:54,543 - server - /home/marcuswrrn/Projects/Federated-Learning/src/coordination/server/aggregation.py - check_database - 19 : Training round : 9
2025-02-26 17:57:54,544 - server - /home/marcuswrrn/Projects/Federated-Learning/src/coordination/server/aggregation.py - check_database - 30 : Aggregating
2025-02-26 17:57:54,591 - server - /home/marcuswrrn/Projects/Federated-Learning/src/coordination/server/aggregation.py - check_database - 44 : Loading Client ID : 3e650d3bda9f3da6546272b60f552360 . Loading file /home/marcuswrrn/Projects/Federated-Learning/src/coordination/instance/super_round_13/training_round_9/client_models/3e650d3bda9f3da6546272b60f552360.pth
2025-02-26 17:57:54,715 - server - /home/marcuswrrn/Projects/Federated-Learning/src/coordination/server/validation.py - validation - 41 : Running validation ...
2025-02-26 17:58:00,877 - server - /home/marcuswrrn/Projects/Federated-Learning/src/coordination/server/validation.py - validation - 97 : Accuracy: 0.5632846963013234,
2025-02-26 17:58:00,877 - server - /home/marcuswrrn/Projects/Federated-Learning/src/coordination/server/validation.py - validation - 108 : Micro Recall 0.5632846963013234, Macro Recall 0.7792564913058397, Weighted Recall 0.6627408394004837

2025-02-26 17:58:00,877 - server - /home/marcuswrrn/Projects/Federated-Learning/src/coordination/server/validation.py - validation - 116 : Micro Precision 0.5632846963013234, Macro Precision 0.5592999929834079, Weighted Precision 0.891656029387297

2025-02-26 17:58:00,877 - server - /home/marcuswrrn/Projects/Federated-Learning/src/coordination/server/validation.py - validation - 123 : F1 Precision 0.5632846963013234, F1 Precision 0.4702329740827286, F1 Precision 0.4750818491718633

2025-02-26 17:58:00,877 - server - /home/marcuswrrn/Projects/Federated-Learning/src/coordination/server/validation.py - validation - 131 : AUC Precision 0.0, AUC Precision 0.0, AUC Precision 0.0

2025-02-26 17:58:00,900 - server - /home/marcuswrrn/Projects/Federated-Learning/src/coordination/server/aggregation.py - check_database - 79 : Checking if done training (max round hit)
2025-02-26 17:58:00,901 - server - /home/marcuswrrn/Projects/Federated-Learning/src/coordination/server/aggregation.py - check_database - 80 : current round: 9, current + 1 : 10. max : 10
2025-02-26 17:58:00,943 - server - /home/marcuswrrn/Projects/Federated-Learning/src/coordination/server/aggregation.py - check_database - 90 : Starting training round 10
2025-02-26 17:58:05,007 - server - /home/marcuswrrn/Projects/Federated-Learning/src/coordination/server/server.py - get_model - 18 : Getting model to /home/marcuswrrn/Projects/Federated-Learning/src/coordination/instance/super_round_13/training_round_10/90ec9442180001d3653c68fc2efe0b2f.pth
2025-02-26 17:58:17,570 - server - /home/marcuswrrn/Projects/Federated-Learning/src/coordination/server/server.py - upload_model - 35 : Received client model from : 3e650d3bda9f3da6546272b60f552360
2025-02-26 17:58:30,948 - server - /home/marcuswrrn/Projects/Federated-Learning/src/coordination/server/aggregation.py - check_database - 19 : Training round : 10
2025-02-26 17:58:30,948 - server - /home/marcuswrrn/Projects/Federated-Learning/src/coordination/server/aggregation.py - check_database - 30 : Aggregating
2025-02-26 17:58:31,004 - server - /home/marcuswrrn/Projects/Federated-Learning/src/coordination/server/aggregation.py - check_database - 44 : Loading Client ID : 3e650d3bda9f3da6546272b60f552360 . Loading file /home/marcuswrrn/Projects/Federated-Learning/src/coordination/instance/super_round_13/training_round_10/client_models/3e650d3bda9f3da6546272b60f552360.pth
2025-02-26 17:58:31,131 - server - /home/marcuswrrn/Projects/Federated-Learning/src/coordination/server/validation.py - validation - 41 : Running validation ...
2025-02-26 17:58:37,541 - server - /home/marcuswrrn/Projects/Federated-Learning/src/coordination/server/validation.py - validation - 97 : Accuracy: 0.7108924329826942,
2025-02-26 17:58:37,541 - server - /home/marcuswrrn/Projects/Federated-Learning/src/coordination/server/validation.py - validation - 108 : Micro Recall 0.7108924329826942, Macro Recall 0.8030321953566649, Weighted Recall 0.7686910001916053

2025-02-26 17:58:37,541 - server - /home/marcuswrrn/Projects/Federated-Learning/src/coordination/server/validation.py - validation - 116 : Micro Precision 0.7108924329826942, Macro Precision 0.7097569098662203, Weighted Precision 0.7730092328967305

2025-02-26 17:58:37,541 - server - /home/marcuswrrn/Projects/Federated-Learning/src/coordination/server/validation.py - validation - 123 : F1 Precision 0.7108924329826942, F1 Precision 0.7095721997589203, F1 Precision 0.680746562178556

2025-02-26 17:58:37,542 - server - /home/marcuswrrn/Projects/Federated-Learning/src/coordination/server/validation.py - validation - 131 : AUC Precision 0.0, AUC Precision 0.0, AUC Precision 0.0

2025-02-26 17:58:37,563 - server - /home/marcuswrrn/Projects/Federated-Learning/src/coordination/server/aggregation.py - check_database - 79 : Checking if done training (max round hit)
2025-02-26 17:58:37,563 - server - /home/marcuswrrn/Projects/Federated-Learning/src/coordination/server/aggregation.py - check_database - 80 : current round: 10, current + 1 : 11. max : 10
2025-02-26 17:58:37,563 - server - /home/marcuswrrn/Projects/Federated-Learning/src/coordination/server/aggregation.py - check_database - 92 : Max rounds has been hit. Training done
2025-02-27 12:18:47,106 - server - /home/marcuswrrn/Projects/Federated-Learning/src/coordination/server/__init__.py - create_app - 25 : Starting up server
2025-02-27 12:18:47,106 - server - /home/marcuswrrn/Projects/Federated-Learning/src/coordination/server/__init__.py - create_app - 31 : Database path : /home/marcuswrrn/Projects/Federated-Learning/src/coordination/instance/db.sqlite
2025-02-27 12:18:47,108 - server - /home/marcuswrrn/Projects/Federated-Learning/src/coordination/server/__init__.py - create_app - 47 : Map([<Rule '/static/<filename>' (OPTIONS, GET, HEAD) -> static>,
 <Rule '/training/get_model/<model_id>' (OPTIONS, GET, HEAD) -> training.get_model>,
 <Rule '/training/upload-model' (OPTIONS, POST) -> training.upload_model>,
 <Rule '/training/display_models' (OPTIONS, GET, HEAD) -> training.display>,
 <Rule '/training/ping' (OPTIONS, POST) -> training.ping_server>,
 <Rule '/training/initialize' (OPTIONS, POST) -> training.init_training>,
 <Rule '/training/shutdown' (OPTIONS, POST) -> training.shutdown>,
 <Rule '/training/connect_test' (OPTIONS, GET, HEAD, POST) -> training.connected>,
 <Rule '/view/models/<super_round>' (OPTIONS, GET, HEAD) -> view.models>,
 <Rule '/view/current_round' (OPTIONS, GET, HEAD) -> view.current_round>,
 <Rule '/view/' (OPTIONS, GET, HEAD) -> view.home>])
2025-02-27 12:18:47,108 - server - /home/marcuswrrn/Projects/Federated-Learning/src/coordination/server/aggregation.py - check_database - 11 : Starting database check
2025-02-27 12:19:51,884 - server - /home/marcuswrrn/Projects/Federated-Learning/src/coordination/server/server.py - init_training - 106 : New Super round
2025-02-27 12:19:51,885 - server - /home/marcuswrrn/Projects/Federated-Learning/src/coordination/server/server.py - init_training - 107 : Start training
2025-02-27 12:19:51,896 - server - /home/marcuswrrn/Projects/Federated-Learning/src/coordination/server/server.py - init_training - 126 : Round initializer
2025-02-27 12:19:51,905 - server - /home/marcuswrrn/Projects/Federated-Learning/src/coordination/server/aggregation.py - check_database - 19 : Training round : 1
2025-02-27 12:20:21,936 - server - /home/marcuswrrn/Projects/Federated-Learning/src/coordination/server/aggregation.py - check_database - 19 : Training round : 1
2025-02-27 12:20:49,426 - server - /home/marcuswrrn/Projects/Federated-Learning/src/coordination/server/server.py - get_model - 18 : Getting model to /home/marcuswrrn/Projects/Federated-Learning/src/coordination/instance/super_round_14/training_round_1/53e934ebc7542d4521525c8438707ee0.pth
2025-02-27 12:20:51,967 - server - /home/marcuswrrn/Projects/Federated-Learning/src/coordination/server/aggregation.py - check_database - 19 : Training round : 1
2025-02-27 12:21:05,641 - server - /home/marcuswrrn/Projects/Federated-Learning/src/coordination/server/server.py - upload_model - 35 : Received client model from : 3e650d3bda9f3da6546272b60f552360
2025-02-27 12:21:21,987 - server - /home/marcuswrrn/Projects/Federated-Learning/src/coordination/server/aggregation.py - check_database - 19 : Training round : 1
2025-02-27 12:21:21,987 - server - /home/marcuswrrn/Projects/Federated-Learning/src/coordination/server/aggregation.py - check_database - 30 : Aggregating
2025-02-27 12:21:22,059 - server - /home/marcuswrrn/Projects/Federated-Learning/src/coordination/server/aggregation.py - check_database - 44 : Loading Client ID : 3e650d3bda9f3da6546272b60f552360 . Loading file /home/marcuswrrn/Projects/Federated-Learning/src/coordination/instance/super_round_14/training_round_1/client_models/3e650d3bda9f3da6546272b60f552360.pth
2025-02-27 12:21:22,194 - server - /home/marcuswrrn/Projects/Federated-Learning/src/coordination/server/validation.py - validation - 41 : Running validation ...
2025-02-27 12:21:31,046 - server - /home/marcuswrrn/Projects/Federated-Learning/src/coordination/server/validation.py - validation - 97 : Accuracy: 0.3691890057685782,
2025-02-27 12:21:31,046 - server - /home/marcuswrrn/Projects/Federated-Learning/src/coordination/server/validation.py - validation - 108 : Micro Recall 0.3691890057685782, Macro Recall 0.5308719828258325, Weighted Recall 0.3858531494401845

2025-02-27 12:21:31,047 - server - /home/marcuswrrn/Projects/Federated-Learning/src/coordination/server/validation.py - validation - 116 : Micro Precision 0.3691890057685782, Macro Precision 0.3898389495646719, Weighted Precision 0.8276390205311149

2025-02-27 12:21:31,047 - server - /home/marcuswrrn/Projects/Federated-Learning/src/coordination/server/validation.py - validation - 123 : F1 Precision 0.3691890057685782, F1 Precision 0.25898393977798456, F1 Precision 0.28396735631516196

2025-02-27 12:21:31,047 - server - /home/marcuswrrn/Projects/Federated-Learning/src/coordination/server/validation.py - validation - 131 : AUC Precision 0.0, AUC Precision 0.0, AUC Precision 0.0

2025-02-27 12:21:31,071 - server - /home/marcuswrrn/Projects/Federated-Learning/src/coordination/server/aggregation.py - check_database - 79 : Checking if done training (max round hit)
2025-02-27 12:21:31,071 - server - /home/marcuswrrn/Projects/Federated-Learning/src/coordination/server/aggregation.py - check_database - 80 : current round: 1, current + 1 : 2. max : 10
2025-02-27 12:21:31,111 - server - /home/marcuswrrn/Projects/Federated-Learning/src/coordination/server/aggregation.py - check_database - 90 : Starting training round 2
2025-02-27 12:21:35,701 - server - /home/marcuswrrn/Projects/Federated-Learning/src/coordination/server/server.py - get_model - 18 : Getting model to /home/marcuswrrn/Projects/Federated-Learning/src/coordination/instance/super_round_14/training_round_2/8020a542471dd39ce724eb06dd1a3181.pth
2025-02-27 12:21:50,725 - server - /home/marcuswrrn/Projects/Federated-Learning/src/coordination/server/server.py - upload_model - 35 : Received client model from : 3e650d3bda9f3da6546272b60f552360
2025-02-27 12:22:01,142 - server - /home/marcuswrrn/Projects/Federated-Learning/src/coordination/server/aggregation.py - check_database - 19 : Training round : 2
2025-02-27 12:22:01,143 - server - /home/marcuswrrn/Projects/Federated-Learning/src/coordination/server/aggregation.py - check_database - 30 : Aggregating
2025-02-27 12:22:01,211 - server - /home/marcuswrrn/Projects/Federated-Learning/src/coordination/server/aggregation.py - check_database - 44 : Loading Client ID : 3e650d3bda9f3da6546272b60f552360 . Loading file /home/marcuswrrn/Projects/Federated-Learning/src/coordination/instance/super_round_14/training_round_2/client_models/3e650d3bda9f3da6546272b60f552360.pth
2025-02-27 12:22:01,399 - server - /home/marcuswrrn/Projects/Federated-Learning/src/coordination/server/validation.py - validation - 41 : Running validation ...
2025-02-27 12:22:09,772 - server - /home/marcuswrrn/Projects/Federated-Learning/src/coordination/server/validation.py - validation - 97 : Accuracy: 0.4197488971835765,
2025-02-27 12:22:09,772 - server - /home/marcuswrrn/Projects/Federated-Learning/src/coordination/server/validation.py - validation - 108 : Micro Recall 0.4197488971835765, Macro Recall 0.23527137861094025, Weighted Recall 0.44122691808240383

2025-02-27 12:22:09,772 - server - /home/marcuswrrn/Projects/Federated-Learning/src/coordination/server/validation.py - validation - 116 : Micro Precision 0.4197488971835765, Macro Precision 0.4268761342205458, Weighted Precision 0.8862481973743407

2025-02-27 12:22:09,772 - server - /home/marcuswrrn/Projects/Federated-Learning/src/coordination/server/validation.py - validation - 123 : F1 Precision 0.4197488971835765, F1 Precision 0.29103598226874644, F1 Precision 0.8184221154786494

2025-02-27 12:22:09,772 - server - /home/marcuswrrn/Projects/Federated-Learning/src/coordination/server/validation.py - validation - 131 : AUC Precision 0.0, AUC Precision 0.0, AUC Precision 0.0

2025-02-27 12:22:09,795 - server - /home/marcuswrrn/Projects/Federated-Learning/src/coordination/server/aggregation.py - check_database - 79 : Checking if done training (max round hit)
2025-02-27 12:22:09,795 - server - /home/marcuswrrn/Projects/Federated-Learning/src/coordination/server/aggregation.py - check_database - 80 : current round: 2, current + 1 : 3. max : 10
2025-02-27 12:22:09,836 - server - /home/marcuswrrn/Projects/Federated-Learning/src/coordination/server/aggregation.py - check_database - 90 : Starting training round 3
2025-02-27 12:22:20,797 - server - /home/marcuswrrn/Projects/Federated-Learning/src/coordination/server/server.py - get_model - 18 : Getting model to /home/marcuswrrn/Projects/Federated-Learning/src/coordination/instance/super_round_14/training_round_3/e63ba23f7bd20fc31a41090034662a84.pth
2025-02-27 12:22:36,381 - server - /home/marcuswrrn/Projects/Federated-Learning/src/coordination/server/server.py - upload_model - 35 : Received client model from : 3e650d3bda9f3da6546272b60f552360
2025-02-27 12:22:39,863 - server - /home/marcuswrrn/Projects/Federated-Learning/src/coordination/server/aggregation.py - check_database - 19 : Training round : 3
2025-02-27 12:22:39,864 - server - /home/marcuswrrn/Projects/Federated-Learning/src/coordination/server/aggregation.py - check_database - 30 : Aggregating
2025-02-27 12:22:39,916 - server - /home/marcuswrrn/Projects/Federated-Learning/src/coordination/server/aggregation.py - check_database - 44 : Loading Client ID : 3e650d3bda9f3da6546272b60f552360 . Loading file /home/marcuswrrn/Projects/Federated-Learning/src/coordination/instance/super_round_14/training_round_3/client_models/3e650d3bda9f3da6546272b60f552360.pth
2025-02-27 12:22:40,038 - server - /home/marcuswrrn/Projects/Federated-Learning/src/coordination/server/validation.py - validation - 41 : Running validation ...
2025-02-27 12:22:46,765 - server - /home/marcuswrrn/Projects/Federated-Learning/src/coordination/server/validation.py - validation - 97 : Accuracy: 0.41737360027146253,
2025-02-27 12:22:46,765 - server - /home/marcuswrrn/Projects/Federated-Learning/src/coordination/server/validation.py - validation - 108 : Micro Recall 0.41737360027146253, Macro Recall 0.5441720806357753, Weighted Recall 0.48496226185410396

2025-02-27 12:22:46,765 - server - /home/marcuswrrn/Projects/Federated-Learning/src/coordination/server/validation.py - validation - 116 : Micro Precision 0.41737360027146253, Macro Precision 0.4326288291265161, Weighted Precision 0.8323107584645183

2025-02-27 12:22:46,765 - server - /home/marcuswrrn/Projects/Federated-Learning/src/coordination/server/validation.py - validation - 123 : F1 Precision 0.41737360027146253, F1 Precision 0.3353047172249781, F1 Precision 0.3933433145234908

2025-02-27 12:22:46,766 - server - /home/marcuswrrn/Projects/Federated-Learning/src/coordination/server/validation.py - validation - 131 : AUC Precision 0.0, AUC Precision 0.0, AUC Precision 0.0

2025-02-27 12:22:46,789 - server - /home/marcuswrrn/Projects/Federated-Learning/src/coordination/server/aggregation.py - check_database - 79 : Checking if done training (max round hit)
2025-02-27 12:22:46,789 - server - /home/marcuswrrn/Projects/Federated-Learning/src/coordination/server/aggregation.py - check_database - 80 : current round: 3, current + 1 : 4. max : 10
2025-02-27 12:22:46,830 - server - /home/marcuswrrn/Projects/Federated-Learning/src/coordination/server/aggregation.py - check_database - 90 : Starting training round 4
2025-02-27 12:23:06,454 - server - /home/marcuswrrn/Projects/Federated-Learning/src/coordination/server/server.py - get_model - 18 : Getting model to /home/marcuswrrn/Projects/Federated-Learning/src/coordination/instance/super_round_14/training_round_4/715f158519fc13aa177f6272befcf755.pth
2025-02-27 12:23:16,854 - server - /home/marcuswrrn/Projects/Federated-Learning/src/coordination/server/aggregation.py - check_database - 19 : Training round : 4
2025-02-27 12:23:21,857 - server - /home/marcuswrrn/Projects/Federated-Learning/src/coordination/server/server.py - upload_model - 35 : Received client model from : 3e650d3bda9f3da6546272b60f552360
2025-02-27 12:23:46,886 - server - /home/marcuswrrn/Projects/Federated-Learning/src/coordination/server/aggregation.py - check_database - 19 : Training round : 4
2025-02-27 12:23:46,886 - server - /home/marcuswrrn/Projects/Federated-Learning/src/coordination/server/aggregation.py - check_database - 30 : Aggregating
2025-02-27 12:23:46,932 - server - /home/marcuswrrn/Projects/Federated-Learning/src/coordination/server/aggregation.py - check_database - 44 : Loading Client ID : 3e650d3bda9f3da6546272b60f552360 . Loading file /home/marcuswrrn/Projects/Federated-Learning/src/coordination/instance/super_round_14/training_round_4/client_models/3e650d3bda9f3da6546272b60f552360.pth
2025-02-27 12:23:47,074 - server - /home/marcuswrrn/Projects/Federated-Learning/src/coordination/server/validation.py - validation - 41 : Running validation ...
2025-02-27 12:23:54,541 - server - /home/marcuswrrn/Projects/Federated-Learning/src/coordination/server/validation.py - validation - 97 : Accuracy: 0.4356973193077706,
2025-02-27 12:23:54,541 - server - /home/marcuswrrn/Projects/Federated-Learning/src/coordination/server/validation.py - validation - 108 : Micro Recall 0.4356973193077706, Macro Recall 0.3492453589738295, Weighted Recall 0.5423090496354447

2025-02-27 12:23:54,541 - server - /home/marcuswrrn/Projects/Federated-Learning/src/coordination/server/validation.py - validation - 116 : Micro Precision 0.4356973193077706, Macro Precision 0.4413956236455429, Weighted Precision 0.8282163493839042

2025-02-27 12:23:54,541 - server - /home/marcuswrrn/Projects/Federated-Learning/src/coordination/server/validation.py - validation - 123 : F1 Precision 0.4356973193077706, F1 Precision 0.34715671060543746, F1 Precision 0.658465391194147

2025-02-27 12:23:54,541 - server - /home/marcuswrrn/Projects/Federated-Learning/src/coordination/server/validation.py - validation - 131 : AUC Precision 0.0, AUC Precision 0.0, AUC Precision 0.0

2025-02-27 12:23:54,564 - server - /home/marcuswrrn/Projects/Federated-Learning/src/coordination/server/aggregation.py - check_database - 79 : Checking if done training (max round hit)
2025-02-27 12:23:54,564 - server - /home/marcuswrrn/Projects/Federated-Learning/src/coordination/server/aggregation.py - check_database - 80 : current round: 4, current + 1 : 5. max : 10
2025-02-27 12:23:54,605 - server - /home/marcuswrrn/Projects/Federated-Learning/src/coordination/server/aggregation.py - check_database - 90 : Starting training round 5
2025-02-27 12:24:21,931 - server - /home/marcuswrrn/Projects/Federated-Learning/src/coordination/server/server.py - get_model - 18 : Getting model to /home/marcuswrrn/Projects/Federated-Learning/src/coordination/instance/super_round_14/training_round_5/f985b7dc7c5aaf28d4b3475ed52220dc.pth
2025-02-27 12:24:24,637 - server - /home/marcuswrrn/Projects/Federated-Learning/src/coordination/server/aggregation.py - check_database - 19 : Training round : 5
2025-02-27 12:24:36,751 - server - /home/marcuswrrn/Projects/Federated-Learning/src/coordination/server/server.py - upload_model - 35 : Received client model from : 3e650d3bda9f3da6546272b60f552360
2025-02-27 12:24:54,660 - server - /home/marcuswrrn/Projects/Federated-Learning/src/coordination/server/aggregation.py - check_database - 19 : Training round : 5
2025-02-27 12:24:54,660 - server - /home/marcuswrrn/Projects/Federated-Learning/src/coordination/server/aggregation.py - check_database - 30 : Aggregating
2025-02-27 12:24:54,745 - server - /home/marcuswrrn/Projects/Federated-Learning/src/coordination/server/aggregation.py - check_database - 44 : Loading Client ID : 3e650d3bda9f3da6546272b60f552360 . Loading file /home/marcuswrrn/Projects/Federated-Learning/src/coordination/instance/super_round_14/training_round_5/client_models/3e650d3bda9f3da6546272b60f552360.pth
2025-02-27 12:24:54,897 - server - /home/marcuswrrn/Projects/Federated-Learning/src/coordination/server/validation.py - validation - 41 : Running validation ...
2025-02-27 12:25:03,601 - server - /home/marcuswrrn/Projects/Federated-Learning/src/coordination/server/validation.py - validation - 97 : Accuracy: 0.3898880217170003,
2025-02-27 12:25:03,601 - server - /home/marcuswrrn/Projects/Federated-Learning/src/coordination/server/validation.py - validation - 108 : Micro Recall 0.3898880217170003, Macro Recall 0.327661652475346, Weighted Recall 0.49648701698334374

2025-02-27 12:25:03,601 - server - /home/marcuswrrn/Projects/Federated-Learning/src/coordination/server/validation.py - validation - 116 : Micro Precision 0.3898880217170003, Macro Precision 0.38016021894519053, Weighted Precision 0.9073197567380898

2025-02-27 12:25:03,601 - server - /home/marcuswrrn/Projects/Federated-Learning/src/coordination/server/validation.py - validation - 123 : F1 Precision 0.3898880217170003, F1 Precision 0.2797850412866281, F1 Precision 0.5837111965763156

2025-02-27 12:25:03,601 - server - /home/marcuswrrn/Projects/Federated-Learning/src/coordination/server/validation.py - validation - 131 : AUC Precision 0.0, AUC Precision 0.0, AUC Precision 0.0

2025-02-27 12:25:03,624 - server - /home/marcuswrrn/Projects/Federated-Learning/src/coordination/server/aggregation.py - check_database - 79 : Checking if done training (max round hit)
2025-02-27 12:25:03,624 - server - /home/marcuswrrn/Projects/Federated-Learning/src/coordination/server/aggregation.py - check_database - 80 : current round: 5, current + 1 : 6. max : 10
2025-02-27 12:25:03,664 - server - /home/marcuswrrn/Projects/Federated-Learning/src/coordination/server/aggregation.py - check_database - 90 : Starting training round 6
2025-02-27 12:25:06,823 - server - /home/marcuswrrn/Projects/Federated-Learning/src/coordination/server/server.py - get_model - 18 : Getting model to /home/marcuswrrn/Projects/Federated-Learning/src/coordination/instance/super_round_14/training_round_6/b0ffa4cac4721faaf66197d15ed5a0c9.pth
2025-02-27 12:25:23,529 - server - /home/marcuswrrn/Projects/Federated-Learning/src/coordination/server/server.py - upload_model - 35 : Received client model from : 3e650d3bda9f3da6546272b60f552360
2025-02-27 12:25:33,695 - server - /home/marcuswrrn/Projects/Federated-Learning/src/coordination/server/aggregation.py - check_database - 19 : Training round : 6
2025-02-27 12:25:33,695 - server - /home/marcuswrrn/Projects/Federated-Learning/src/coordination/server/aggregation.py - check_database - 30 : Aggregating
2025-02-27 12:25:33,758 - server - /home/marcuswrrn/Projects/Federated-Learning/src/coordination/server/aggregation.py - check_database - 44 : Loading Client ID : 3e650d3bda9f3da6546272b60f552360 . Loading file /home/marcuswrrn/Projects/Federated-Learning/src/coordination/instance/super_round_14/training_round_6/client_models/3e650d3bda9f3da6546272b60f552360.pth
2025-02-27 12:25:33,923 - server - /home/marcuswrrn/Projects/Federated-Learning/src/coordination/server/validation.py - validation - 41 : Running validation ...
2025-02-27 12:25:41,624 - server - /home/marcuswrrn/Projects/Federated-Learning/src/coordination/server/validation.py - validation - 97 : Accuracy: 0.6450627757041059,
2025-02-27 12:25:41,624 - server - /home/marcuswrrn/Projects/Federated-Learning/src/coordination/server/validation.py - validation - 108 : Micro Recall 0.6450627757041059, Macro Recall 0.6434656836242744, Weighted Recall 0.7140693318562364

2025-02-27 12:25:41,624 - server - /home/marcuswrrn/Projects/Federated-Learning/src/coordination/server/validation.py - validation - 116 : Micro Precision 0.6450627757041059, Macro Precision 0.6434832466505199, Weighted Precision 0.9144698535761905

2025-02-27 12:25:41,624 - server - /home/marcuswrrn/Projects/Federated-Learning/src/coordination/server/validation.py - validation - 123 : F1 Precision 0.6450627757041059, F1 Precision 0.5604413563954599, F1 Precision 0.7146422878089128

2025-02-27 12:25:41,624 - server - /home/marcuswrrn/Projects/Federated-Learning/src/coordination/server/validation.py - validation - 131 : AUC Precision 0.0, AUC Precision 0.0, AUC Precision 0.0

2025-02-27 12:25:41,649 - server - /home/marcuswrrn/Projects/Federated-Learning/src/coordination/server/aggregation.py - check_database - 79 : Checking if done training (max round hit)
2025-02-27 12:25:41,649 - server - /home/marcuswrrn/Projects/Federated-Learning/src/coordination/server/aggregation.py - check_database - 80 : current round: 6, current + 1 : 7. max : 10
2025-02-27 12:25:41,687 - server - /home/marcuswrrn/Projects/Federated-Learning/src/coordination/server/aggregation.py - check_database - 90 : Starting training round 7
2025-02-27 12:25:53,598 - server - /home/marcuswrrn/Projects/Federated-Learning/src/coordination/server/server.py - get_model - 18 : Getting model to /home/marcuswrrn/Projects/Federated-Learning/src/coordination/instance/super_round_14/training_round_7/51ad54f4ee44382d92c8d2031922e5ab.pth
2025-02-27 12:26:08,431 - server - /home/marcuswrrn/Projects/Federated-Learning/src/coordination/server/server.py - upload_model - 35 : Received client model from : 3e650d3bda9f3da6546272b60f552360
2025-02-27 12:26:11,718 - server - /home/marcuswrrn/Projects/Federated-Learning/src/coordination/server/aggregation.py - check_database - 19 : Training round : 7
2025-02-27 12:26:11,718 - server - /home/marcuswrrn/Projects/Federated-Learning/src/coordination/server/aggregation.py - check_database - 30 : Aggregating
2025-02-27 12:26:11,762 - server - /home/marcuswrrn/Projects/Federated-Learning/src/coordination/server/aggregation.py - check_database - 44 : Loading Client ID : 3e650d3bda9f3da6546272b60f552360 . Loading file /home/marcuswrrn/Projects/Federated-Learning/src/coordination/instance/super_round_14/training_round_7/client_models/3e650d3bda9f3da6546272b60f552360.pth
2025-02-27 12:26:11,890 - server - /home/marcuswrrn/Projects/Federated-Learning/src/coordination/server/validation.py - validation - 41 : Running validation ...
2025-02-27 12:26:20,532 - server - /home/marcuswrrn/Projects/Federated-Learning/src/coordination/server/validation.py - validation - 97 : Accuracy: 0.47675602307431286,
2025-02-27 12:26:20,532 - server - /home/marcuswrrn/Projects/Federated-Learning/src/coordination/server/validation.py - validation - 108 : Micro Recall 0.47675602307431286, Macro Recall 0.4891367553810473, Weighted Recall 0.5790002729244327

2025-02-27 12:26:20,533 - server - /home/marcuswrrn/Projects/Federated-Learning/src/coordination/server/validation.py - validation - 116 : Micro Precision 0.47675602307431286, Macro Precision 0.4865030742190521, Weighted Precision 0.7850554668621097

2025-02-27 12:26:20,533 - server - /home/marcuswrrn/Projects/Federated-Learning/src/coordination/server/validation.py - validation - 123 : F1 Precision 0.47675602307431286, F1 Precision 0.4127971009720837, F1 Precision 0.5844369491855445

2025-02-27 12:26:20,533 - server - /home/marcuswrrn/Projects/Federated-Learning/src/coordination/server/validation.py - validation - 131 : AUC Precision 0.0, AUC Precision 0.0, AUC Precision 0.0

2025-02-27 12:26:20,556 - server - /home/marcuswrrn/Projects/Federated-Learning/src/coordination/server/aggregation.py - check_database - 79 : Checking if done training (max round hit)
2025-02-27 12:26:20,556 - server - /home/marcuswrrn/Projects/Federated-Learning/src/coordination/server/aggregation.py - check_database - 80 : current round: 7, current + 1 : 8. max : 10
2025-02-27 12:26:20,597 - server - /home/marcuswrrn/Projects/Federated-Learning/src/coordination/server/aggregation.py - check_database - 90 : Starting training round 8
2025-02-27 12:26:38,503 - server - /home/marcuswrrn/Projects/Federated-Learning/src/coordination/server/server.py - get_model - 18 : Getting model to /home/marcuswrrn/Projects/Federated-Learning/src/coordination/instance/super_round_14/training_round_8/e7ce13b555d496322a6677a1dacfcfe7.pth
2025-02-27 12:26:50,628 - server - /home/marcuswrrn/Projects/Federated-Learning/src/coordination/server/aggregation.py - check_database - 19 : Training round : 8
2025-02-27 12:26:54,429 - server - /home/marcuswrrn/Projects/Federated-Learning/src/coordination/server/server.py - upload_model - 35 : Received client model from : 3e650d3bda9f3da6546272b60f552360
2025-02-27 12:27:20,644 - server - /home/marcuswrrn/Projects/Federated-Learning/src/coordination/server/aggregation.py - check_database - 19 : Training round : 8
2025-02-27 12:27:20,644 - server - /home/marcuswrrn/Projects/Federated-Learning/src/coordination/server/aggregation.py - check_database - 30 : Aggregating
2025-02-27 12:27:20,690 - server - /home/marcuswrrn/Projects/Federated-Learning/src/coordination/server/aggregation.py - check_database - 44 : Loading Client ID : 3e650d3bda9f3da6546272b60f552360 . Loading file /home/marcuswrrn/Projects/Federated-Learning/src/coordination/instance/super_round_14/training_round_8/client_models/3e650d3bda9f3da6546272b60f552360.pth
2025-02-27 12:27:20,824 - server - /home/marcuswrrn/Projects/Federated-Learning/src/coordination/server/validation.py - validation - 41 : Running validation ...
2025-02-27 12:27:29,413 - server - /home/marcuswrrn/Projects/Federated-Learning/src/coordination/server/validation.py - validation - 97 : Accuracy: 0.5561588055649813,
2025-02-27 12:27:29,413 - server - /home/marcuswrrn/Projects/Federated-Learning/src/coordination/server/validation.py - validation - 108 : Micro Recall 0.5561588055649813, Macro Recall 0.4746495756792147, Weighted Recall 0.662238668542107

2025-02-27 12:27:29,413 - server - /home/marcuswrrn/Projects/Federated-Learning/src/coordination/server/validation.py - validation - 116 : Micro Precision 0.5561588055649813, Macro Precision 0.5490947262925913, Weighted Precision 0.9118290777640914

2025-02-27 12:27:29,413 - server - /home/marcuswrrn/Projects/Federated-Learning/src/coordination/server/validation.py - validation - 123 : F1 Precision 0.5561588055649813, F1 Precision 0.45370382979575147, F1 Precision 0.7629526757586088

2025-02-27 12:27:29,413 - server - /home/marcuswrrn/Projects/Federated-Learning/src/coordination/server/validation.py - validation - 131 : AUC Precision 0.0, AUC Precision 0.0, AUC Precision 0.0

2025-02-27 12:27:29,434 - server - /home/marcuswrrn/Projects/Federated-Learning/src/coordination/server/aggregation.py - check_database - 79 : Checking if done training (max round hit)
2025-02-27 12:27:29,434 - server - /home/marcuswrrn/Projects/Federated-Learning/src/coordination/server/aggregation.py - check_database - 80 : current round: 8, current + 1 : 9. max : 10
2025-02-27 12:27:29,474 - server - /home/marcuswrrn/Projects/Federated-Learning/src/coordination/server/aggregation.py - check_database - 90 : Starting training round 9
2025-02-27 12:27:54,496 - server - /home/marcuswrrn/Projects/Federated-Learning/src/coordination/server/server.py - get_model - 18 : Getting model to /home/marcuswrrn/Projects/Federated-Learning/src/coordination/instance/super_round_14/training_round_9/8e296e318ff9e1e03c9199f787d165fd.pth
2025-02-27 12:27:59,505 - server - /home/marcuswrrn/Projects/Federated-Learning/src/coordination/server/aggregation.py - check_database - 19 : Training round : 9
2025-02-27 12:28:08,310 - server - /home/marcuswrrn/Projects/Federated-Learning/src/coordination/server/server.py - upload_model - 35 : Received client model from : 3e650d3bda9f3da6546272b60f552360
2025-02-27 12:28:29,509 - server - /home/marcuswrrn/Projects/Federated-Learning/src/coordination/server/aggregation.py - check_database - 19 : Training round : 9
2025-02-27 12:28:29,509 - server - /home/marcuswrrn/Projects/Federated-Learning/src/coordination/server/aggregation.py - check_database - 30 : Aggregating
2025-02-27 12:28:29,552 - server - /home/marcuswrrn/Projects/Federated-Learning/src/coordination/server/aggregation.py - check_database - 44 : Loading Client ID : 3e650d3bda9f3da6546272b60f552360 . Loading file /home/marcuswrrn/Projects/Federated-Learning/src/coordination/instance/super_round_14/training_round_9/client_models/3e650d3bda9f3da6546272b60f552360.pth
2025-02-27 12:28:29,675 - server - /home/marcuswrrn/Projects/Federated-Learning/src/coordination/server/validation.py - validation - 41 : Running validation ...
2025-02-27 12:28:37,404 - server - /home/marcuswrrn/Projects/Federated-Learning/src/coordination/server/validation.py - validation - 97 : Accuracy: 0.5276552426196132,
2025-02-27 12:28:37,405 - server - /home/marcuswrrn/Projects/Federated-Learning/src/coordination/server/validation.py - validation - 108 : Micro Recall 0.5276552426196132, Macro Recall 0.5622096393918504, Weighted Recall 0.6208878336269019

2025-02-27 12:28:37,405 - server - /home/marcuswrrn/Projects/Federated-Learning/src/coordination/server/validation.py - validation - 116 : Micro Precision 0.5276552426196132, Macro Precision 0.5256353535436266, Weighted Precision 0.8165153813270275

2025-02-27 12:28:37,405 - server - /home/marcuswrrn/Projects/Federated-Learning/src/coordination/server/validation.py - validation - 123 : F1 Precision 0.5276552426196132, F1 Precision 0.448032518207655, F1 Precision 0.5790777419411093

2025-02-27 12:28:37,405 - server - /home/marcuswrrn/Projects/Federated-Learning/src/coordination/server/validation.py - validation - 131 : AUC Precision 0.0, AUC Precision 0.0, AUC Precision 0.0

2025-02-27 12:28:37,423 - server - /home/marcuswrrn/Projects/Federated-Learning/src/coordination/server/aggregation.py - check_database - 79 : Checking if done training (max round hit)
2025-02-27 12:28:37,424 - server - /home/marcuswrrn/Projects/Federated-Learning/src/coordination/server/aggregation.py - check_database - 80 : current round: 9, current + 1 : 10. max : 10
2025-02-27 12:28:37,462 - server - /home/marcuswrrn/Projects/Federated-Learning/src/coordination/server/aggregation.py - check_database - 90 : Starting training round 10
2025-02-27 12:28:38,376 - server - /home/marcuswrrn/Projects/Federated-Learning/src/coordination/server/server.py - get_model - 18 : Getting model to /home/marcuswrrn/Projects/Federated-Learning/src/coordination/instance/super_round_14/training_round_10/6a10475c1d162ac2cf388e2130790f00.pth
2025-02-27 12:28:53,948 - server - /home/marcuswrrn/Projects/Federated-Learning/src/coordination/server/server.py - upload_model - 35 : Received client model from : 3e650d3bda9f3da6546272b60f552360
2025-02-27 12:29:07,493 - server - /home/marcuswrrn/Projects/Federated-Learning/src/coordination/server/aggregation.py - check_database - 19 : Training round : 10
2025-02-27 12:29:07,493 - server - /home/marcuswrrn/Projects/Federated-Learning/src/coordination/server/aggregation.py - check_database - 30 : Aggregating
2025-02-27 12:29:07,539 - server - /home/marcuswrrn/Projects/Federated-Learning/src/coordination/server/aggregation.py - check_database - 44 : Loading Client ID : 3e650d3bda9f3da6546272b60f552360 . Loading file /home/marcuswrrn/Projects/Federated-Learning/src/coordination/instance/super_round_14/training_round_10/client_models/3e650d3bda9f3da6546272b60f552360.pth
2025-02-27 12:29:07,649 - server - /home/marcuswrrn/Projects/Federated-Learning/src/coordination/server/validation.py - validation - 41 : Running validation ...
2025-02-27 12:29:15,252 - server - /home/marcuswrrn/Projects/Federated-Learning/src/coordination/server/validation.py - validation - 97 : Accuracy: 0.7074991516796743,
2025-02-27 12:29:15,252 - server - /home/marcuswrrn/Projects/Federated-Learning/src/coordination/server/validation.py - validation - 108 : Micro Recall 0.7074991516796743, Macro Recall 0.6542324121909152, Weighted Recall 0.7680991258538218

2025-02-27 12:29:15,252 - server - /home/marcuswrrn/Projects/Federated-Learning/src/coordination/server/validation.py - validation - 116 : Micro Precision 0.7074991516796743, Macro Precision 0.7116875258811951, Weighted Precision 0.8938320716536295

2025-02-27 12:29:15,252 - server - /home/marcuswrrn/Projects/Federated-Learning/src/coordination/server/validation.py - validation - 123 : F1 Precision 0.7074991516796741, F1 Precision 0.6558846004029262, F1 Precision 0.8360923176286451

2025-02-27 12:29:15,252 - server - /home/marcuswrrn/Projects/Federated-Learning/src/coordination/server/validation.py - validation - 131 : AUC Precision 0.0, AUC Precision 0.0, AUC Precision 0.0

2025-02-27 12:29:15,266 - server - /home/marcuswrrn/Projects/Federated-Learning/src/coordination/server/aggregation.py - check_database - 79 : Checking if done training (max round hit)
2025-02-27 12:29:15,266 - server - /home/marcuswrrn/Projects/Federated-Learning/src/coordination/server/aggregation.py - check_database - 80 : current round: 10, current + 1 : 11. max : 10
2025-02-27 12:29:15,267 - server - /home/marcuswrrn/Projects/Federated-Learning/src/coordination/server/aggregation.py - check_database - 92 : Max rounds has been hit. Training done
2025-02-27 12:45:16,750 - server - /home/marcuswrrn/Projects/Federated-Learning/src/coordination/server/__init__.py - create_app - 25 : Starting up server
2025-02-27 12:45:16,750 - server - /home/marcuswrrn/Projects/Federated-Learning/src/coordination/server/__init__.py - create_app - 31 : Database path : /home/marcuswrrn/Projects/Federated-Learning/src/coordination/instance/db.sqlite
2025-02-27 12:45:16,753 - server - /home/marcuswrrn/Projects/Federated-Learning/src/coordination/server/__init__.py - create_app - 47 : Map([<Rule '/static/<filename>' (HEAD, GET, OPTIONS) -> static>,
 <Rule '/training/get_model/<model_id>' (HEAD, GET, OPTIONS) -> training.get_model>,
 <Rule '/training/upload-model' (POST, OPTIONS) -> training.upload_model>,
 <Rule '/training/display_models' (HEAD, GET, OPTIONS) -> training.display>,
 <Rule '/training/ping' (POST, OPTIONS) -> training.ping_server>,
 <Rule '/training/initialize' (POST, OPTIONS) -> training.init_training>,
 <Rule '/training/shutdown' (POST, OPTIONS) -> training.shutdown>,
 <Rule '/training/connect_test' (POST, HEAD, GET, OPTIONS) -> training.connected>,
 <Rule '/view/models/<super_round>' (HEAD, GET, OPTIONS) -> view.models>,
 <Rule '/view/current_round' (HEAD, GET, OPTIONS) -> view.current_round>,
 <Rule '/view/' (HEAD, GET, OPTIONS) -> view.home>])
2025-02-27 12:45:16,753 - server - /home/marcuswrrn/Projects/Federated-Learning/src/coordination/server/aggregation.py - check_database - 11 : Starting database check
2025-02-27 13:02:32,385 - server - /home/marcuswrrn/Projects/Federated-Learning/src/coordination/server/__init__.py - create_app - 25 : Starting up server
2025-02-27 13:02:32,385 - server - /home/marcuswrrn/Projects/Federated-Learning/src/coordination/server/__init__.py - create_app - 31 : Database path : /home/marcuswrrn/Projects/Federated-Learning/src/coordination/instance/db.sqlite
2025-02-27 13:02:32,387 - server - /home/marcuswrrn/Projects/Federated-Learning/src/coordination/server/__init__.py - create_app - 47 : Map([<Rule '/static/<filename>' (HEAD, GET, OPTIONS) -> static>,
 <Rule '/training/get_model/<model_id>' (HEAD, GET, OPTIONS) -> training.get_model>,
 <Rule '/training/upload-model' (POST, OPTIONS) -> training.upload_model>,
 <Rule '/training/display_models' (HEAD, GET, OPTIONS) -> training.display>,
 <Rule '/training/ping' (POST, OPTIONS) -> training.ping_server>,
 <Rule '/training/initialize' (POST, OPTIONS) -> training.init_training>,
 <Rule '/training/shutdown' (POST, OPTIONS) -> training.shutdown>,
 <Rule '/training/connect_test' (HEAD, GET, POST, OPTIONS) -> training.connected>,
 <Rule '/view/models/<super_round>' (HEAD, GET, OPTIONS) -> view.models>,
 <Rule '/view/current_round' (HEAD, GET, OPTIONS) -> view.current_round>,
 <Rule '/view/' (HEAD, GET, OPTIONS) -> view.home>])
2025-02-27 13:02:32,387 - server - /home/marcuswrrn/Projects/Federated-Learning/src/coordination/server/aggregation.py - check_database - 11 : Starting database check
2025-02-27 13:02:38,725 - server - /home/marcuswrrn/Projects/Federated-Learning/src/coordination/server/server.py - get_model - 18 : Getting model to None
2025-02-27 13:02:43,034 - server - /home/marcuswrrn/Projects/Federated-Learning/src/coordination/server/server.py - get_model - 18 : Getting model to None
2025-02-27 13:03:18,582 - server - /home/marcuswrrn/Projects/Federated-Learning/src/coordination/server/server.py - init_training - 106 : New Super round
2025-02-27 13:03:18,582 - server - /home/marcuswrrn/Projects/Federated-Learning/src/coordination/server/server.py - init_training - 107 : Start training
2025-02-27 13:03:18,594 - server - /home/marcuswrrn/Projects/Federated-Learning/src/coordination/server/server.py - init_training - 126 : Round initializer
2025-02-27 13:03:18,602 - server - /home/marcuswrrn/Projects/Federated-Learning/src/coordination/server/aggregation.py - check_database - 19 : Training round : 1
2025-02-27 13:03:23,754 - server - /home/marcuswrrn/Projects/Federated-Learning/src/coordination/server/server.py - get_model - 18 : Getting model to /home/marcuswrrn/Projects/Federated-Learning/src/coordination/instance/super_round_15/training_round_1/f463750d829e9d12b4c558e57700b957.pth
2025-02-27 13:03:28,051 - server - /home/marcuswrrn/Projects/Federated-Learning/src/coordination/server/server.py - get_model - 18 : Getting model to /home/marcuswrrn/Projects/Federated-Learning/src/coordination/instance/super_round_15/training_round_1/f463750d829e9d12b4c558e57700b957.pth
2025-02-27 13:03:48,601 - server - /home/marcuswrrn/Projects/Federated-Learning/src/coordination/server/server.py - upload_model - 35 : Received client model from : 3e650d3bda9f3da6546272b60f552360
2025-02-27 13:03:48,633 - server - /home/marcuswrrn/Projects/Federated-Learning/src/coordination/server/aggregation.py - check_database - 19 : Training round : 1
2025-02-27 13:03:48,633 - server - /home/marcuswrrn/Projects/Federated-Learning/src/coordination/server/aggregation.py - check_database - 30 : Aggregating
2025-02-27 13:03:48,716 - server - /home/marcuswrrn/Projects/Federated-Learning/src/coordination/server/aggregation.py - check_database - 44 : Loading Client ID : 3e650d3bda9f3da6546272b60f552360 . Loading file /home/marcuswrrn/Projects/Federated-Learning/src/coordination/instance/super_round_15/training_round_1/client_models/3e650d3bda9f3da6546272b60f552360.pth
2025-02-27 13:03:48,853 - server - /home/marcuswrrn/Projects/Federated-Learning/src/coordination/server/validation.py - validation - 41 : Running validation ...
2025-02-27 13:03:58,231 - server - /home/marcuswrrn/Projects/Federated-Learning/src/coordination/server/validation.py - validation - 97 : Accuracy: 0.3233797081778079,
2025-02-27 13:03:58,231 - server - /home/marcuswrrn/Projects/Federated-Learning/src/coordination/server/validation.py - validation - 108 : Micro Recall 0.3233797081778079, Macro Recall 0.2056574244040779, Weighted Recall 0.3327931445889794

2025-02-27 13:03:58,231 - server - /home/marcuswrrn/Projects/Federated-Learning/src/coordination/server/validation.py - validation - 116 : Micro Precision 0.3233797081778079, Macro Precision 0.3460203461811351, Weighted Precision 0.92594626977297

2025-02-27 13:03:58,231 - server - /home/marcuswrrn/Projects/Federated-Learning/src/coordination/server/validation.py - validation - 123 : F1 Precision 0.3233797081778079, F1 Precision 0.19021686495068602, F1 Precision 0.5546639595236925

2025-02-27 13:03:58,231 - server - /home/marcuswrrn/Projects/Federated-Learning/src/coordination/server/validation.py - validation - 131 : AUC Precision 0.0, AUC Precision 0.0, AUC Precision 0.0

2025-02-27 13:03:58,251 - server - /home/marcuswrrn/Projects/Federated-Learning/src/coordination/server/aggregation.py - check_database - 79 : Checking if done training (max round hit)
2025-02-27 13:03:58,251 - server - /home/marcuswrrn/Projects/Federated-Learning/src/coordination/server/aggregation.py - check_database - 80 : current round: 1, current + 1 : 2. max : 10
2025-02-27 13:03:58,295 - server - /home/marcuswrrn/Projects/Federated-Learning/src/coordination/server/aggregation.py - check_database - 90 : Starting training round 2
2025-02-27 13:04:01,046 - server - /home/marcuswrrn/Projects/Federated-Learning/src/coordination/server/server.py - get_model - 18 : Getting model to /home/marcuswrrn/Projects/Federated-Learning/src/coordination/instance/super_round_15/training_round_2/3d7d925c8f7dcade6ce169ae968879f7.pth
2025-02-27 13:04:17,715 - server - /home/marcuswrrn/Projects/Federated-Learning/src/coordination/server/server.py - upload_model - 35 : Received client model from : 5ff05c8410451f90560ba27c614d22f1
2025-02-27 13:04:18,708 - server - /home/marcuswrrn/Projects/Federated-Learning/src/coordination/server/server.py - get_model - 18 : Getting model to /home/marcuswrrn/Projects/Federated-Learning/src/coordination/instance/super_round_15/training_round_2/3d7d925c8f7dcade6ce169ae968879f7.pth
2025-02-27 13:04:28,327 - server - /home/marcuswrrn/Projects/Federated-Learning/src/coordination/server/aggregation.py - check_database - 19 : Training round : 2
2025-02-27 13:04:28,328 - server - /home/marcuswrrn/Projects/Federated-Learning/src/coordination/server/aggregation.py - check_database - 30 : Aggregating
2025-02-27 13:04:28,447 - server - /home/marcuswrrn/Projects/Federated-Learning/src/coordination/server/aggregation.py - check_database - 44 : Loading Client ID : 5ff05c8410451f90560ba27c614d22f1 . Loading file /home/marcuswrrn/Projects/Federated-Learning/src/coordination/instance/super_round_15/training_round_2/client_models/5ff05c8410451f90560ba27c614d22f1.pth
2025-02-27 13:04:28,756 - server - /home/marcuswrrn/Projects/Federated-Learning/src/coordination/server/validation.py - validation - 41 : Running validation ...
2025-02-27 13:04:34,937 - server - /home/marcuswrrn/Projects/Federated-Learning/src/coordination/server/server.py - upload_model - 35 : Received client model from : 3e650d3bda9f3da6546272b60f552360
2025-02-27 13:04:41,485 - server - /home/marcuswrrn/Projects/Federated-Learning/src/coordination/server/validation.py - validation - 97 : Accuracy: 0.4845605700712589,
2025-02-27 13:04:41,486 - server - /home/marcuswrrn/Projects/Federated-Learning/src/coordination/server/validation.py - validation - 108 : Micro Recall 0.4845605700712589, Macro Recall 0.45159138125906856, Weighted Recall 0.5379922249728626

2025-02-27 13:04:41,486 - server - /home/marcuswrrn/Projects/Federated-Learning/src/coordination/server/validation.py - validation - 116 : Micro Precision 0.4845605700712589, Macro Precision 0.4845971325628773, Weighted Precision 0.7117161591549642

2025-02-27 13:04:41,486 - server - /home/marcuswrrn/Projects/Federated-Learning/src/coordination/server/validation.py - validation - 123 : F1 Precision 0.4845605700712589, F1 Precision 0.42304469329061617, F1 Precision 0.5804611146757255

2025-02-27 13:04:41,486 - server - /home/marcuswrrn/Projects/Federated-Learning/src/coordination/server/validation.py - validation - 131 : AUC Precision 0.0, AUC Precision 0.0, AUC Precision 0.0

2025-02-27 13:04:41,510 - server - /home/marcuswrrn/Projects/Federated-Learning/src/coordination/server/aggregation.py - check_database - 79 : Checking if done training (max round hit)
2025-02-27 13:04:41,510 - server - /home/marcuswrrn/Projects/Federated-Learning/src/coordination/server/aggregation.py - check_database - 80 : current round: 2, current + 1 : 3. max : 10
2025-02-27 13:04:41,555 - server - /home/marcuswrrn/Projects/Federated-Learning/src/coordination/server/aggregation.py - check_database - 90 : Starting training round 3
2025-02-27 13:04:47,791 - server - /home/marcuswrrn/Projects/Federated-Learning/src/coordination/server/server.py - get_model - 18 : Getting model to /home/marcuswrrn/Projects/Federated-Learning/src/coordination/instance/super_round_15/training_round_3/124996442bebbcd8f6a4e4dc6d4782a9.pth
